{
  "R": {
    "precision": 0.6395348837209303,
    "recall": 0.7189542483660131,
    "f1-score": 0.676923076923077,
    "support": 153.0
  },
  "C": {
    "precision": 0.5576923076923077,
    "recall": 0.5087719298245614,
    "f1-score": 0.5321100917431193,
    "support": 114.0
  },
  "V": {
    "precision": 0.6551724137931034,
    "recall": 0.5757575757575758,
    "f1-score": 0.6129032258064515,
    "support": 66.0
  },
  "X": {
    "precision": 0.5714285714285714,
    "recall": 0.56,
    "f1-score": 0.5656565656565656,
    "support": 50.0
  },
  "accuracy": 0.6109660574412533,
  "macro avg": {
    "precision": 0.6059570441587282,
    "recall": 0.5908709384870375,
    "f1-score": 0.5968982400323034,
    "support": 383.0
  },
  "weighted avg": {
    "precision": 0.6089779847728428,
    "recall": 0.6109660574412533,
    "f1-score": 0.60826167732115,
    "support": 383.0
  }
}