{
  "R": {
    "precision": 0.5896860986547086,
    "recall": 0.7804154302670623,
    "f1-score": 0.6717752234993615,
    "support": 337.0
  },
  "C": {
    "precision": 0.6521739130434783,
    "recall": 0.4032258064516129,
    "f1-score": 0.49833887043189373,
    "support": 186.0
  },
  "V": {
    "precision": 0.8098591549295775,
    "recall": 0.5424528301886793,
    "f1-score": 0.6497175141242939,
    "support": 212.0
  },
  "X": {
    "precision": 0.7202797202797203,
    "recall": 0.9279279279279279,
    "f1-score": 0.8110236220472441,
    "support": 111.0
  },
  "accuracy": 0.6572104018912529,
  "macro avg": {
    "precision": 0.6929997217268712,
    "recall": 0.6635054987088206,
    "f1-score": 0.6577138075256983,
    "support": 846.0
  },
  "weighted avg": {
    "precision": 0.6757325684028879,
    "recall": 0.6572104018912529,
    "f1-score": 0.6463865428619521,
    "support": 846.0
  }
}