{
  "R": {
    "precision": 0.7586206896551724,
    "recall": 0.7189542483660131,
    "f1-score": 0.738255033557047,
    "support": 153.0
  },
  "C": {
    "precision": 0.6115702479338843,
    "recall": 0.6491228070175439,
    "f1-score": 0.6297872340425532,
    "support": 114.0
  },
  "V": {
    "precision": 0.6666666666666666,
    "recall": 0.8181818181818182,
    "f1-score": 0.7346938775510203,
    "support": 66.0
  },
  "X": {
    "precision": 1.0,
    "recall": 0.72,
    "f1-score": 0.8372093023255813,
    "support": 50.0
  },
  "accuracy": 0.7154046997389034,
  "macro avg": {
    "precision": 0.7592144010639308,
    "recall": 0.7265647183913437,
    "f1-score": 0.7349863618690504,
    "support": 383.0
  },
  "weighted avg": {
    "precision": 0.7305169028242929,
    "recall": 0.7154046997389034,
    "f1-score": 0.7182742189287876,
    "support": 383.0
  }
}