{
  "R": {
    "precision": 0.5584415584415584,
    "recall": 0.5620915032679739,
    "f1-score": 0.5602605863192183,
    "support": 153.0
  },
  "C": {
    "precision": 0.5067567567567568,
    "recall": 0.6578947368421053,
    "f1-score": 0.5725190839694657,
    "support": 114.0
  },
  "V": {
    "precision": 0.6153846153846154,
    "recall": 0.48484848484848486,
    "f1-score": 0.5423728813559322,
    "support": 66.0
  },
  "X": {
    "precision": 1.0,
    "recall": 0.58,
    "f1-score": 0.7341772151898733,
    "support": 50.0
  },
  "accuracy": 0.5796344647519582,
  "macro avg": {
    "precision": 0.6701457326457326,
    "recall": 0.571208681239641,
    "f1-score": 0.6023324417086223,
    "support": 383.0
  },
  "weighted avg": {
    "precision": 0.6105149173034291,
    "recall": 0.5796344647519582,
    "f1-score": 0.5835313739121271,
    "support": 383.0
  }
}