{
  "R": {
    "precision": 0.5088495575221239,
    "recall": 0.6824925816023739,
    "f1-score": 0.5830164765525983,
    "support": 337.0
  },
  "C": {
    "precision": 0.5185185185185185,
    "recall": 0.07526881720430108,
    "f1-score": 0.13145539906103287,
    "support": 186.0
  },
  "V": {
    "precision": 0.5971563981042654,
    "recall": 0.5915492957746479,
    "f1-score": 0.5943396226415094,
    "support": 213.0
  },
  "X": {
    "precision": 0.5032258064516129,
    "recall": 0.7155963302752294,
    "f1-score": 0.5909090909090909,
    "support": 109.0
  },
  "accuracy": 0.5301775147928994,
  "macro avg": {
    "precision": 0.5319375701491301,
    "recall": 0.516226756214138,
    "f1-score": 0.47493014729105787,
    "support": 845.0
  },
  "weighted avg": {
    "precision": 0.5325120367205142,
    "recall": 0.5301775147928994,
    "f1-score": 0.4874919376985919,
    "support": 845.0
  }
}