{
  "R": {
    "precision": 0.7122302158273381,
    "recall": 0.6470588235294118,
    "f1-score": 0.678082191780822,
    "support": 153.0
  },
  "C": {
    "precision": 0.6171875,
    "recall": 0.6929824561403509,
    "f1-score": 0.6528925619834711,
    "support": 114.0
  },
  "V": {
    "precision": 0.6071428571428571,
    "recall": 0.7727272727272727,
    "f1-score": 0.68,
    "support": 66.0
  },
  "X": {
    "precision": 0.96875,
    "recall": 0.62,
    "f1-score": 0.7560975609756097,
    "support": 50.0
  },
  "accuracy": 0.6788511749347258,
  "macro avg": {
    "precision": 0.7263276432425488,
    "recall": 0.6831921380992589,
    "f1-score": 0.6917680786849757,
    "support": 383.0
  },
  "weighted avg": {
    "precision": 0.6993199127754863,
    "recall": 0.6788511749347258,
    "f1-score": 0.6810997531523811,
    "support": 383.0
  }
}