{
  "R": {
    "precision": 0.4936936936936937,
    "recall": 0.8130563798219584,
    "f1-score": 0.6143497757847534,
    "support": 337.0
  },
  "C": {
    "precision": 0.4230769230769231,
    "recall": 0.11827956989247312,
    "f1-score": 0.18487394957983194,
    "support": 186.0
  },
  "V": {
    "precision": 0.7482517482517482,
    "recall": 0.5023474178403756,
    "f1-score": 0.601123595505618,
    "support": 213.0
  },
  "X": {
    "precision": 0.8421052631578947,
    "recall": 0.7339449541284404,
    "f1-score": 0.7843137254901961,
    "support": 109.0
  },
  "accuracy": 0.5715976331360947,
  "macro avg": {
    "precision": 0.6267819070450649,
    "recall": 0.5419070804208119,
    "f1-score": 0.5461652615900998,
    "support": 845.0
  },
  "weighted avg": {
    "precision": 0.587259382874456,
    "recall": 0.5715976331360947,
    "f1-score": 0.5384046757188623,
    "support": 845.0
  }
}