{
  "R": {
    "precision": 0.6491228070175439,
    "recall": 0.7254901960784313,
    "f1-score": 0.6851851851851852,
    "support": 153.0
  },
  "C": {
    "precision": 0.575,
    "recall": 0.6052631578947368,
    "f1-score": 0.5897435897435896,
    "support": 114.0
  },
  "V": {
    "precision": 0.65,
    "recall": 0.5909090909090909,
    "f1-score": 0.6190476190476191,
    "support": 66.0
  },
  "X": {
    "precision": 1.0,
    "recall": 0.64,
    "f1-score": 0.7804878048780487,
    "support": 50.0
  },
  "accuracy": 0.6553524804177546,
  "macro avg": {
    "precision": 0.7185307017543859,
    "recall": 0.6404156112205648,
    "f1-score": 0.6686160497136107,
    "support": 383.0
  },
  "weighted avg": {
    "precision": 0.6730177270853374,
    "recall": 0.6553524804177546,
    "f1-score": 0.6578215030421616,
    "support": 383.0
  }
}