{
  "R": {
    "precision": 0.7150395778364116,
    "recall": 0.8041543026706232,
    "f1-score": 0.7569832402234636,
    "support": 337.0
  },
  "C": {
    "precision": 0.610738255033557,
    "recall": 0.489247311827957,
    "f1-score": 0.5432835820895523,
    "support": 186.0
  },
  "V": {
    "precision": 0.819672131147541,
    "recall": 0.7075471698113207,
    "f1-score": 0.759493670886076,
    "support": 212.0
  },
  "X": {
    "precision": 0.7555555555555555,
    "recall": 0.918918918918919,
    "f1-score": 0.8292682926829269,
    "support": 111.0
  },
  "accuracy": 0.7257683215130024,
  "macro avg": {
    "precision": 0.7252513798932663,
    "recall": 0.7299669258072049,
    "f1-score": 0.7222571964705047,
    "support": 846.0
  },
  "weighted avg": {
    "precision": 0.723643985386593,
    "recall": 0.7257683215130024,
    "f1-score": 0.7201129278246062,
    "support": 846.0
  }
}