{
  "R": {
    "precision": 0.6335078534031413,
    "recall": 0.7908496732026143,
    "f1-score": 0.7034883720930233,
    "support": 153.0
  },
  "C": {
    "precision": 0.6666666666666666,
    "recall": 0.5614035087719298,
    "f1-score": 0.6095238095238096,
    "support": 114.0
  },
  "V": {
    "precision": 0.7678571428571429,
    "recall": 0.6515151515151515,
    "f1-score": 0.7049180327868853,
    "support": 66.0
  },
  "X": {
    "precision": 0.825,
    "recall": 0.66,
    "f1-score": 0.7333333333333334,
    "support": 50.0
  },
  "accuracy": 0.6814621409921671,
  "macro avg": {
    "precision": 0.7232579157317376,
    "recall": 0.6659420833724239,
    "f1-score": 0.6878158869342629,
    "support": 383.0
  },
  "weighted avg": {
    "precision": 0.691528127935384,
    "recall": 0.6814621409921671,
    "f1-score": 0.6796623813225795,
    "support": 383.0
  }
}