{
  "R": {
    "precision": 0.39787485242030696,
    "recall": 1.0,
    "f1-score": 0.5692567567567567,
    "support": 337.0
  },
  "C": {
    "precision": 0.0,
    "recall": 0.0,
    "f1-score": 0.0,
    "support": 186.0
  },
  "V": {
    "precision": 0.0,
    "recall": 0.0,
    "f1-score": 0.0,
    "support": 214.0
  },
  "X": {
    "precision": 0.0,
    "recall": 0.0,
    "f1-score": 0.0,
    "support": 111.0
  },
  "accuracy": 0.39740566037735847,
  "macro avg": {
    "precision": 0.09946871310507674,
    "recall": 0.25,
    "f1-score": 0.14231418918918917,
    "support": 848.0
  },
  "weighted avg": {
    "precision": 0.15811771847363612,
    "recall": 0.39740566037735847,
    "f1-score": 0.22622585734319223,
    "support": 848.0
  }
}