{
  "R": {
    "precision": 0.5757575757575758,
    "recall": 0.7450980392156863,
    "f1-score": 0.6495726495726497,
    "support": 153.0
  },
  "C": {
    "precision": 0.6739130434782609,
    "recall": 0.543859649122807,
    "f1-score": 0.6019417475728156,
    "support": 114.0
  },
  "V": {
    "precision": 0.6065573770491803,
    "recall": 0.5606060606060606,
    "f1-score": 0.5826771653543307,
    "support": 66.0
  },
  "X": {
    "precision": 0.84375,
    "recall": 0.54,
    "f1-score": 0.6585365853658537,
    "support": 50.0
  },
  "accuracy": 0.6266318537859008,
  "macro avg": {
    "precision": 0.6749944990712542,
    "recall": 0.5973909372361385,
    "f1-score": 0.6231820369664124,
    "support": 383.0
  },
  "weighted avg": {
    "precision": 0.6452670572654745,
    "recall": 0.6266318537859008,
    "f1-score": 0.6250378506255742,
    "support": 383.0
  }
}