{
  "R": {
    "precision": 0.6503067484662577,
    "recall": 0.6928104575163399,
    "f1-score": 0.6708860759493671,
    "support": 153.0
  },
  "C": {
    "precision": 0.6347826086956522,
    "recall": 0.6403508771929824,
    "f1-score": 0.6375545851528385,
    "support": 114.0
  },
  "V": {
    "precision": 0.6811594202898551,
    "recall": 0.7121212121212122,
    "f1-score": 0.6962962962962962,
    "support": 66.0
  },
  "X": {
    "precision": 0.9444444444444444,
    "recall": 0.68,
    "f1-score": 0.7906976744186047,
    "support": 50.0
  },
  "accuracy": 0.6788511749347258,
  "macro avg": {
    "precision": 0.7276733054740523,
    "recall": 0.6813206367076337,
    "f1-score": 0.6988586579542766,
    "support": 383.0
  },
  "weighted avg": {
    "precision": 0.6894018116657818,
    "recall": 0.6788511749347258,
    "f1-score": 0.6809849389142625,
    "support": 383.0
  }
}