{
  "R": {
    "precision": 0.4554794520547945,
    "recall": 0.869281045751634,
    "f1-score": 0.597752808988764,
    "support": 153.0
  },
  "C": {
    "precision": 0.3389830508474576,
    "recall": 0.17543859649122806,
    "f1-score": 0.2312138728323699,
    "support": 114.0
  },
  "V": {
    "precision": 0.0,
    "recall": 0.0,
    "f1-score": 0.0,
    "support": 66.0
  },
  "X": {
    "precision": 1.0,
    "recall": 0.64,
    "f1-score": 0.7804878048780487,
    "support": 50.0
  },
  "accuracy": 0.4830287206266319,
  "macro avg": {
    "precision": 0.448615625725563,
    "recall": 0.4211799105607156,
    "f1-score": 0.40236362167479567,
    "support": 383.0
  },
  "weighted avg": {
    "precision": 0.4134005847545528,
    "recall": 0.4830287206266319,
    "f1-score": 0.4095011789088081,
    "support": 383.0
  }
}