{
  "R": {
    "precision": 0.44495412844036697,
    "recall": 0.6339869281045751,
    "f1-score": 0.522911051212938,
    "support": 153.0
  },
  "C": {
    "precision": 0.4,
    "recall": 0.5789473684210527,
    "f1-score": 0.4731182795698925,
    "support": 114.0
  },
  "V": {
    "precision": 0.0,
    "recall": 0.0,
    "f1-score": 0.0,
    "support": 66.0
  },
  "X": {
    "precision": 0.0,
    "recall": 0.0,
    "f1-score": 0.0,
    "support": 50.0
  },
  "accuracy": 0.4255874673629243,
  "macro avg": {
    "precision": 0.21123853211009175,
    "recall": 0.30323357413140695,
    "f1-score": 0.24900733269570763,
    "support": 383.0
  },
  "weighted avg": {
    "precision": 0.2968093515701727,
    "recall": 0.4255874673629243,
    "f1-score": 0.34971507756278664,
    "support": 383.0
  }
}