{
  "R": {
    "precision": 0.5207956600361664,
    "recall": 0.8545994065281899,
    "f1-score": 0.647191011235955,
    "support": 337.0
  },
  "C": {
    "precision": 0.5454545454545454,
    "recall": 0.03225806451612903,
    "f1-score": 0.06091370558375635,
    "support": 186.0
  },
  "V": {
    "precision": 0.6686046511627907,
    "recall": 0.5424528301886793,
    "f1-score": 0.5989583333333334,
    "support": 212.0
  },
  "X": {
    "precision": 0.8636363636363636,
    "recall": 0.8558558558558559,
    "f1-score": 0.8597285067873303,
    "support": 111.0
  },
  "accuracy": 0.5957446808510638,
  "macro avg": {
    "precision": 0.6496228050724665,
    "recall": 0.5712915392722135,
    "f1-score": 0.5416978892350938,
    "support": 846.0
  },
  "weighted avg": {
    "precision": 0.6082393679632169,
    "recall": 0.5957446808510638,
    "f1-score": 0.5340926134103496,
    "support": 846.0
  }
}