{
  "R": {
    "precision": 0.6602564102564102,
    "recall": 0.673202614379085,
    "f1-score": 0.6666666666666666,
    "support": 153.0
  },
  "C": {
    "precision": 0.6422764227642277,
    "recall": 0.6929824561403509,
    "f1-score": 0.6666666666666667,
    "support": 114.0
  },
  "V": {
    "precision": 0.7121212121212122,
    "recall": 0.7121212121212122,
    "f1-score": 0.7121212121212122,
    "support": 66.0
  },
  "X": {
    "precision": 0.868421052631579,
    "recall": 0.66,
    "f1-score": 0.7500000000000001,
    "support": 50.0
  },
  "accuracy": 0.6840731070496083,
  "macro avg": {
    "precision": 0.7207687744433573,
    "recall": 0.6845765706601621,
    "f1-score": 0.6988636363636365,
    "support": 383.0
  },
  "weighted avg": {
    "precision": 0.6910177430703176,
    "recall": 0.6840731070496083,
    "f1-score": 0.685378590078329,
    "support": 383.0
  }
}