{
  "R": {
    "precision": 0.5686274509803921,
    "recall": 0.7581699346405228,
    "f1-score": 0.6498599439775911,
    "support": 153.0
  },
  "C": {
    "precision": 0.6,
    "recall": 0.47368421052631576,
    "f1-score": 0.5294117647058824,
    "support": 114.0
  },
  "V": {
    "precision": 0.6226415094339622,
    "recall": 0.5,
    "f1-score": 0.5546218487394957,
    "support": 66.0
  },
  "X": {
    "precision": 0.9722222222222222,
    "recall": 0.7,
    "f1-score": 0.813953488372093,
    "support": 50.0
  },
  "accuracy": 0.6214099216710183,
  "macro avg": {
    "precision": 0.6908727956591442,
    "recall": 0.6079635362917096,
    "f1-score": 0.6369617614487656,
    "support": 383.0
  },
  "weighted avg": {
    "precision": 0.6399620123596673,
    "recall": 0.6214099216710183,
    "f1-score": 0.6190188747792518,
    "support": 383.0
  }
}