{
  "R": {
    "precision": 0.39740566037735847,
    "recall": 1.0,
    "f1-score": 0.5687763713080168,
    "support": 337.0
  },
  "C": {
    "precision": 0.0,
    "recall": 0.0,
    "f1-score": 0.0,
    "support": 186.0
  },
  "V": {
    "precision": 0.0,
    "recall": 0.0,
    "f1-score": 0.0,
    "support": 214.0
  },
  "X": {
    "precision": 0.0,
    "recall": 0.0,
    "f1-score": 0.0,
    "support": 111.0
  },
  "accuracy": 0.39740566037735847,
  "macro avg": {
    "precision": 0.09935141509433962,
    "recall": 0.25,
    "f1-score": 0.1421940928270042,
    "support": 848.0
  },
  "weighted avg": {
    "precision": 0.15793125889996437,
    "recall": 0.39740566037735847,
    "f1-score": 0.2260349494467001,
    "support": 848.0
  }
}