{
  "R": {
    "precision": 0.66875,
    "recall": 0.6993464052287581,
    "f1-score": 0.6837060702875399,
    "support": 153.0
  },
  "C": {
    "precision": 0.65,
    "recall": 0.6842105263157895,
    "f1-score": 0.6666666666666667,
    "support": 114.0
  },
  "V": {
    "precision": 0.581081081081081,
    "recall": 0.6515151515151515,
    "f1-score": 0.6142857142857142,
    "support": 66.0
  },
  "X": {
    "precision": 1.0,
    "recall": 0.58,
    "f1-score": 0.7341772151898733,
    "support": 50.0
  },
  "accuracy": 0.6710182767624021,
  "macro avg": {
    "precision": 0.7249577702702703,
    "recall": 0.6537680207649248,
    "f1-score": 0.6747089166074486,
    "support": 383.0
  },
  "weighted avg": {
    "precision": 0.6913057476536588,
    "recall": 0.6710182767624021,
    "f1-score": 0.6732604351340586,
    "support": 383.0
  }
}