{
  "R": {
    "precision": 0.6686746987951807,
    "recall": 0.7254901960784313,
    "f1-score": 0.6959247648902821,
    "support": 153.0
  },
  "C": {
    "precision": 0.6610169491525424,
    "recall": 0.6842105263157895,
    "f1-score": 0.6724137931034484,
    "support": 114.0
  },
  "V": {
    "precision": 0.65625,
    "recall": 0.6363636363636364,
    "f1-score": 0.6461538461538462,
    "support": 66.0
  },
  "X": {
    "precision": 0.9428571428571428,
    "recall": 0.66,
    "f1-score": 0.7764705882352942,
    "support": 50.0
  },
  "accuracy": 0.6892950391644909,
  "macro avg": {
    "precision": 0.7321996977012164,
    "recall": 0.6765160896894643,
    "f1-score": 0.6977407480957176,
    "support": 383.0
  },
  "weighted avg": {
    "precision": 0.7000483505532887,
    "recall": 0.6892950391644909,
    "f1-score": 0.6908651297648167,
    "support": 383.0
  }
}