{
  "R": {
    "precision": 0.5963855421686747,
    "recall": 0.5875370919881305,
    "f1-score": 0.5919282511210763,
    "support": 337.0
  },
  "C": {
    "precision": 0.4527027027027027,
    "recall": 0.3602150537634409,
    "f1-score": 0.4011976047904191,
    "support": 186.0
  },
  "V": {
    "precision": 0.6846846846846847,
    "recall": 0.7136150234741784,
    "f1-score": 0.6988505747126437,
    "support": 213.0
  },
  "X": {
    "precision": 0.6853146853146853,
    "recall": 0.8990825688073395,
    "f1-score": 0.7777777777777778,
    "support": 109.0
  },
  "accuracy": 0.6094674556213018,
  "macro avg": {
    "precision": 0.6047719037176869,
    "recall": 0.6401124345082723,
    "f1-score": 0.6174385521004792,
    "support": 845.0
  },
  "weighted avg": {
    "precision": 0.5984873005333545,
    "recall": 0.6094674556213018,
    "f1-score": 0.6008704441543096,
    "support": 845.0
  }
}