{
  "R": {
    "precision": 0.5110132158590308,
    "recall": 0.7581699346405228,
    "f1-score": 0.6105263157894737,
    "support": 153.0
  },
  "C": {
    "precision": 0.6571428571428571,
    "recall": 0.40350877192982454,
    "f1-score": 0.5,
    "support": 114.0
  },
  "V": {
    "precision": 0.5490196078431373,
    "recall": 0.42424242424242425,
    "f1-score": 0.47863247863247865,
    "support": 66.0
  },
  "X": {
    "precision": 0.9714285714285714,
    "recall": 0.68,
    "f1-score": 0.8,
    "support": 50.0
  },
  "accuracy": 0.5848563968668408,
  "macro avg": {
    "precision": 0.6721510630683991,
    "recall": 0.566480282703193,
    "f1-score": 0.5972896986054881,
    "support": 383.0
  },
  "weighted avg": {
    "precision": 0.6211645703127756,
    "recall": 0.5848563968668408,
    "f1-score": 0.5796351694661438,
    "support": 383.0
  }
}