{
  "R": {
    "precision": 0.5530612244897959,
    "recall": 0.8041543026706232,
    "f1-score": 0.6553808948004837,
    "support": 337.0
  },
  "C": {
    "precision": 0.5,
    "recall": 0.0967741935483871,
    "f1-score": 0.16216216216216214,
    "support": 186.0
  },
  "V": {
    "precision": 0.6580310880829016,
    "recall": 0.5990566037735849,
    "f1-score": 0.6271604938271604,
    "support": 212.0
  },
  "X": {
    "precision": 0.7795275590551181,
    "recall": 0.8918918918918919,
    "f1-score": 0.8319327731092437,
    "support": 111.0
  },
  "accuracy": 0.6087470449172577,
  "macro avg": {
    "precision": 0.6226549679069538,
    "recall": 0.5979692479711218,
    "f1-score": 0.5691590809747625,
    "support": 846.0
  },
  "weighted avg": {
    "precision": 0.5974134543519556,
    "recall": 0.6087470449172577,
    "f1-score": 0.563035562903557,
    "support": 846.0
  }
}