{
  "R": {
    "precision": 0.39779005524861877,
    "recall": 0.9411764705882353,
    "f1-score": 0.5592233009708738,
    "support": 153.0
  },
  "C": {
    "precision": 0.38095238095238093,
    "recall": 0.07017543859649122,
    "f1-score": 0.11851851851851852,
    "support": 114.0
  },
  "V": {
    "precision": 0.0,
    "recall": 0.0,
    "f1-score": 0.0,
    "support": 66.0
  },
  "X": {
    "precision": 0.0,
    "recall": 0.0,
    "f1-score": 0.0,
    "support": 50.0
  },
  "accuracy": 0.3968668407310705,
  "macro avg": {
    "precision": 0.19468560905024992,
    "recall": 0.2528379772961816,
    "f1-score": 0.16943545487234807,
    "support": 383.0
  },
  "weighted avg": {
    "precision": 0.27229882475616213,
    "recall": 0.3968668407310705,
    "f1-score": 0.2586743502863049,
    "support": 383.0
  }
}