{
  "R": {
    "precision": 0.5507246376811594,
    "recall": 0.7893175074183977,
    "f1-score": 0.648780487804878,
    "support": 337.0
  },
  "C": {
    "precision": 0.5384615384615384,
    "recall": 0.11290322580645161,
    "f1-score": 0.18666666666666668,
    "support": 186.0
  },
  "V": {
    "precision": 0.723404255319149,
    "recall": 0.6355140186915887,
    "f1-score": 0.6766169154228856,
    "support": 214.0
  },
  "X": {
    "precision": 0.7536231884057971,
    "recall": 0.9369369369369369,
    "f1-score": 0.8353413654618475,
    "support": 111.0
  },
  "accuracy": 0.6214622641509434,
  "macro avg": {
    "precision": 0.6415534049669109,
    "recall": 0.6186679222133438,
    "f1-score": 0.5868513588390695,
    "support": 848.0
  },
  "weighted avg": {
    "precision": 0.6181706764195026,
    "recall": 0.6214622641509434,
    "f1-score": 0.5788654903974132,
    "support": 848.0
  }
}