{
  "R": {
    "precision": 0.736,
    "recall": 0.6013071895424836,
    "f1-score": 0.6618705035971224,
    "support": 153.0
  },
  "C": {
    "precision": 0.5797101449275363,
    "recall": 0.7017543859649122,
    "f1-score": 0.634920634920635,
    "support": 114.0
  },
  "V": {
    "precision": 0.6511627906976745,
    "recall": 0.8484848484848485,
    "f1-score": 0.736842105263158,
    "support": 66.0
  },
  "X": {
    "precision": 1.0,
    "recall": 0.68,
    "f1-score": 0.8095238095238095,
    "support": 50.0
  },
  "accuracy": 0.6840731070496083,
  "macro avg": {
    "precision": 0.7417182339063026,
    "recall": 0.7078866059980612,
    "f1-score": 0.7107892633261812,
    "support": 383.0
  },
  "weighted avg": {
    "precision": 0.7093255893153673,
    "recall": 0.6840731070496083,
    "f1-score": 0.6860441484461385,
    "support": 383.0
  }
}