{
  "R": {
    "precision": 0.5251509054325956,
    "recall": 0.7744807121661721,
    "f1-score": 0.6258992805755396,
    "support": 337.0
  },
  "C": {
    "precision": 0.6111111111111112,
    "recall": 0.11827956989247312,
    "f1-score": 0.1981981981981982,
    "support": 186.0
  },
  "V": {
    "precision": 0.6557377049180327,
    "recall": 0.5660377358490566,
    "f1-score": 0.6075949367088608,
    "support": 212.0
  },
  "X": {
    "precision": 0.7461538461538462,
    "recall": 0.8738738738738738,
    "f1-score": 0.8049792531120332,
    "support": 111.0
  },
  "accuracy": 0.5910165484633569,
  "macro avg": {
    "precision": 0.6345383919038964,
    "recall": 0.5831679729453939,
    "f1-score": 0.5591679171486579,
    "support": 846.0
  },
  "weighted avg": {
    "precision": 0.6057706763157815,
    "recall": 0.5910165484633569,
    "f1-score": 0.550775113589286,
    "support": 846.0
  }
}