{
  "R": {
    "precision": 0.7518796992481203,
    "recall": 0.6535947712418301,
    "f1-score": 0.6993006993006993,
    "support": 153.0
  },
  "C": {
    "precision": 0.648854961832061,
    "recall": 0.7456140350877193,
    "f1-score": 0.6938775510204082,
    "support": 114.0
  },
  "V": {
    "precision": 0.6585365853658537,
    "recall": 0.8181818181818182,
    "f1-score": 0.7297297297297297,
    "support": 66.0
  },
  "X": {
    "precision": 0.9459459459459459,
    "recall": 0.7,
    "f1-score": 0.8045977011494254,
    "support": 50.0
  },
  "accuracy": 0.7154046997389034,
  "macro avg": {
    "precision": 0.7513042980979953,
    "recall": 0.7293476561278418,
    "f1-score": 0.7318764203000656,
    "support": 383.0
  },
  "weighted avg": {
    "precision": 0.7304641555228747,
    "recall": 0.7154046997389034,
    "f1-score": 0.7166764883262845,
    "support": 383.0
  }
}