{
  "R": {
    "precision": 0.3706293706293706,
    "recall": 0.3464052287581699,
    "f1-score": 0.3581081081081081,
    "support": 153.0
  },
  "C": {
    "precision": 0.32608695652173914,
    "recall": 0.13157894736842105,
    "f1-score": 0.18750000000000003,
    "support": 114.0
  },
  "V": {
    "precision": 0.21176470588235294,
    "recall": 0.5454545454545454,
    "f1-score": 0.30508474576271183,
    "support": 66.0
  },
  "X": {
    "precision": 0.16666666666666666,
    "recall": 0.08,
    "f1-score": 0.10810810810810811,
    "support": 50.0
  },
  "accuracy": 0.2819843342036554,
  "macro avg": {
    "precision": 0.26878692492503237,
    "recall": 0.2758596803952841,
    "f1-score": 0.23970024049473201,
    "support": 383.0
  },
  "weighted avg": {
    "precision": 0.30336817407660727,
    "recall": 0.2819843342036554,
    "f1-score": 0.26555232158298936,
    "support": 383.0
  }
}