{
  "R": {
    "precision": 0.5631578947368421,
    "recall": 0.6993464052287581,
    "f1-score": 0.6239067055393586,
    "support": 153.0
  },
  "C": {
    "precision": 0.49074074074074076,
    "recall": 0.4649122807017544,
    "f1-score": 0.4774774774774775,
    "support": 114.0
  },
  "V": {
    "precision": 0.8148148148148148,
    "recall": 0.6666666666666666,
    "f1-score": 0.7333333333333333,
    "support": 66.0
  },
  "X": {
    "precision": 0.967741935483871,
    "recall": 0.6,
    "f1-score": 0.7407407407407407,
    "support": 50.0
  },
  "accuracy": 0.6109660574412533,
  "macro avg": {
    "precision": 0.7091138464440672,
    "recall": 0.6077313381492948,
    "f1-score": 0.6438645642727274,
    "support": 383.0
  },
  "weighted avg": {
    "precision": 0.6377871459299024,
    "recall": 0.6109660574412533,
    "f1-score": 0.6144313196266092,
    "support": 383.0
  }
}