{
  "R": {
    "precision": 0.6153846153846154,
    "recall": 0.6797385620915033,
    "f1-score": 0.6459627329192547,
    "support": 153.0
  },
  "C": {
    "precision": 0.63,
    "recall": 0.5526315789473685,
    "f1-score": 0.588785046728972,
    "support": 114.0
  },
  "V": {
    "precision": 0.6730769230769231,
    "recall": 0.5303030303030303,
    "f1-score": 0.5932203389830509,
    "support": 66.0
  },
  "X": {
    "precision": 0.532258064516129,
    "recall": 0.66,
    "f1-score": 0.5892857142857142,
    "support": 50.0
  },
  "accuracy": 0.6135770234986945,
  "macro avg": {
    "precision": 0.6126799007444168,
    "recall": 0.6056682928354755,
    "f1-score": 0.604313458229248,
    "support": 383.0
  },
  "weighted avg": {
    "precision": 0.6188246117564741,
    "recall": 0.6135770234986945,
    "f1-score": 0.6124559309423389,
    "support": 383.0
  }
}