{
  "R": {
    "precision": 0.43983402489626555,
    "recall": 0.6928104575163399,
    "f1-score": 0.5380710659898477,
    "support": 153.0
  },
  "C": {
    "precision": 0.44642857142857145,
    "recall": 0.43859649122807015,
    "f1-score": 0.4424778761061947,
    "support": 114.0
  },
  "V": {
    "precision": 0.0,
    "recall": 0.0,
    "f1-score": 0.0,
    "support": 66.0
  },
  "X": {
    "precision": 1.0,
    "recall": 0.6,
    "f1-score": 0.7499999999999999,
    "support": 50.0
  },
  "accuracy": 0.4856396866840731,
  "macro avg": {
    "precision": 0.47156564908120924,
    "recall": 0.4328517371861025,
    "f1-score": 0.43263723552401057,
    "support": 383.0
  },
  "weighted avg": {
    "precision": 0.4391317570547931,
    "recall": 0.4856396866840731,
    "f1-score": 0.44456227407977256,
    "support": 383.0
  }
}