{
  "R": {
    "precision": 0.5865921787709497,
    "recall": 0.6862745098039216,
    "f1-score": 0.6325301204819277,
    "support": 153.0
  },
  "C": {
    "precision": 0.6132075471698113,
    "recall": 0.5701754385964912,
    "f1-score": 0.5909090909090908,
    "support": 114.0
  },
  "V": {
    "precision": 0.5849056603773585,
    "recall": 0.4696969696969697,
    "f1-score": 0.5210084033613445,
    "support": 66.0
  },
  "X": {
    "precision": 0.7333333333333333,
    "recall": 0.66,
    "f1-score": 0.6947368421052631,
    "support": 50.0
  },
  "accuracy": 0.6109660574412533,
  "macro avg": {
    "precision": 0.6295096799128632,
    "recall": 0.5965367295243457,
    "f1-score": 0.6097961142144065,
    "support": 383.0
  },
  "weighted avg": {
    "precision": 0.6133804281485278,
    "recall": 0.6109660574412533,
    "f1-score": 0.6090447559385983,
    "support": 383.0
  }
}