{
  "R": {
    "precision": 0.6699507389162561,
    "recall": 0.8071216617210683,
    "f1-score": 0.7321668909825033,
    "support": 337.0
  },
  "C": {
    "precision": 0.6909090909090909,
    "recall": 0.40860215053763443,
    "f1-score": 0.5135135135135135,
    "support": 186.0
  },
  "V": {
    "precision": 0.8061224489795918,
    "recall": 0.7452830188679245,
    "f1-score": 0.7745098039215688,
    "support": 212.0
  },
  "X": {
    "precision": 0.7910447761194029,
    "recall": 0.954954954954955,
    "f1-score": 0.8653061224489796,
    "support": 111.0
  },
  "accuracy": 0.723404255319149,
  "macro avg": {
    "precision": 0.7395067637310855,
    "recall": 0.7289904465203956,
    "f1-score": 0.7213740827166414,
    "support": 846.0
  },
  "weighted avg": {
    "precision": 0.7245702355281282,
    "recall": 0.723404255319149,
    "f1-score": 0.7121735387681163,
    "support": 846.0
  }
}