{
  "R": {
    "precision": 0.5555555555555556,
    "recall": 0.6862745098039216,
    "f1-score": 0.6140350877192983,
    "support": 153.0
  },
  "C": {
    "precision": 0.6216216216216216,
    "recall": 0.6052631578947368,
    "f1-score": 0.6133333333333333,
    "support": 114.0
  },
  "V": {
    "precision": 0.7297297297297297,
    "recall": 0.4090909090909091,
    "f1-score": 0.5242718446601942,
    "support": 66.0
  },
  "X": {
    "precision": 0.717391304347826,
    "recall": 0.66,
    "f1-score": 0.6875,
    "support": 50.0
  },
  "accuracy": 0.6109660574412533,
  "macro avg": {
    "precision": 0.6560745528136833,
    "recall": 0.590157144197392,
    "f1-score": 0.6097850664282065,
    "support": 383.0
  },
  "weighted avg": {
    "precision": 0.6263618596460008,
    "recall": 0.6109660574412533,
    "f1-score": 0.6079485905186043,
    "support": 383.0
  }
}