{
  "best_edge_f1": 0.9819444444444444,
  "best_combined_score": 0.7681155723736663
}