{
  "R": {
    "precision": 0.6992481203007519,
    "recall": 0.6078431372549019,
    "f1-score": 0.6503496503496503,
    "support": 153.0
  },
  "C": {
    "precision": 0.5955882352941176,
    "recall": 0.7105263157894737,
    "f1-score": 0.648,
    "support": 114.0
  },
  "V": {
    "precision": 0.7575757575757576,
    "recall": 0.7575757575757576,
    "f1-score": 0.7575757575757576,
    "support": 66.0
  },
  "X": {
    "precision": 0.7291666666666666,
    "recall": 0.7,
    "f1-score": 0.7142857142857142,
    "support": 50.0
  },
  "accuracy": 0.6762402088772846,
  "macro avg": {
    "precision": 0.6953946949593234,
    "recall": 0.6939863026550332,
    "f1-score": 0.6925527805527805,
    "support": 383.0
  },
  "weighted avg": {
    "precision": 0.6823507952033363,
    "recall": 0.6762402088772846,
    "f1-score": 0.6764746272004758,
    "support": 383.0
  }
}