{
  "R": {
    "precision": 0.6,
    "recall": 0.7647058823529411,
    "f1-score": 0.6724137931034482,
    "support": 153.0
  },
  "C": {
    "precision": 0.6395348837209303,
    "recall": 0.4824561403508772,
    "f1-score": 0.55,
    "support": 114.0
  },
  "V": {
    "precision": 0.5454545454545454,
    "recall": 0.5454545454545454,
    "f1-score": 0.5454545454545454,
    "support": 66.0
  },
  "X": {
    "precision": 0.75,
    "recall": 0.54,
    "f1-score": 0.627906976744186,
    "support": 50.0
  },
  "accuracy": 0.6135770234986945,
  "macro avg": {
    "precision": 0.6337473572938689,
    "recall": 0.5831541420395909,
    "f1-score": 0.5989438288255449,
    "support": 383.0
  },
  "weighted avg": {
    "precision": 0.6219503309247677,
    "recall": 0.6135770234986945,
    "f1-score": 0.6082889273682425,
    "support": 383.0
  }
}