{
  "R": {
    "precision": 0.6760204081632653,
    "recall": 0.7863501483679525,
    "f1-score": 0.7270233196159122,
    "support": 337.0
  },
  "C": {
    "precision": 0.5882352941176471,
    "recall": 0.4838709677419355,
    "f1-score": 0.5309734513274337,
    "support": 186.0
  },
  "V": {
    "precision": 0.8303030303030303,
    "recall": 0.6462264150943396,
    "f1-score": 0.726790450928382,
    "support": 212.0
  },
  "X": {
    "precision": 0.75,
    "recall": 0.918918918918919,
    "f1-score": 0.8259109311740892,
    "support": 111.0
  },
  "accuracy": 0.7021276595744681,
  "macro avg": {
    "precision": 0.7111396831459857,
    "recall": 0.7088416125307866,
    "f1-score": 0.7026745382614543,
    "support": 846.0
  },
  "weighted avg": {
    "precision": 0.7050885161715664,
    "recall": 0.7021276595744681,
    "f1-score": 0.6968364179841678,
    "support": 846.0
  }
}