{
  "R": {
    "precision": 0.62877030162413,
    "recall": 0.8041543026706232,
    "f1-score": 0.7057291666666666,
    "support": 337.0
  },
  "C": {
    "precision": 0.7111111111111111,
    "recall": 0.34408602150537637,
    "f1-score": 0.463768115942029,
    "support": 186.0
  },
  "V": {
    "precision": 0.7282051282051282,
    "recall": 0.6698113207547169,
    "f1-score": 0.6977886977886978,
    "support": 212.0
  },
  "X": {
    "precision": 0.7846153846153846,
    "recall": 0.918918918918919,
    "f1-score": 0.8464730290456431,
    "support": 111.0
  },
  "accuracy": 0.6843971631205674,
  "macro avg": {
    "precision": 0.7131754813889385,
    "recall": 0.6842426409624088,
    "f1-score": 0.6784397523607592,
    "support": 846.0
  },
  "weighted avg": {
    "precision": 0.6922388335529471,
    "recall": 0.6843971631205674,
    "f1-score": 0.6690086393465181,
    "support": 846.0
  }
}