{
  "R": {
    "precision": 0.6949602122015915,
    "recall": 0.7774480712166172,
    "f1-score": 0.7338935574229692,
    "support": 337.0
  },
  "C": {
    "precision": 0.5792682926829268,
    "recall": 0.510752688172043,
    "f1-score": 0.5428571428571429,
    "support": 186.0
  },
  "V": {
    "precision": 0.7947368421052632,
    "recall": 0.7122641509433962,
    "f1-score": 0.7512437810945275,
    "support": 212.0
  },
  "X": {
    "precision": 0.8956521739130435,
    "recall": 0.9279279279279279,
    "f1-score": 0.911504424778761,
    "support": 111.0
  },
  "accuracy": 0.7222222222222222,
  "macro avg": {
    "precision": 0.7411543802257062,
    "recall": 0.732098209564996,
    "f1-score": 0.7348747265383502,
    "support": 846.0
  },
  "weighted avg": {
    "precision": 0.7208594512785158,
    "recall": 0.7222222222222222,
    "f1-score": 0.7195440072877678,
    "support": 846.0
  }
}