{
  "R": {
    "precision": 0.6069651741293532,
    "recall": 0.7973856209150327,
    "f1-score": 0.6892655367231639,
    "support": 153.0
  },
  "C": {
    "precision": 0.6309523809523809,
    "recall": 0.4649122807017544,
    "f1-score": 0.5353535353535355,
    "support": 114.0
  },
  "V": {
    "precision": 0.7936507936507936,
    "recall": 0.7575757575757576,
    "f1-score": 0.7751937984496123,
    "support": 66.0
  },
  "X": {
    "precision": 0.9714285714285714,
    "recall": 0.68,
    "f1-score": 0.8,
    "support": 50.0
  },
  "accuracy": 0.6762402088772846,
  "macro avg": {
    "precision": 0.7507492300402748,
    "recall": 0.6749684147981362,
    "f1-score": 0.6999532176315779,
    "support": 383.0
  },
  "weighted avg": {
    "precision": 0.6938554152029855,
    "recall": 0.6762402088772846,
    "f1-score": 0.6727172868058003,
    "support": 383.0
  }
}