{
  "R": {
    "precision": 0.4405144694533762,
    "recall": 0.8954248366013072,
    "f1-score": 0.5905172413793104,
    "support": 153.0
  },
  "C": {
    "precision": 0.6111111111111112,
    "recall": 0.38596491228070173,
    "f1-score": 0.4731182795698925,
    "support": 114.0
  },
  "V": {
    "precision": 0.0,
    "recall": 0.0,
    "f1-score": 0.0,
    "support": 66.0
  },
  "X": {
    "precision": 0.0,
    "recall": 0.0,
    "f1-score": 0.0,
    "support": 50.0
  },
  "accuracy": 0.4725848563968668,
  "macro avg": {
    "precision": 0.26290639514112185,
    "recall": 0.32034743722050224,
    "f1-score": 0.26590888023730075,
    "support": 383.0
  },
  "weighted avg": {
    "precision": 0.3578730561175802,
    "recall": 0.4725848563968668,
    "f1-score": 0.37672225013577604,
    "support": 383.0
  }
}