{
  "R": {
    "precision": 0.45774647887323944,
    "recall": 0.8496732026143791,
    "f1-score": 0.5949656750572082,
    "support": 153.0
  },
  "C": {
    "precision": 0.625,
    "recall": 0.2631578947368421,
    "f1-score": 0.37037037037037035,
    "support": 114.0
  },
  "V": {
    "precision": 0.6274509803921569,
    "recall": 0.48484848484848486,
    "f1-score": 0.5470085470085471,
    "support": 66.0
  },
  "X": {
    "precision": 0.0,
    "recall": 0.0,
    "f1-score": 0.0,
    "support": 50.0
  },
  "accuracy": 0.5013054830287206,
  "macro avg": {
    "precision": 0.4275493648163491,
    "recall": 0.3994198955499265,
    "f1-score": 0.3780861481090314,
    "support": 383.0
  },
  "weighted avg": {
    "precision": 0.4770156030639373,
    "recall": 0.5013054830287206,
    "f1-score": 0.4421789415366558,
    "support": 383.0
  }
}