{
  "R": {
    "precision": 0.47924528301886793,
    "recall": 0.8300653594771242,
    "f1-score": 0.6076555023923446,
    "support": 153.0
  },
  "C": {
    "precision": 0.5632183908045977,
    "recall": 0.4298245614035088,
    "f1-score": 0.48756218905472637,
    "support": 114.0
  },
  "V": {
    "precision": 0.0,
    "recall": 0.0,
    "f1-score": 0.0,
    "support": 66.0
  },
  "X": {
    "precision": 0.967741935483871,
    "recall": 0.6,
    "f1-score": 0.7407407407407407,
    "support": 50.0
  },
  "accuracy": 0.5378590078328982,
  "macro avg": {
    "precision": 0.5025514023268342,
    "recall": 0.46497248022015825,
    "f1-score": 0.45898960804695293,
    "support": 383.0
  },
  "weighted avg": {
    "precision": 0.485426949419855,
    "recall": 0.5378590078328982,
    "f1-score": 0.48457028317311895,
    "support": 383.0
  }
}