{
  "R": {
    "precision": 0.5555555555555556,
    "recall": 0.7189542483660131,
    "f1-score": 0.6267806267806268,
    "support": 153.0
  },
  "C": {
    "precision": 0.6341463414634146,
    "recall": 0.45614035087719296,
    "f1-score": 0.5306122448979592,
    "support": 114.0
  },
  "V": {
    "precision": 0.5384615384615384,
    "recall": 0.5303030303030303,
    "f1-score": 0.534351145038168,
    "support": 66.0
  },
  "X": {
    "precision": 0.6578947368421053,
    "recall": 0.5,
    "f1-score": 0.5681818181818182,
    "support": 50.0
  },
  "accuracy": 0.5796344647519582,
  "macro avg": {
    "precision": 0.5965145430806534,
    "recall": 0.551349407386559,
    "f1-score": 0.5649814587246431,
    "support": 383.0
  },
  "weighted avg": {
    "precision": 0.5893626143796242,
    "recall": 0.5796344647519582,
    "f1-score": 0.5745783245363271,
    "support": 383.0
  }
}