{
  "R": {
    "precision": 0.6942675159235668,
    "recall": 0.7124183006535948,
    "f1-score": 0.7032258064516129,
    "support": 153.0
  },
  "C": {
    "precision": 0.6972477064220184,
    "recall": 0.6666666666666666,
    "f1-score": 0.6816143497757847,
    "support": 114.0
  },
  "V": {
    "precision": 0.6825396825396826,
    "recall": 0.6515151515151515,
    "f1-score": 0.6666666666666666,
    "support": 66.0
  },
  "X": {
    "precision": 0.6296296296296297,
    "recall": 0.68,
    "f1-score": 0.6538461538461539,
    "support": 50.0
  },
  "accuracy": 0.6840731070496083,
  "macro avg": {
    "precision": 0.6759211336287243,
    "recall": 0.6776500297088532,
    "f1-score": 0.6763382441850545,
    "support": 383.0
  },
  "weighted avg": {
    "precision": 0.684695219314664,
    "recall": 0.6840731070496083,
    "f1-score": 0.6840467152841878,
    "support": 383.0
  }
}