{
  "R": {
    "precision": 0.6685082872928176,
    "recall": 0.7181008902077152,
    "f1-score": 0.69241773962804,
    "support": 337.0
  },
  "C": {
    "precision": 0.5418994413407822,
    "recall": 0.521505376344086,
    "f1-score": 0.5315068493150685,
    "support": 186.0
  },
  "V": {
    "precision": 0.8444444444444444,
    "recall": 0.7169811320754716,
    "f1-score": 0.7755102040816326,
    "support": 212.0
  },
  "X": {
    "precision": 0.832,
    "recall": 0.9369369369369369,
    "f1-score": 0.8813559322033897,
    "support": 111.0
  },
  "accuracy": 0.7033096926713948,
  "macro avg": {
    "precision": 0.721713043269511,
    "recall": 0.7233810838910524,
    "f1-score": 0.7201976813070328,
    "support": 846.0
  },
  "weighted avg": {
    "precision": 0.7062113606729163,
    "recall": 0.7033096926713948,
    "f1-score": 0.7026521559895208,
    "support": 846.0
  }
}