{
  "R": {
    "precision": 0.521505376344086,
    "recall": 0.6339869281045751,
    "f1-score": 0.5722713864306784,
    "support": 153.0
  },
  "C": {
    "precision": 0.6132075471698113,
    "recall": 0.5701754385964912,
    "f1-score": 0.5909090909090908,
    "support": 114.0
  },
  "V": {
    "precision": 0.46153846153846156,
    "recall": 0.6363636363636364,
    "f1-score": 0.535031847133758,
    "support": 66.0
  },
  "X": {
    "precision": 0.0,
    "recall": 0.0,
    "f1-score": 0.0,
    "support": 50.0
  },
  "accuracy": 0.5326370757180157,
  "macro avg": {
    "precision": 0.39906284626308974,
    "recall": 0.4601315007661757,
    "f1-score": 0.42455308111838175,
    "support": 383.0
  },
  "weighted avg": {
    "precision": 0.47038517341916997,
    "recall": 0.5326370757180157,
    "f1-score": 0.4966925858964966,
    "support": 383.0
  }
}