{
  "R": {
    "precision": 0.5601750547045952,
    "recall": 0.7596439169139466,
    "f1-score": 0.6448362720403022,
    "support": 337.0
  },
  "C": {
    "precision": 0.5862068965517241,
    "recall": 0.1827956989247312,
    "f1-score": 0.27868852459016397,
    "support": 186.0
  },
  "V": {
    "precision": 0.7297297297297297,
    "recall": 0.6308411214953271,
    "f1-score": 0.6766917293233083,
    "support": 214.0
  },
  "X": {
    "precision": 0.6959459459459459,
    "recall": 0.9279279279279279,
    "f1-score": 0.7953667953667953,
    "support": 111.0
  },
  "accuracy": 0.6226415094339622,
  "macro avg": {
    "precision": 0.6430144067329988,
    "recall": 0.6253021663154832,
    "f1-score": 0.5988958303301425,
    "support": 848.0
  },
  "weighted avg": {
    "precision": 0.626445328250273,
    "recall": 0.6226415094339622,
    "f1-score": 0.5922684358635077,
    "support": 848.0
  }
}