{
  "R": {
    "precision": 0.4624505928853755,
    "recall": 0.7647058823529411,
    "f1-score": 0.5763546798029556,
    "support": 153.0
  },
  "C": {
    "precision": 0.5487804878048781,
    "recall": 0.39473684210526316,
    "f1-score": 0.45918367346938777,
    "support": 114.0
  },
  "V": {
    "precision": 0.8888888888888888,
    "recall": 0.12121212121212122,
    "f1-score": 0.21333333333333335,
    "support": 66.0
  },
  "X": {
    "precision": 0.7948717948717948,
    "recall": 0.62,
    "f1-score": 0.6966292134831461,
    "support": 50.0
  },
  "accuracy": 0.5248041775456919,
  "macro avg": {
    "precision": 0.6737479411127343,
    "recall": 0.4751637114175814,
    "f1-score": 0.48637522502220576,
    "support": 383.0
  },
  "weighted avg": {
    "precision": 0.60502917162265,
    "recall": 0.5248041775456919,
    "f1-score": 0.4946231474138897,
    "support": 383.0
  }
}