{
  "R": {
    "precision": 0.6993006993006993,
    "recall": 0.6535947712418301,
    "f1-score": 0.6756756756756757,
    "support": 153.0
  },
  "C": {
    "precision": 0.6015625,
    "recall": 0.6754385964912281,
    "f1-score": 0.6363636363636364,
    "support": 114.0
  },
  "V": {
    "precision": 0.6538461538461539,
    "recall": 0.7727272727272727,
    "f1-score": 0.7083333333333333,
    "support": 66.0
  },
  "X": {
    "precision": 0.9411764705882353,
    "recall": 0.64,
    "f1-score": 0.7619047619047621,
    "support": 50.0
  },
  "accuracy": 0.6788511749347258,
  "macro avg": {
    "precision": 0.723971455933772,
    "recall": 0.6854401601150827,
    "f1-score": 0.6955693518193518,
    "support": 383.0
  },
  "weighted avg": {
    "precision": 0.6939524847944253,
    "recall": 0.6788511749347258,
    "f1-score": 0.6808591932612821,
    "support": 383.0
  }
}