{
  "R": {
    "precision": 0.47715736040609136,
    "recall": 0.6143790849673203,
    "f1-score": 0.5371428571428573,
    "support": 153.0
  },
  "C": {
    "precision": 0.4503311258278146,
    "recall": 0.5964912280701754,
    "f1-score": 0.5132075471698113,
    "support": 114.0
  },
  "V": {
    "precision": 0.0,
    "recall": 0.0,
    "f1-score": 0.0,
    "support": 66.0
  },
  "X": {
    "precision": 0.9714285714285714,
    "recall": 0.68,
    "f1-score": 0.8,
    "support": 50.0
  },
  "accuracy": 0.5117493472584856,
  "macro avg": {
    "precision": 0.47472926441561936,
    "recall": 0.472717578259374,
    "f1-score": 0.46258760107816715,
    "support": 383.0
  },
  "weighted avg": {
    "precision": 0.4514732455820664,
    "recall": 0.5117493472584856,
    "f1-score": 0.47177158621466225,
    "support": 383.0
  }
}