{
  "R": {
    "precision": 0.75,
    "recall": 0.6470588235294118,
    "f1-score": 0.6947368421052633,
    "support": 153.0
  },
  "C": {
    "precision": 0.5466666666666666,
    "recall": 0.7192982456140351,
    "f1-score": 0.6212121212121212,
    "support": 114.0
  },
  "V": {
    "precision": 0.7246376811594203,
    "recall": 0.7575757575757576,
    "f1-score": 0.7407407407407408,
    "support": 66.0
  },
  "X": {
    "precision": 1.0,
    "recall": 0.64,
    "f1-score": 0.7804878048780487,
    "support": 50.0
  },
  "accuracy": 0.6866840731070496,
  "macro avg": {
    "precision": 0.7553260869565217,
    "recall": 0.6909832066798011,
    "f1-score": 0.7092943772340435,
    "support": 383.0
  },
  "weighted avg": {
    "precision": 0.7177443523668975,
    "recall": 0.6866840731070496,
    "f1-score": 0.6919744067704398,
    "support": 383.0
  }
}