{
  "R": {
    "precision": 0.5213270142180095,
    "recall": 0.7189542483660131,
    "f1-score": 0.6043956043956045,
    "support": 153.0
  },
  "C": {
    "precision": 0.4835164835164835,
    "recall": 0.38596491228070173,
    "f1-score": 0.4292682926829269,
    "support": 114.0
  },
  "V": {
    "precision": 0.7692307692307693,
    "recall": 0.45454545454545453,
    "f1-score": 0.5714285714285714,
    "support": 66.0
  },
  "X": {
    "precision": 0.7619047619047619,
    "recall": 0.64,
    "f1-score": 0.6956521739130435,
    "support": 50.0
  },
  "accuracy": 0.5639686684073107,
  "macro avg": {
    "precision": 0.6339947572175061,
    "recall": 0.5498661537980424,
    "f1-score": 0.5751861606050366,
    "support": 383.0
  },
  "weighted avg": {
    "precision": 0.5841994286180248,
    "recall": 0.5639686684073107,
    "f1-score": 0.5585013244081437,
    "support": 383.0
  }
}