{
  "R": {
    "precision": 0.4056603773584906,
    "recall": 0.28104575163398693,
    "f1-score": 0.33204633204633205,
    "support": 153.0
  },
  "C": {
    "precision": 0.33935018050541516,
    "recall": 0.8245614035087719,
    "f1-score": 0.48081841432225064,
    "support": 114.0
  },
  "V": {
    "precision": 0.0,
    "recall": 0.0,
    "f1-score": 0.0,
    "support": 66.0
  },
  "X": {
    "precision": 0.0,
    "recall": 0.0,
    "f1-score": 0.0,
    "support": 50.0
  },
  "accuracy": 0.3577023498694517,
  "macro avg": {
    "precision": 0.18625263946597642,
    "recall": 0.2764017887856897,
    "f1-score": 0.2032161865921457,
    "support": 383.0
  },
  "weighted avg": {
    "precision": 0.26305994337719685,
    "recall": 0.3577023498694517,
    "f1-score": 0.27576080427108457,
    "support": 383.0
  }
}