{
  "R": {
    "precision": 0.6004366812227074,
    "recall": 0.8160237388724035,
    "f1-score": 0.6918238993710693,
    "support": 337.0
  },
  "C": {
    "precision": 0.8125,
    "recall": 0.27956989247311825,
    "f1-score": 0.4159999999999999,
    "support": 186.0
  },
  "V": {
    "precision": 0.7081081081081081,
    "recall": 0.6179245283018868,
    "f1-score": 0.6599496221662468,
    "support": 212.0
  },
  "X": {
    "precision": 0.7266187050359713,
    "recall": 0.9099099099099099,
    "f1-score": 0.808,
    "support": 111.0
  },
  "accuracy": 0.6607565011820331,
  "macro avg": {
    "precision": 0.7119158735916966,
    "recall": 0.6558570173893297,
    "f1-score": 0.6439433803843291,
    "support": 846.0
  },
  "weighted avg": {
    "precision": 0.6905978212174517,
    "recall": 0.6607565011820331,
    "f1-score": 0.6384373214979842,
    "support": 846.0
  }
}