{
  "R": {
    "precision": 0.49537037037037035,
    "recall": 0.6993464052287581,
    "f1-score": 0.5799457994579945,
    "support": 153.0
  },
  "C": {
    "precision": 0.5875,
    "recall": 0.41228070175438597,
    "f1-score": 0.4845360824742268,
    "support": 114.0
  },
  "V": {
    "precision": 0.5813953488372093,
    "recall": 0.3787878787878788,
    "f1-score": 0.4587155963302752,
    "support": 66.0
  },
  "X": {
    "precision": 0.75,
    "recall": 0.66,
    "f1-score": 0.702127659574468,
    "support": 50.0
  },
  "accuracy": 0.5535248041775457,
  "macro avg": {
    "precision": 0.6035664298018949,
    "recall": 0.5376037464427558,
    "f1-score": 0.5563312844592411,
    "support": 383.0
  },
  "weighted avg": {
    "precision": 0.5708583803914424,
    "recall": 0.5535248041775457,
    "f1-score": 0.5466068748189468,
    "support": 383.0
  }
}