{
  "R": {
    "precision": 0.4199134199134199,
    "recall": 0.6339869281045751,
    "f1-score": 0.5052083333333334,
    "support": 153.0
  },
  "C": {
    "precision": 0.4605263157894737,
    "recall": 0.6140350877192983,
    "f1-score": 0.5263157894736843,
    "support": 114.0
  },
  "V": {
    "precision": 0.0,
    "recall": 0.0,
    "f1-score": 0.0,
    "support": 66.0
  },
  "X": {
    "precision": 0.0,
    "recall": 0.0,
    "f1-score": 0.0,
    "support": 50.0
  },
  "accuracy": 0.4360313315926893,
  "macro avg": {
    "precision": 0.2201099339257234,
    "recall": 0.3120055039559684,
    "f1-score": 0.2578810307017544,
    "support": 383.0
  },
  "weighted avg": {
    "precision": 0.30482181004374215,
    "recall": 0.4360313315926893,
    "f1-score": 0.35847748041775457,
    "support": 383.0
  }
}