{
  "R": {
    "precision": 0.4552238805970149,
    "recall": 0.7973856209150327,
    "f1-score": 0.5795724465558195,
    "support": 153.0
  },
  "C": {
    "precision": 0.5517241379310345,
    "recall": 0.42105263157894735,
    "f1-score": 0.47761194029850745,
    "support": 114.0
  },
  "V": {
    "precision": 0.0,
    "recall": 0.0,
    "f1-score": 0.0,
    "support": 66.0
  },
  "X": {
    "precision": 0.9642857142857143,
    "recall": 0.54,
    "f1-score": 0.6923076923076923,
    "support": 50.0
  },
  "accuracy": 0.5143603133159269,
  "macro avg": {
    "precision": 0.4928084332034409,
    "recall": 0.43960956312349503,
    "f1-score": 0.4373730197905048,
    "support": 383.0
  },
  "weighted avg": {
    "precision": 0.47195846258424784,
    "recall": 0.5143603133159269,
    "f1-score": 0.4640671805024931,
    "support": 383.0
  }
}