{
  "R": {
    "precision": 0.6276595744680851,
    "recall": 0.7712418300653595,
    "f1-score": 0.6920821114369502,
    "support": 153.0
  },
  "C": {
    "precision": 0.6,
    "recall": 0.5,
    "f1-score": 0.5454545454545454,
    "support": 114.0
  },
  "V": {
    "precision": 0.7230769230769231,
    "recall": 0.7121212121212122,
    "f1-score": 0.717557251908397,
    "support": 66.0
  },
  "X": {
    "precision": 1.0,
    "recall": 0.7,
    "f1-score": 0.8235294117647058,
    "support": 50.0
  },
  "accuracy": 0.6710182767624021,
  "macro avg": {
    "precision": 0.7376841243862521,
    "recall": 0.6708407605466429,
    "f1-score": 0.6946558301411496,
    "support": 383.0
  },
  "weighted avg": {
    "precision": 0.6844777854221774,
    "recall": 0.6710182767624021,
    "f1-score": 0.669988591242457,
    "support": 383.0
  }
}