{
  "R": {
    "precision": 0.5486542443064182,
    "recall": 0.7863501483679525,
    "f1-score": 0.646341463414634,
    "support": 337.0
  },
  "C": {
    "precision": 0.6744186046511628,
    "recall": 0.15591397849462366,
    "f1-score": 0.2532751091703057,
    "support": 186.0
  },
  "V": {
    "precision": 0.7241379310344828,
    "recall": 0.5943396226415094,
    "f1-score": 0.6528497409326425,
    "support": 212.0
  },
  "X": {
    "precision": 0.684931506849315,
    "recall": 0.9009009009009009,
    "f1-score": 0.7782101167315174,
    "support": 111.0
  },
  "accuracy": 0.6146572104018913,
  "macro avg": {
    "precision": 0.6580355717103447,
    "recall": 0.6093761626012466,
    "f1-score": 0.582669107562275,
    "support": 846.0
  },
  "weighted avg": {
    "precision": 0.6381595501607134,
    "recall": 0.6146572104018913,
    "f1-score": 0.5788554509590156,
    "support": 846.0
  }
}