{
  "R": {
    "precision": 0.46360153256704983,
    "recall": 0.7908496732026143,
    "f1-score": 0.5845410628019324,
    "support": 153.0
  },
  "C": {
    "precision": 0.569620253164557,
    "recall": 0.39473684210526316,
    "f1-score": 0.46632124352331605,
    "support": 114.0
  },
  "V": {
    "precision": 0.8333333333333334,
    "recall": 0.07575757575757576,
    "f1-score": 0.1388888888888889,
    "support": 66.0
  },
  "X": {
    "precision": 0.8378378378378378,
    "recall": 0.62,
    "f1-score": 0.7126436781609196,
    "support": 50.0
  },
  "accuracy": 0.5274151436031331,
  "macro avg": {
    "precision": 0.6760982392256945,
    "recall": 0.4703360227663633,
    "f1-score": 0.4755987183437642,
    "support": 383.0
  },
  "weighted avg": {
    "precision": 0.6077275071420627,
    "recall": 0.5274151436031331,
    "f1-score": 0.48928003902106093,
    "support": 383.0
  }
}