{
  "R": {
    "precision": 0.5590062111801242,
    "recall": 0.5882352941176471,
    "f1-score": 0.5732484076433121,
    "support": 153.0
  },
  "C": {
    "precision": 0.46846846846846846,
    "recall": 0.45614035087719296,
    "f1-score": 0.4622222222222222,
    "support": 114.0
  },
  "V": {
    "precision": 0.4675324675324675,
    "recall": 0.5454545454545454,
    "f1-score": 0.5034965034965035,
    "support": 66.0
  },
  "X": {
    "precision": 0.5882352941176471,
    "recall": 0.4,
    "f1-score": 0.4761904761904762,
    "support": 50.0
  },
  "accuracy": 0.5169712793733682,
  "macro avg": {
    "precision": 0.5208106103246768,
    "recall": 0.4974575476123464,
    "f1-score": 0.5037894023881285,
    "support": 383.0
  },
  "weighted avg": {
    "precision": 0.520110347986918,
    "recall": 0.5169712793733682,
    "f1-score": 0.5155107904518359,
    "support": 383.0
  }
}