{
  "R": {
    "precision": 0.734375,
    "recall": 0.6143790849673203,
    "f1-score": 0.6690391459074733,
    "support": 153.0
  },
  "C": {
    "precision": 0.5694444444444444,
    "recall": 0.7192982456140351,
    "f1-score": 0.6356589147286822,
    "support": 114.0
  },
  "V": {
    "precision": 0.7123287671232876,
    "recall": 0.7878787878787878,
    "f1-score": 0.7482014388489209,
    "support": 66.0
  },
  "X": {
    "precision": 0.9210526315789473,
    "recall": 0.7,
    "f1-score": 0.7954545454545453,
    "support": 50.0
  },
  "accuracy": 0.6866840731070496,
  "macro avg": {
    "precision": 0.7343002107866698,
    "recall": 0.7053890296150358,
    "f1-score": 0.7120885112349055,
    "support": 383.0
  },
  "weighted avg": {
    "precision": 0.7058547568557468,
    "recall": 0.6866840731070496,
    "f1-score": 0.689248375560494,
    "support": 383.0
  }
}