{
  "R": {
    "precision": 0.5242290748898678,
    "recall": 0.7777777777777778,
    "f1-score": 0.6263157894736842,
    "support": 153.0
  },
  "C": {
    "precision": 0.6712328767123288,
    "recall": 0.4298245614035088,
    "f1-score": 0.5240641711229946,
    "support": 114.0
  },
  "V": {
    "precision": 0.875,
    "recall": 0.3181818181818182,
    "f1-score": 0.4666666666666667,
    "support": 66.0
  },
  "X": {
    "precision": 0.6101694915254238,
    "recall": 0.72,
    "f1-score": 0.6605504587155964,
    "support": 50.0
  },
  "accuracy": 0.587467362924282,
  "macro avg": {
    "precision": 0.6701578607819051,
    "recall": 0.5614460393407762,
    "f1-score": 0.5693992714947355,
    "support": 383.0
  },
  "weighted avg": {
    "precision": 0.6396503158736982,
    "recall": 0.587467362924282,
    "f1-score": 0.5728385228022843,
    "support": 383.0
  }
}