{
  "R": {
    "precision": 0.48325358851674644,
    "recall": 0.6601307189542484,
    "f1-score": 0.5580110497237569,
    "support": 153.0
  },
  "C": {
    "precision": 0.37037037037037035,
    "recall": 0.17543859649122806,
    "f1-score": 0.23809523809523808,
    "support": 114.0
  },
  "V": {
    "precision": 0.18333333333333332,
    "recall": 0.3333333333333333,
    "f1-score": 0.23655913978494622,
    "support": 66.0
  },
  "X": {
    "precision": 0.0,
    "recall": 0.0,
    "f1-score": 0.0,
    "support": 50.0
  },
  "accuracy": 0.3733681462140992,
  "macro avg": {
    "precision": 0.25923932305511255,
    "recall": 0.2922256621947024,
    "f1-score": 0.2581663569009853,
    "support": 383.0
  },
  "weighted avg": {
    "precision": 0.334882562050351,
    "recall": 0.3733681462140992,
    "f1-score": 0.33454686939007416,
    "support": 383.0
  }
}