{
  "R": {
    "precision": 0.5799086757990868,
    "recall": 0.8300653594771242,
    "f1-score": 0.6827956989247312,
    "support": 153.0
  },
  "C": {
    "precision": 0.6376811594202898,
    "recall": 0.38596491228070173,
    "f1-score": 0.48087431693989063,
    "support": 114.0
  },
  "V": {
    "precision": 0.7627118644067796,
    "recall": 0.6818181818181818,
    "f1-score": 0.7199999999999999,
    "support": 66.0
  },
  "X": {
    "precision": 0.8611111111111112,
    "recall": 0.62,
    "f1-score": 0.7209302325581396,
    "support": 50.0
  },
  "accuracy": 0.6449086161879896,
  "macro avg": {
    "precision": 0.7103532026843169,
    "recall": 0.6294621133940019,
    "f1-score": 0.6511500621056903,
    "support": 383.0
  },
  "weighted avg": {
    "precision": 0.6653164965471967,
    "recall": 0.6449086161879896,
    "f1-score": 0.6340833569047999,
    "support": 383.0
  }
}