{
  "R": {
    "precision": 0.49743589743589745,
    "recall": 0.6339869281045751,
    "f1-score": 0.5574712643678161,
    "support": 153.0
  },
  "C": {
    "precision": 0.5869565217391305,
    "recall": 0.47368421052631576,
    "f1-score": 0.5242718446601942,
    "support": 114.0
  },
  "V": {
    "precision": 0.5833333333333334,
    "recall": 0.42424242424242425,
    "f1-score": 0.4912280701754386,
    "support": 66.0
  },
  "X": {
    "precision": 0.6875,
    "recall": 0.66,
    "f1-score": 0.673469387755102,
    "support": 50.0
  },
  "accuracy": 0.5535248041775457,
  "macro avg": {
    "precision": 0.5888064381270903,
    "recall": 0.5479783907183288,
    "f1-score": 0.5616101417396377,
    "support": 383.0
  },
  "weighted avg": {
    "precision": 0.5636964380834286,
    "recall": 0.5535248041775457,
    "f1-score": 0.5513175346184649,
    "support": 383.0
  }
}