{
  "R": {
    "precision": 0.5102803738317757,
    "recall": 0.8100890207715133,
    "f1-score": 0.6261467889908257,
    "support": 337.0
  },
  "C": {
    "precision": 0.42105263157894735,
    "recall": 0.043010752688172046,
    "f1-score": 0.07804878048780488,
    "support": 186.0
  },
  "V": {
    "precision": 0.6767676767676768,
    "recall": 0.6291079812206573,
    "f1-score": 0.6520681265206812,
    "support": 213.0
  },
  "X": {
    "precision": 0.8494623655913979,
    "recall": 0.7247706422018348,
    "f1-score": 0.7821782178217822,
    "support": 109.0
  },
  "accuracy": 0.5846153846153846,
  "macro avg": {
    "precision": 0.6143907619424495,
    "recall": 0.5517445992205443,
    "f1-score": 0.5346104784552734,
    "support": 845.0
  },
  "weighted avg": {
    "precision": 0.5763588029064736,
    "recall": 0.5846153846153846,
    "f1-score": 0.5321615121326856,
    "support": 845.0
  }
}