{
  "R": {
    "precision": 0.6012269938650306,
    "recall": 0.6405228758169934,
    "f1-score": 0.6202531645569619,
    "support": 153.0
  },
  "C": {
    "precision": 0.5526315789473685,
    "recall": 0.5526315789473685,
    "f1-score": 0.5526315789473685,
    "support": 114.0
  },
  "V": {
    "precision": 0.6527777777777778,
    "recall": 0.7121212121212122,
    "f1-score": 0.6811594202898551,
    "support": 66.0
  },
  "X": {
    "precision": 0.9411764705882353,
    "recall": 0.64,
    "f1-score": 0.7619047619047621,
    "support": 50.0
  },
  "accuracy": 0.6266318537859008,
  "macro avg": {
    "precision": 0.686953205294603,
    "recall": 0.6363189167213935,
    "f1-score": 0.6539872314247368,
    "support": 383.0
  },
  "weighted avg": {
    "precision": 0.640025814423224,
    "recall": 0.6266318537859008,
    "f1-score": 0.629113561387947,
    "support": 383.0
  }
}