{
  "R": {
    "precision": 0.6955223880597015,
    "recall": 0.6913946587537092,
    "f1-score": 0.6934523809523809,
    "support": 337.0
  },
  "C": {
    "precision": 0.5879120879120879,
    "recall": 0.5752688172043011,
    "f1-score": 0.5815217391304348,
    "support": 186.0
  },
  "V": {
    "precision": 0.7894736842105263,
    "recall": 0.7009345794392523,
    "f1-score": 0.7425742574257426,
    "support": 214.0
  },
  "X": {
    "precision": 0.7304964539007093,
    "recall": 0.9279279279279279,
    "f1-score": 0.8174603174603174,
    "support": 111.0
  },
  "accuracy": 0.6992924528301887,
  "macro avg": {
    "precision": 0.7008511535207562,
    "recall": 0.7238814958312976,
    "f1-score": 0.7087521737422189,
    "support": 848.0
  },
  "weighted avg": {
    "precision": 0.7002065659573103,
    "recall": 0.6992924528301887,
    "f1-score": 0.6975300497481337,
    "support": 848.0
  }
}