{
  "R": {
    "precision": 0.5454545454545454,
    "recall": 0.7450980392156863,
    "f1-score": 0.6298342541436464,
    "support": 153.0
  },
  "C": {
    "precision": 0.6,
    "recall": 0.5526315789473685,
    "f1-score": 0.5753424657534247,
    "support": 114.0
  },
  "V": {
    "precision": 0.8,
    "recall": 0.42424242424242425,
    "f1-score": 0.5544554455445544,
    "support": 66.0
  },
  "X": {
    "precision": 0.9411764705882353,
    "recall": 0.64,
    "f1-score": 0.7619047619047621,
    "support": 50.0
  },
  "accuracy": 0.618798955613577,
  "macro avg": {
    "precision": 0.7216577540106952,
    "recall": 0.5904930106013698,
    "f1-score": 0.6303842318365969,
    "support": 383.0
  },
  "weighted avg": {
    "precision": 0.6572150626212983,
    "recall": 0.618798955613577,
    "f1-score": 0.6178667871567807,
    "support": 383.0
  }
}