{
  "R": {
    "precision": 0.584070796460177,
    "recall": 0.7833827893175074,
    "f1-score": 0.6692015209125475,
    "support": 337.0
  },
  "C": {
    "precision": 0.6842105263157895,
    "recall": 0.20967741935483872,
    "f1-score": 0.3209876543209877,
    "support": 186.0
  },
  "V": {
    "precision": 0.7340425531914894,
    "recall": 0.6509433962264151,
    "f1-score": 0.6900000000000001,
    "support": 212.0
  },
  "X": {
    "precision": 0.6912751677852349,
    "recall": 0.9279279279279279,
    "f1-score": 0.7923076923076923,
    "support": 111.0
  },
  "accuracy": 0.6430260047281324,
  "macro avg": {
    "precision": 0.6733997609381726,
    "recall": 0.6429828832066723,
    "f1-score": 0.6181242168853068,
    "support": 846.0
  },
  "weighted avg": {
    "precision": 0.6577347295538692,
    "recall": 0.6430260047281324,
    "f1-score": 0.6140080024791796,
    "support": 846.0
  }
}