{
  "R": {
    "precision": 0.5058823529411764,
    "recall": 0.8431372549019608,
    "f1-score": 0.6323529411764706,
    "support": 153.0
  },
  "C": {
    "precision": 0.7413793103448276,
    "recall": 0.37719298245614036,
    "f1-score": 0.5,
    "support": 114.0
  },
  "V": {
    "precision": 0.5833333333333334,
    "recall": 0.3181818181818182,
    "f1-score": 0.4117647058823529,
    "support": 66.0
  },
  "X": {
    "precision": 0.8823529411764706,
    "recall": 0.6,
    "f1-score": 0.7142857142857143,
    "support": 50.0
  },
  "accuracy": 0.5822454308093995,
  "macro avg": {
    "precision": 0.678236984448952,
    "recall": 0.5346280138849798,
    "f1-score": 0.5646008403361344,
    "support": 383.0
  },
  "weighted avg": {
    "precision": 0.6384722935721511,
    "recall": 0.5822454308093995,
    "f1-score": 0.5656416613642846,
    "support": 383.0
  }
}