{
  "R": {
    "precision": 0.5272727272727272,
    "recall": 0.7581699346405228,
    "f1-score": 0.6219839142091151,
    "support": 153.0
  },
  "C": {
    "precision": 0.5327102803738317,
    "recall": 0.5,
    "f1-score": 0.5158371040723981,
    "support": 114.0
  },
  "V": {
    "precision": 0.8571428571428571,
    "recall": 0.2727272727272727,
    "f1-score": 0.41379310344827586,
    "support": 66.0
  },
  "X": {
    "precision": 0.9714285714285714,
    "recall": 0.68,
    "f1-score": 0.8,
    "support": 50.0
  },
  "accuracy": 0.587467362924282,
  "macro avg": {
    "precision": 0.7221386090544969,
    "recall": 0.5527243018419489,
    "f1-score": 0.5879035304324474,
    "support": 383.0
  },
  "weighted avg": {
    "precision": 0.6437194683503948,
    "recall": 0.587467362924282,
    "f1-score": 0.577752776934293,
    "support": 383.0
  }
}