{
  "R": {
    "precision": 0.43309859154929575,
    "recall": 0.803921568627451,
    "f1-score": 0.562929061784897,
    "support": 153.0
  },
  "C": {
    "precision": 0.4444444444444444,
    "recall": 0.38596491228070173,
    "f1-score": 0.4131455399061033,
    "support": 114.0
  },
  "V": {
    "precision": 0.0,
    "recall": 0.0,
    "f1-score": 0.0,
    "support": 66.0
  },
  "X": {
    "precision": 0.0,
    "recall": 0.0,
    "f1-score": 0.0,
    "support": 50.0
  },
  "accuracy": 0.4360313315926893,
  "macro avg": {
    "precision": 0.21938575899843504,
    "recall": 0.2974716202270382,
    "f1-score": 0.24401865042275006,
    "support": 383.0
  },
  "weighted avg": {
    "precision": 0.305302222385663,
    "recall": 0.4360313315926893,
    "f1-score": 0.34785049086784603,
    "support": 383.0
  }
}