{
  "R": {
    "precision": 0.5865384615384616,
    "recall": 0.7973856209150327,
    "f1-score": 0.6759002770083103,
    "support": 153.0
  },
  "C": {
    "precision": 0.7,
    "recall": 0.5526315789473685,
    "f1-score": 0.6176470588235295,
    "support": 114.0
  },
  "V": {
    "precision": 0.5833333333333334,
    "recall": 0.5303030303030303,
    "f1-score": 0.5555555555555556,
    "support": 66.0
  },
  "X": {
    "precision": 0.92,
    "recall": 0.46,
    "f1-score": 0.6133333333333333,
    "support": 50.0
  },
  "accuracy": 0.6344647519582245,
  "macro avg": {
    "precision": 0.6974679487179487,
    "recall": 0.5850800575413578,
    "f1-score": 0.6156090561801821,
    "support": 383.0
  },
  "weighted avg": {
    "precision": 0.6632908214500903,
    "recall": 0.6344647519582246,
    "f1-score": 0.6296549358263372,
    "support": 383.0
  }
}