{
  "R": {
    "precision": 0.6096256684491979,
    "recall": 0.7450980392156863,
    "f1-score": 0.6705882352941176,
    "support": 153.0
  },
  "C": {
    "precision": 0.6285714285714286,
    "recall": 0.5789473684210527,
    "f1-score": 0.6027397260273972,
    "support": 114.0
  },
  "V": {
    "precision": 0.6428571428571429,
    "recall": 0.5454545454545454,
    "f1-score": 0.5901639344262296,
    "support": 66.0
  },
  "X": {
    "precision": 0.9142857142857143,
    "recall": 0.64,
    "f1-score": 0.7529411764705883,
    "support": 50.0
  },
  "accuracy": 0.6475195822454308,
  "macro avg": {
    "precision": 0.6988349885408709,
    "recall": 0.6273749882728211,
    "f1-score": 0.6541082680545832,
    "support": 383.0
  },
  "weighted avg": {
    "precision": 0.6607643009731783,
    "recall": 0.6475195822454308,
    "f1-score": 0.6472851364563548,
    "support": 383.0
  }
}