{
  "R": {
    "precision": 0.6319018404907976,
    "recall": 0.673202614379085,
    "f1-score": 0.6518987341772152,
    "support": 153.0
  },
  "C": {
    "precision": 0.5714285714285714,
    "recall": 0.5964912280701754,
    "f1-score": 0.5836909871244635,
    "support": 114.0
  },
  "V": {
    "precision": 0.7368421052631579,
    "recall": 0.6363636363636364,
    "f1-score": 0.6829268292682926,
    "support": 66.0
  },
  "X": {
    "precision": 0.7727272727272727,
    "recall": 0.68,
    "f1-score": 0.7234042553191491,
    "support": 50.0
  },
  "accuracy": 0.6449086161879896,
  "macro avg": {
    "precision": 0.67822494747745,
    "recall": 0.6465143697032242,
    "f1-score": 0.6604802014722801,
    "support": 383.0
  },
  "weighted avg": {
    "precision": 0.6503701862184887,
    "recall": 0.6449086161879896,
    "f1-score": 0.6462784917988709,
    "support": 383.0
  }
}