{
  "R": {
    "precision": 0.601123595505618,
    "recall": 0.6993464052287581,
    "f1-score": 0.6465256797583081,
    "support": 153.0
  },
  "C": {
    "precision": 0.6146788990825688,
    "recall": 0.5877192982456141,
    "f1-score": 0.6008968609865472,
    "support": 114.0
  },
  "V": {
    "precision": 0.609375,
    "recall": 0.5909090909090909,
    "f1-score": 0.6000000000000001,
    "support": 66.0
  },
  "X": {
    "precision": 1.0,
    "recall": 0.64,
    "f1-score": 0.7804878048780487,
    "support": 50.0
  },
  "accuracy": 0.639686684073107,
  "macro avg": {
    "precision": 0.7062943736470467,
    "recall": 0.6294936985958658,
    "f1-score": 0.656977586405726,
    "support": 383.0
  },
  "weighted avg": {
    "precision": 0.6586528840934005,
    "recall": 0.639686684073107,
    "f1-score": 0.6424153039148564,
    "support": 383.0
  }
}