{
  "R": {
    "precision": 0.5829596412556054,
    "recall": 0.8496732026143791,
    "f1-score": 0.6914893617021277,
    "support": 153.0
  },
  "C": {
    "precision": 0.7297297297297297,
    "recall": 0.47368421052631576,
    "f1-score": 0.5744680851063829,
    "support": 114.0
  },
  "V": {
    "precision": 0.6166666666666667,
    "recall": 0.5606060606060606,
    "f1-score": 0.5873015873015873,
    "support": 66.0
  },
  "X": {
    "precision": 1.0,
    "recall": 0.52,
    "f1-score": 0.6842105263157895,
    "support": 50.0
  },
  "accuracy": 0.6449086161879896,
  "macro avg": {
    "precision": 0.7323390094130005,
    "recall": 0.6009908684366889,
    "f1-score": 0.6343673901064718,
    "support": 383.0
  },
  "weighted avg": {
    "precision": 0.6868982096639603,
    "recall": 0.6449086161879896,
    "f1-score": 0.6377536948309332,
    "support": 383.0
  }
}