{
  "R": {
    "precision": 0.5257731958762887,
    "recall": 0.6666666666666666,
    "f1-score": 0.5878962536023055,
    "support": 153.0
  },
  "C": {
    "precision": 0.5223880597014925,
    "recall": 0.30701754385964913,
    "f1-score": 0.38674033149171266,
    "support": 114.0
  },
  "V": {
    "precision": 0.45454545454545453,
    "recall": 0.45454545454545453,
    "f1-score": 0.45454545454545453,
    "support": 66.0
  },
  "X": {
    "precision": 0.5,
    "recall": 0.56,
    "f1-score": 0.5283018867924528,
    "support": 50.0
  },
  "accuracy": 0.5091383812010444,
  "macro avg": {
    "precision": 0.5006766775308089,
    "recall": 0.4970574162679426,
    "f1-score": 0.4893709816079814,
    "support": 383.0
  },
  "weighted avg": {
    "precision": 0.5091267304831393,
    "recall": 0.5091383812010444,
    "f1-score": 0.49726271261313476,
    "support": 383.0
  }
}