{
  "R": {
    "precision": 0.4114114114114114,
    "recall": 0.8954248366013072,
    "f1-score": 0.5637860082304527,
    "support": 153.0
  },
  "C": {
    "precision": 0.54,
    "recall": 0.23684210526315788,
    "f1-score": 0.3292682926829268,
    "support": 114.0
  },
  "V": {
    "precision": 0.0,
    "recall": 0.0,
    "f1-score": 0.0,
    "support": 66.0
  },
  "X": {
    "precision": 0.0,
    "recall": 0.0,
    "f1-score": 0.0,
    "support": 50.0
  },
  "accuracy": 0.4281984334203655,
  "macro avg": {
    "precision": 0.23785285285285285,
    "recall": 0.28306673546611627,
    "f1-score": 0.22326357522834486,
    "support": 383.0
  },
  "weighted avg": {
    "precision": 0.32508079881448027,
    "recall": 0.4281984334203655,
    "f1-score": 0.323226748368441,
    "support": 383.0
  }
}