{
  "R": {
    "precision": 0.4605809128630705,
    "recall": 0.7254901960784313,
    "f1-score": 0.5634517766497461,
    "support": 153.0
  },
  "C": {
    "precision": 0.5894736842105263,
    "recall": 0.49122807017543857,
    "f1-score": 0.5358851674641149,
    "support": 114.0
  },
  "V": {
    "precision": 0.6666666666666666,
    "recall": 0.06060606060606061,
    "f1-score": 0.1111111111111111,
    "support": 66.0
  },
  "X": {
    "precision": 0.7317073170731707,
    "recall": 0.6,
    "f1-score": 0.6593406593406594,
    "support": 50.0
  },
  "accuracy": 0.5248041775456919,
  "macro avg": {
    "precision": 0.6121071452033586,
    "recall": 0.4693310817149826,
    "f1-score": 0.4674471786414079,
    "support": 383.0
  },
  "weighted avg": {
    "precision": 0.5698544269496301,
    "recall": 0.5248041775456919,
    "f1-score": 0.4898156585344296,
    "support": 383.0
  }
}