{
  "R": {
    "precision": 0.7060518731988472,
    "recall": 0.7270029673590505,
    "f1-score": 0.7163742690058479,
    "support": 337.0
  },
  "C": {
    "precision": 0.5900621118012422,
    "recall": 0.510752688172043,
    "f1-score": 0.5475504322766571,
    "support": 186.0
  },
  "V": {
    "precision": 0.745,
    "recall": 0.7028301886792453,
    "f1-score": 0.7233009708737864,
    "support": 212.0
  },
  "X": {
    "precision": 0.7391304347826086,
    "recall": 0.918918918918919,
    "f1-score": 0.8192771084337348,
    "support": 111.0
  },
  "accuracy": 0.6985815602836879,
  "macro avg": {
    "precision": 0.6950611049456745,
    "recall": 0.7148761907823143,
    "f1-score": 0.7016256951475066,
    "support": 846.0
  },
  "weighted avg": {
    "precision": 0.6946507237871302,
    "recall": 0.6985815602836879,
    "f1-score": 0.6944941772101846,
    "support": 846.0
  }
}