{
  "R": {
    "precision": 0.554639175257732,
    "recall": 0.798219584569733,
    "f1-score": 0.6545012165450123,
    "support": 337.0
  },
  "C": {
    "precision": 0.4444444444444444,
    "recall": 0.043010752688172046,
    "f1-score": 0.0784313725490196,
    "support": 186.0
  },
  "V": {
    "precision": 0.6767676767676768,
    "recall": 0.6320754716981132,
    "f1-score": 0.653658536585366,
    "support": 212.0
  },
  "X": {
    "precision": 0.7241379310344828,
    "recall": 0.9459459459459459,
    "f1-score": 0.8203125,
    "support": 111.0
  },
  "accuracy": 0.6099290780141844,
  "macro avg": {
    "precision": 0.599997306876084,
    "recall": 0.604812938725491,
    "f1-score": 0.5517259064198494,
    "support": 846.0
  },
  "weighted avg": {
    "precision": 0.5832554687329756,
    "recall": 0.6099290780141844,
    "f1-score": 0.5493917760353243,
    "support": 846.0
  }
}