{
  "R": {
    "precision": 0.4442793462109955,
    "recall": 0.887240356083086,
    "f1-score": 0.5920792079207919,
    "support": 337.0
  },
  "C": {
    "precision": 0.0,
    "recall": 0.0,
    "f1-score": 0.0,
    "support": 186.0
  },
  "V": {
    "precision": 0.25,
    "recall": 0.07009345794392523,
    "f1-score": 0.1094890510948905,
    "support": 214.0
  },
  "X": {
    "precision": 0.782608695652174,
    "recall": 0.8108108108108109,
    "f1-score": 0.7964601769911505,
    "support": 111.0
  },
  "accuracy": 0.47641509433962265,
  "macro avg": {
    "precision": 0.3692220104657924,
    "recall": 0.4420361562094555,
    "f1-score": 0.37450710900170825,
    "support": 848.0
  },
  "weighted avg": {
    "precision": 0.34208927463501976,
    "recall": 0.47641509433962265,
    "f1-score": 0.36717975194531977,
    "support": 848.0
  }
}