{
  "R": {
    "precision": 0.4175824175824176,
    "recall": 0.7450980392156863,
    "f1-score": 0.5352112676056338,
    "support": 153.0
  },
  "C": {
    "precision": 0.44545454545454544,
    "recall": 0.4298245614035088,
    "f1-score": 0.4375,
    "support": 114.0
  },
  "V": {
    "precision": 0.0,
    "recall": 0.0,
    "f1-score": 0.0,
    "support": 66.0
  },
  "X": {
    "precision": 0.0,
    "recall": 0.0,
    "f1-score": 0.0,
    "support": 50.0
  },
  "accuracy": 0.4255874673629243,
  "macro avg": {
    "precision": 0.21575924075924074,
    "recall": 0.29373065015479877,
    "f1-score": 0.24317781690140844,
    "support": 383.0
  },
  "weighted avg": {
    "precision": 0.299404511937149,
    "recall": 0.4255874673629243,
    "f1-score": 0.3440269554664803,
    "support": 383.0
  }
}