{
  "R": {
    "precision": 0.6465753424657534,
    "recall": 0.7002967359050445,
    "f1-score": 0.6723646723646723,
    "support": 337.0
  },
  "C": {
    "precision": 0.5241935483870968,
    "recall": 0.34946236559139787,
    "f1-score": 0.41935483870967744,
    "support": 186.0
  },
  "V": {
    "precision": 0.7766990291262136,
    "recall": 0.7476635514018691,
    "f1-score": 0.7619047619047619,
    "support": 214.0
  },
  "X": {
    "precision": 0.6797385620915033,
    "recall": 0.9369369369369369,
    "f1-score": 0.7878787878787878,
    "support": 111.0
  },
  "accuracy": 0.6662735849056604,
  "macro avg": {
    "precision": 0.6568016205176417,
    "recall": 0.6835898974588122,
    "f1-score": 0.6603757652144748,
    "support": 848.0
  },
  "weighted avg": {
    "precision": 0.6569109233916575,
    "recall": 0.6662735849056604,
    "f1-score": 0.6545861545861547,
    "support": 848.0
  }
}