{
  "R": {
    "precision": 0.6612021857923497,
    "recall": 0.7908496732026143,
    "f1-score": 0.7202380952380951,
    "support": 153.0
  },
  "C": {
    "precision": 0.6792452830188679,
    "recall": 0.631578947368421,
    "f1-score": 0.6545454545454544,
    "support": 114.0
  },
  "V": {
    "precision": 0.8163265306122449,
    "recall": 0.6060606060606061,
    "f1-score": 0.6956521739130436,
    "support": 66.0
  },
  "X": {
    "precision": 0.6666666666666666,
    "recall": 0.6,
    "f1-score": 0.631578947368421,
    "support": 50.0
  },
  "accuracy": 0.6866840731070496,
  "macro avg": {
    "precision": 0.7058601665225323,
    "recall": 0.6571223066579104,
    "f1-score": 0.6755036677662536,
    "support": 383.0
  },
  "weighted avg": {
    "precision": 0.6940177050760363,
    "recall": 0.6866840731070496,
    "f1-score": 0.6848736324707371,
    "support": 383.0
  }
}