{
  "R": {
    "precision": 0.6497175141242938,
    "recall": 0.6824925816023739,
    "f1-score": 0.6657018813314037,
    "support": 337.0
  },
  "C": {
    "precision": 0.5517241379310345,
    "recall": 0.5161290322580645,
    "f1-score": 0.5333333333333333,
    "support": 186.0
  },
  "V": {
    "precision": 0.7945945945945946,
    "recall": 0.6869158878504673,
    "f1-score": 0.736842105263158,
    "support": 214.0
  },
  "X": {
    "precision": 0.7555555555555555,
    "recall": 0.918918918918919,
    "f1-score": 0.8292682926829269,
    "support": 111.0
  },
  "accuracy": 0.6780660377358491,
  "macro avg": {
    "precision": 0.6878979505513696,
    "recall": 0.7011141051574562,
    "f1-score": 0.6912864031527055,
    "support": 848.0
  },
  "weighted avg": {
    "precision": 0.6786384455483128,
    "recall": 0.6780660377358491,
    "f1-score": 0.6760312795080233,
    "support": 848.0
  }
}