{
  "R": {
    "precision": 0.6627218934911243,
    "recall": 0.7320261437908496,
    "f1-score": 0.6956521739130436,
    "support": 153.0
  },
  "C": {
    "precision": 0.5950413223140496,
    "recall": 0.631578947368421,
    "f1-score": 0.6127659574468085,
    "support": 114.0
  },
  "V": {
    "precision": 0.6721311475409836,
    "recall": 0.6212121212121212,
    "f1-score": 0.6456692913385826,
    "support": 66.0
  },
  "X": {
    "precision": 0.96875,
    "recall": 0.62,
    "f1-score": 0.7560975609756097,
    "support": 50.0
  },
  "accuracy": 0.6684073107049608,
  "macro avg": {
    "precision": 0.7246610908365394,
    "recall": 0.6512043030928479,
    "f1-score": 0.6775462459185111,
    "support": 383.0
  },
  "weighted avg": {
    "precision": 0.6841496506152703,
    "recall": 0.6684073107049608,
    "f1-score": 0.6702588852082475,
    "support": 383.0
  }
}