{
  "R": {
    "precision": 0.5584795321637427,
    "recall": 0.5667655786350149,
    "f1-score": 0.5625920471281296,
    "support": 337.0
  },
  "C": {
    "precision": 0.5192307692307693,
    "recall": 0.43548387096774194,
    "f1-score": 0.4736842105263158,
    "support": 186.0
  },
  "V": {
    "precision": 0.5241935483870968,
    "recall": 0.6103286384976526,
    "f1-score": 0.563991323210412,
    "support": 213.0
  },
  "X": {
    "precision": 0.8383838383838383,
    "recall": 0.7614678899082569,
    "f1-score": 0.798076923076923,
    "support": 109.0
  },
  "accuracy": 0.5739644970414202,
  "macro avg": {
    "precision": 0.6100719220413617,
    "recall": 0.5935114945021666,
    "f1-score": 0.599586125985445,
    "support": 845.0
  },
  "weighted avg": {
    "precision": 0.5773036563389282,
    "recall": 0.5739644970414202,
    "f1-score": 0.5737506739636412,
    "support": 845.0
  }
}