{
  "R": {
    "precision": 0.45136186770428016,
    "recall": 0.7581699346405228,
    "f1-score": 0.5658536585365854,
    "support": 153.0
  },
  "C": {
    "precision": 0.5851063829787234,
    "recall": 0.4824561403508772,
    "f1-score": 0.5288461538461537,
    "support": 114.0
  },
  "V": {
    "precision": 0.0,
    "recall": 0.0,
    "f1-score": 0.0,
    "support": 66.0
  },
  "X": {
    "precision": 0.90625,
    "recall": 0.58,
    "f1-score": 0.7073170731707317,
    "support": 50.0
  },
  "accuracy": 0.5221932114882507,
  "macro avg": {
    "precision": 0.4856795626707509,
    "recall": 0.45515651874785,
    "f1-score": 0.4505042213883677,
    "support": 383.0
  },
  "weighted avg": {
    "precision": 0.47277543973454134,
    "recall": 0.5221932114882507,
    "f1-score": 0.47579614870259973,
    "support": 383.0
  }
}