{
  "R": {
    "precision": 0.6325301204819277,
    "recall": 0.6862745098039216,
    "f1-score": 0.6583072100313478,
    "support": 153.0
  },
  "C": {
    "precision": 0.5968992248062015,
    "recall": 0.6754385964912281,
    "f1-score": 0.6337448559670782,
    "support": 114.0
  },
  "V": {
    "precision": 0.7272727272727273,
    "recall": 0.6060606060606061,
    "f1-score": 0.6611570247933883,
    "support": 66.0
  },
  "X": {
    "precision": 0.9393939393939394,
    "recall": 0.62,
    "f1-score": 0.7469879518072288,
    "support": 50.0
  },
  "accuracy": 0.660574412532637,
  "macro avg": {
    "precision": 0.7240240029886991,
    "recall": 0.6469434280889389,
    "f1-score": 0.6750492606497608,
    "support": 383.0
  },
  "weighted avg": {
    "precision": 0.6783115327189005,
    "recall": 0.660574412532637,
    "f1-score": 0.6630644332683243,
    "support": 383.0
  }
}