{
  "R": {
    "precision": 0.6129032258064516,
    "recall": 0.7450980392156863,
    "f1-score": 0.672566371681416,
    "support": 153.0
  },
  "C": {
    "precision": 0.8214285714285714,
    "recall": 0.6052631578947368,
    "f1-score": 0.6969696969696969,
    "support": 114.0
  },
  "V": {
    "precision": 0.6071428571428571,
    "recall": 0.5151515151515151,
    "f1-score": 0.5573770491803278,
    "support": 66.0
  },
  "X": {
    "precision": 0.5964912280701754,
    "recall": 0.68,
    "f1-score": 0.6355140186915889,
    "support": 50.0
  },
  "accuracy": 0.6553524804177546,
  "macro avg": {
    "precision": 0.659491470612014,
    "recall": 0.6363781780654846,
    "f1-score": 0.6406067841307574,
    "support": 383.0
  },
  "weighted avg": {
    "precision": 0.6718356153164009,
    "recall": 0.6553524804177546,
    "f1-score": 0.6551430456978673,
    "support": 383.0
  }
}