{
  "R": {
    "precision": 0.711864406779661,
    "recall": 0.7477744807121661,
    "f1-score": 0.7293777134587555,
    "support": 337.0
  },
  "C": {
    "precision": 0.6163522012578616,
    "recall": 0.5268817204301075,
    "f1-score": 0.5681159420289855,
    "support": 186.0
  },
  "V": {
    "precision": 0.8,
    "recall": 0.7102803738317757,
    "f1-score": 0.7524752475247526,
    "support": 214.0
  },
  "X": {
    "precision": 0.7379310344827587,
    "recall": 0.963963963963964,
    "f1-score": 0.8359375000000001,
    "support": 111.0
  },
  "accuracy": 0.7181603773584906,
  "macro avg": {
    "precision": 0.7165369106300703,
    "recall": 0.7372251347345034,
    "f1-score": 0.7214766007531234,
    "support": 848.0
  },
  "weighted avg": {
    "precision": 0.716568584134781,
    "recall": 0.7181603773584906,
    "f1-score": 0.713783750145388,
    "support": 848.0
  }
}