{
  "R": {
    "precision": 0.514018691588785,
    "recall": 0.7189542483660131,
    "f1-score": 0.5994550408719346,
    "support": 153.0
  },
  "C": {
    "precision": 0.5050505050505051,
    "recall": 0.43859649122807015,
    "f1-score": 0.4694835680751174,
    "support": 114.0
  },
  "V": {
    "precision": 0.75,
    "recall": 0.45454545454545453,
    "f1-score": 0.5660377358490566,
    "support": 66.0
  },
  "X": {
    "precision": 1.0,
    "recall": 0.6,
    "f1-score": 0.7499999999999999,
    "support": 50.0
  },
  "accuracy": 0.5744125326370757,
  "macro avg": {
    "precision": 0.6922672991598225,
    "recall": 0.5530240485348844,
    "f1-score": 0.5962440861990271,
    "support": 383.0
  },
  "weighted avg": {
    "precision": 0.6154585310413621,
    "recall": 0.5744125326370757,
    "f1-score": 0.5746638083028907,
    "support": 383.0
  }
}