{
  "R": {
    "precision": 0.48616600790513836,
    "recall": 0.803921568627451,
    "f1-score": 0.6059113300492611,
    "support": 153.0
  },
  "C": {
    "precision": 0.5866666666666667,
    "recall": 0.38596491228070173,
    "f1-score": 0.4656084656084656,
    "support": 114.0
  },
  "V": {
    "precision": 0.47619047619047616,
    "recall": 0.15151515151515152,
    "f1-score": 0.22988505747126436,
    "support": 66.0
  },
  "X": {
    "precision": 1.0,
    "recall": 0.68,
    "f1-score": 0.8095238095238095,
    "support": 50.0
  },
  "accuracy": 0.5509138381201044,
  "macro avg": {
    "precision": 0.6372557876905703,
    "recall": 0.5053504081058261,
    "f1-score": 0.5277321656632001,
    "support": 383.0
  },
  "weighted avg": {
    "precision": 0.5814411766006726,
    "recall": 0.5509138381201044,
    "f1-score": 0.5259331667002506,
    "support": 383.0
  }
}