{
  "R": {
    "precision": 0.6125,
    "recall": 0.6405228758169934,
    "f1-score": 0.6261980830670927,
    "support": 153.0
  },
  "C": {
    "precision": 0.5966386554621849,
    "recall": 0.6228070175438597,
    "f1-score": 0.6094420600858369,
    "support": 114.0
  },
  "V": {
    "precision": 0.525,
    "recall": 0.6363636363636364,
    "f1-score": 0.5753424657534246,
    "support": 66.0
  },
  "X": {
    "precision": 1.0,
    "recall": 0.48,
    "f1-score": 0.6486486486486487,
    "support": 50.0
  },
  "accuracy": 0.6135770234986945,
  "macro avg": {
    "precision": 0.6835346638655462,
    "recall": 0.5949233824311223,
    "f1-score": 0.6149078143887508,
    "support": 383.0
  },
  "weighted avg": {
    "precision": 0.6432880071088488,
    "recall": 0.6135770234986945,
    "f1-score": 0.6153779026924519,
    "support": 383.0
  }
}