{
  "R": {
    "precision": 0.4573643410852713,
    "recall": 0.7712418300653595,
    "f1-score": 0.5742092457420924,
    "support": 153.0
  },
  "C": {
    "precision": 0.5913978494623656,
    "recall": 0.4824561403508772,
    "f1-score": 0.5314009661835749,
    "support": 114.0
  },
  "V": {
    "precision": 0.0,
    "recall": 0.0,
    "f1-score": 0.0,
    "support": 66.0
  },
  "X": {
    "precision": 0.9375,
    "recall": 0.6,
    "f1-score": 0.7317073170731707,
    "support": 50.0
  },
  "accuracy": 0.5300261096605744,
  "macro avg": {
    "precision": 0.49656554763690924,
    "recall": 0.46342449260405916,
    "f1-score": 0.4593293822497095,
    "support": 383.0
  },
  "weighted avg": {
    "precision": 0.4811255849210344,
    "recall": 0.5300261096605744,
    "f1-score": 0.4830785655277447,
    "support": 383.0
  }
}