{
  "R": {
    "precision": 0.4939271255060729,
    "recall": 0.7973856209150327,
    "f1-score": 0.61,
    "support": 153.0
  },
  "C": {
    "precision": 0.59375,
    "recall": 0.3333333333333333,
    "f1-score": 0.42696629213483145,
    "support": 114.0
  },
  "V": {
    "precision": 0.6,
    "recall": 0.36363636363636365,
    "f1-score": 0.4528301886792453,
    "support": 66.0
  },
  "X": {
    "precision": 0.9375,
    "recall": 0.6,
    "f1-score": 0.7317073170731707,
    "support": 50.0
  },
  "accuracy": 0.5587467362924282,
  "macro avg": {
    "precision": 0.6562942813765182,
    "recall": 0.5235888294711825,
    "f1-score": 0.5553759494718118,
    "support": 383.0
  },
  "weighted avg": {
    "precision": 0.5998259796408072,
    "recall": 0.5587467362924282,
    "f1-score": 0.5443245838377533,
    "support": 383.0
  }
}