{
  "R": {
    "precision": 0.5792349726775956,
    "recall": 0.6928104575163399,
    "f1-score": 0.6309523809523809,
    "support": 153.0
  },
  "C": {
    "precision": 0.543859649122807,
    "recall": 0.543859649122807,
    "f1-score": 0.543859649122807,
    "support": 114.0
  },
  "V": {
    "precision": 0.76,
    "recall": 0.5757575757575758,
    "f1-score": 0.6551724137931034,
    "support": 66.0
  },
  "X": {
    "precision": 0.9444444444444444,
    "recall": 0.68,
    "f1-score": 0.7906976744186047,
    "support": 50.0
  },
  "accuracy": 0.6266318537859008,
  "macro avg": {
    "precision": 0.7068847665612118,
    "recall": 0.6231069205991807,
    "f1-score": 0.6551705295717241,
    "support": 383.0
  },
  "weighted avg": {
    "precision": 0.6475330888822307,
    "recall": 0.6266318537859008,
    "f1-score": 0.6300573820286928,
    "support": 383.0
  }
}