{
  "R": {
    "precision": 0.5154867256637168,
    "recall": 0.6913946587537092,
    "f1-score": 0.5906210392902408,
    "support": 337.0
  },
  "C": {
    "precision": 0.5054945054945055,
    "recall": 0.24731182795698925,
    "f1-score": 0.33212996389891697,
    "support": 186.0
  },
  "V": {
    "precision": 0.6021505376344086,
    "recall": 0.5258215962441315,
    "f1-score": 0.5614035087719299,
    "support": 213.0
  },
  "X": {
    "precision": 0.7672413793103449,
    "recall": 0.8165137614678899,
    "f1-score": 0.7911111111111111,
    "support": 109.0
  },
  "accuracy": 0.5680473372781065,
  "macro avg": {
    "precision": 0.5975932870257439,
    "recall": 0.57026046110568,
    "f1-score": 0.5688164057680496,
    "support": 845.0
  },
  "weighted avg": {
    "precision": 0.5676075496232038,
    "recall": 0.5680473372781065,
    "f1-score": 0.5522195526692802,
    "support": 845.0
  }
}