{
  "R": {
    "precision": 0.5608465608465608,
    "recall": 0.6928104575163399,
    "f1-score": 0.6198830409356726,
    "support": 153.0
  },
  "C": {
    "precision": 0.5688073394495413,
    "recall": 0.543859649122807,
    "f1-score": 0.5560538116591929,
    "support": 114.0
  },
  "V": {
    "precision": 0.6862745098039216,
    "recall": 0.5303030303030303,
    "f1-score": 0.5982905982905983,
    "support": 66.0
  },
  "X": {
    "precision": 0.8235294117647058,
    "recall": 0.56,
    "f1-score": 0.6666666666666666,
    "support": 50.0
  },
  "accuracy": 0.6031331592689295,
  "macro avg": {
    "precision": 0.6598644554661823,
    "recall": 0.5817432842355443,
    "f1-score": 0.6102235293880326,
    "support": 383.0
  },
  "weighted avg": {
    "precision": 0.6191231037651844,
    "recall": 0.6031331592689295,
    "f1-score": 0.6032708945504405,
    "support": 383.0
  }
}