{
  "R": {
    "precision": 0.7319277108433735,
    "recall": 0.7210682492581603,
    "f1-score": 0.7264573991031389,
    "support": 337.0
  },
  "C": {
    "precision": 0.6144578313253012,
    "recall": 0.5483870967741935,
    "f1-score": 0.5795454545454545,
    "support": 186.0
  },
  "V": {
    "precision": 0.7830188679245284,
    "recall": 0.7830188679245284,
    "f1-score": 0.7830188679245284,
    "support": 212.0
  },
  "X": {
    "precision": 0.7720588235294118,
    "recall": 0.9459459459459459,
    "f1-score": 0.8502024291497976,
    "support": 111.0
  },
  "accuracy": 0.7281323877068558,
  "macro avg": {
    "precision": 0.7253658084056537,
    "recall": 0.749605039975707,
    "f1-score": 0.7348060376807299,
    "support": 846.0
  },
  "weighted avg": {
    "precision": 0.724169414411924,
    "recall": 0.7281323877068558,
    "f1-score": 0.7245674558851536,
    "support": 846.0
  }
}