{
  "R": {
    "precision": 0.6467065868263473,
    "recall": 0.7058823529411765,
    "f1-score": 0.675,
    "support": 153.0
  },
  "C": {
    "precision": 0.6190476190476191,
    "recall": 0.6842105263157895,
    "f1-score": 0.6500000000000001,
    "support": 114.0
  },
  "V": {
    "precision": 0.6379310344827587,
    "recall": 0.5606060606060606,
    "f1-score": 0.596774193548387,
    "support": 66.0
  },
  "X": {
    "precision": 0.9375,
    "recall": 0.6,
    "f1-score": 0.7317073170731707,
    "support": 50.0
  },
  "accuracy": 0.660574412532637,
  "macro avg": {
    "precision": 0.7102963100891813,
    "recall": 0.6376747349657567,
    "f1-score": 0.6633703776553894,
    "support": 383.0
  },
  "weighted avg": {
    "precision": 0.6749242418582813,
    "recall": 0.660574412532637,
    "f1-score": 0.6614816256601882,
    "support": 383.0
  }
}