{
  "R": {
    "precision": 0.5145985401459854,
    "recall": 0.8367952522255193,
    "f1-score": 0.6372881355932204,
    "support": 337.0
  },
  "C": {
    "precision": 0.6,
    "recall": 0.03225806451612903,
    "f1-score": 0.061224489795918366,
    "support": 186.0
  },
  "V": {
    "precision": 0.6413043478260869,
    "recall": 0.5566037735849056,
    "f1-score": 0.5959595959595959,
    "support": 212.0
  },
  "X": {
    "precision": 0.9134615384615384,
    "recall": 0.8558558558558559,
    "f1-score": 0.8837209302325582,
    "support": 111.0
  },
  "accuracy": 0.5921985815602837,
  "macro avg": {
    "precision": 0.6673411066084026,
    "recall": 0.5703782365456025,
    "f1-score": 0.5445482878953232,
    "support": 846.0
  },
  "weighted avg": {
    "precision": 0.6174591732122439,
    "recall": 0.5921985815602837,
    "f1-score": 0.5326126647709272,
    "support": 846.0
  }
}