{
  "R": {
    "precision": 0.5,
    "recall": 0.7058823529411765,
    "f1-score": 0.5853658536585366,
    "support": 153.0
  },
  "C": {
    "precision": 0.5842696629213483,
    "recall": 0.45614035087719296,
    "f1-score": 0.5123152709359605,
    "support": 114.0
  },
  "V": {
    "precision": 0.5714285714285714,
    "recall": 0.42424242424242425,
    "f1-score": 0.48695652173913045,
    "support": 66.0
  },
  "X": {
    "precision": 1.0,
    "recall": 0.58,
    "f1-score": 0.7341772151898733,
    "support": 50.0
  },
  "accuracy": 0.566579634464752,
  "macro avg": {
    "precision": 0.66392455858748,
    "recall": 0.5415662820151984,
    "f1-score": 0.5797037153808753,
    "support": 383.0
  },
  "weighted avg": {
    "precision": 0.6026658675909123,
    "recall": 0.566579634464752,
    "f1-score": 0.5660911427956445,
    "support": 383.0
  }
}