{
  "R": {
    "precision": 0.6172839506172839,
    "recall": 0.5934718100890207,
    "f1-score": 0.6051437216338881,
    "support": 337.0
  },
  "C": {
    "precision": 0.5028571428571429,
    "recall": 0.4731182795698925,
    "f1-score": 0.48753462603878117,
    "support": 186.0
  },
  "V": {
    "precision": 0.6859903381642513,
    "recall": 0.6666666666666666,
    "f1-score": 0.6761904761904762,
    "support": 213.0
  },
  "X": {
    "precision": 0.6906474820143885,
    "recall": 0.8807339449541285,
    "f1-score": 0.7741935483870969,
    "support": 109.0
  },
  "accuracy": 0.6224852071005917,
  "macro avg": {
    "precision": 0.6241947284132666,
    "recall": 0.6534976753199271,
    "f1-score": 0.6357655930625605,
    "support": 845.0
  },
  "weighted avg": {
    "precision": 0.6188788609443872,
    "recall": 0.6224852071005917,
    "f1-score": 0.6189710566113592,
    "support": 845.0
  }
}