{
  "R": {
    "precision": 0.632768361581921,
    "recall": 0.7320261437908496,
    "f1-score": 0.6787878787878788,
    "support": 153.0
  },
  "C": {
    "precision": 0.6160714285714286,
    "recall": 0.6052631578947368,
    "f1-score": 0.6106194690265486,
    "support": 114.0
  },
  "V": {
    "precision": 0.7758620689655172,
    "recall": 0.6818181818181818,
    "f1-score": 0.7258064516129032,
    "support": 66.0
  },
  "X": {
    "precision": 0.9722222222222222,
    "recall": 0.7,
    "f1-score": 0.813953488372093,
    "support": 50.0
  },
  "accuracy": 0.6814621409921671,
  "macro avg": {
    "precision": 0.7492310203352723,
    "recall": 0.679776870875942,
    "f1-score": 0.707291821949856,
    "support": 383.0
  },
  "weighted avg": {
    "precision": 0.6967720883603447,
    "recall": 0.6814621409921671,
    "f1-score": 0.6842456009102565,
    "support": 383.0
  }
}