{
  "R": {
    "precision": 0.6,
    "recall": 0.6470588235294118,
    "f1-score": 0.6226415094339622,
    "support": 153.0
  },
  "C": {
    "precision": 0.45045045045045046,
    "recall": 0.43859649122807015,
    "f1-score": 0.4444444444444444,
    "support": 114.0
  },
  "V": {
    "precision": 0.6447368421052632,
    "recall": 0.7424242424242424,
    "f1-score": 0.6901408450704226,
    "support": 66.0
  },
  "X": {
    "precision": 1.0,
    "recall": 0.62,
    "f1-score": 0.7654320987654321,
    "support": 50.0
  },
  "accuracy": 0.597911227154047,
  "macro avg": {
    "precision": 0.6737968231389284,
    "recall": 0.612019889295431,
    "f1-score": 0.6306647244285652,
    "support": 383.0
  },
  "weighted avg": {
    "precision": 0.6154150990347226,
    "recall": 0.597911227154047,
    "f1-score": 0.5998739381801107,
    "support": 383.0
  }
}