{
  "R": {
    "precision": 0.7218045112781954,
    "recall": 0.6274509803921569,
    "f1-score": 0.6713286713286714,
    "support": 153.0
  },
  "C": {
    "precision": 0.648854961832061,
    "recall": 0.7456140350877193,
    "f1-score": 0.6938775510204082,
    "support": 114.0
  },
  "V": {
    "precision": 0.6162790697674418,
    "recall": 0.803030303030303,
    "f1-score": 0.6973684210526315,
    "support": 66.0
  },
  "X": {
    "precision": 0.9696969696969697,
    "recall": 0.64,
    "f1-score": 0.7710843373493975,
    "support": 50.0
  },
  "accuracy": 0.6945169712793734,
  "macro avg": {
    "precision": 0.7391588781436671,
    "recall": 0.7040238296275448,
    "f1-score": 0.7084147451877771,
    "support": 383.0
  },
  "weighted avg": {
    "precision": 0.7142684672687167,
    "recall": 0.6945169712793734,
    "f1-score": 0.6955505487899655,
    "support": 383.0
  }
}