{
  "R": {
    "precision": 0.40540540540540543,
    "recall": 0.7843137254901961,
    "f1-score": 0.534521158129176,
    "support": 153.0
  },
  "C": {
    "precision": 0.3898305084745763,
    "recall": 0.20175438596491227,
    "f1-score": 0.2658959537572254,
    "support": 114.0
  },
  "V": {
    "precision": 0.17857142857142858,
    "recall": 0.07575757575757576,
    "f1-score": 0.10638297872340424,
    "support": 66.0
  },
  "X": {
    "precision": 0.0,
    "recall": 0.0,
    "f1-score": 0.0,
    "support": 50.0
  },
  "accuracy": 0.38642297650130547,
  "macro avg": {
    "precision": 0.24345183561285258,
    "recall": 0.265456421803171,
    "f1-score": 0.22670002265245143,
    "support": 383.0
  },
  "weighted avg": {
    "precision": 0.3087556639134283,
    "recall": 0.38642297650130547,
    "f1-score": 0.3110056201509982,
    "support": 383.0
  }
}