{
  "R": {
    "precision": 0.6273148148148148,
    "recall": 0.8041543026706232,
    "f1-score": 0.7048114434330299,
    "support": 337.0
  },
  "C": {
    "precision": 0.6371681415929203,
    "recall": 0.3870967741935484,
    "f1-score": 0.4816053511705686,
    "support": 186.0
  },
  "V": {
    "precision": 0.7604790419161677,
    "recall": 0.5990566037735849,
    "f1-score": 0.6701846965699209,
    "support": 212.0
  },
  "X": {
    "precision": 0.7611940298507462,
    "recall": 0.918918918918919,
    "f1-score": 0.8326530612244898,
    "support": 111.0
  },
  "accuracy": 0.6761229314420804,
  "macro avg": {
    "precision": 0.6965390070436623,
    "recall": 0.6773066498891689,
    "f1-score": 0.6723136380995023,
    "support": 846.0
  },
  "weighted avg": {
    "precision": 0.68041662071931,
    "recall": 0.6761229314420804,
    "f1-score": 0.6638341574744663,
    "support": 846.0
  }
}