{
  "best_edge_f1": 0.9361493123772103,
  "best_combined_score": 0.7463932539791722
}