{
  "R": {
    "precision": 0.6644295302013423,
    "recall": 0.6470588235294118,
    "f1-score": 0.6556291390728477,
    "support": 153.0
  },
  "C": {
    "precision": 0.5864661654135338,
    "recall": 0.6842105263157895,
    "f1-score": 0.631578947368421,
    "support": 114.0
  },
  "V": {
    "precision": 0.7166666666666667,
    "recall": 0.6515151515151515,
    "f1-score": 0.6825396825396826,
    "support": 66.0
  },
  "X": {
    "precision": 0.8292682926829268,
    "recall": 0.68,
    "f1-score": 0.7472527472527474,
    "support": 50.0
  },
  "accuracy": 0.6631853785900783,
  "macro avg": {
    "precision": 0.6992076637411174,
    "recall": 0.6656961253400883,
    "f1-score": 0.6792501290584246,
    "support": 383.0
  },
  "weighted avg": {
    "precision": 0.6717448449401946,
    "recall": 0.6631853785900783,
    "f1-score": 0.6650692289514416,
    "support": 383.0
  }
}