{
  "R": {
    "precision": 0.5891891891891892,
    "recall": 0.7124183006535948,
    "f1-score": 0.6449704142011835,
    "support": 153.0
  },
  "C": {
    "precision": 0.5660377358490566,
    "recall": 0.5263157894736842,
    "f1-score": 0.5454545454545455,
    "support": 114.0
  },
  "V": {
    "precision": 0.8269230769230769,
    "recall": 0.6515151515151515,
    "f1-score": 0.7288135593220337,
    "support": 66.0
  },
  "X": {
    "precision": 0.8,
    "recall": 0.64,
    "f1-score": 0.7111111111111111,
    "support": 50.0
  },
  "accuracy": 0.6370757180156658,
  "macro avg": {
    "precision": 0.6955375004903307,
    "recall": 0.6325623104106076,
    "f1-score": 0.6575874075222184,
    "support": 383.0
  },
  "weighted avg": {
    "precision": 0.6507863470226147,
    "recall": 0.6370757180156658,
    "f1-score": 0.6384322246094232,
    "support": 383.0
  }
}