{
  "R": {
    "precision": 0.5642023346303502,
    "recall": 0.8605341246290801,
    "f1-score": 0.681551116333725,
    "support": 337.0
  },
  "C": {
    "precision": 0.5217391304347826,
    "recall": 0.06451612903225806,
    "f1-score": 0.11483253588516745,
    "support": 186.0
  },
  "V": {
    "precision": 0.7329842931937173,
    "recall": 0.660377358490566,
    "f1-score": 0.694789081885856,
    "support": 212.0
  },
  "X": {
    "precision": 0.7796610169491526,
    "recall": 0.8288288288288288,
    "f1-score": 0.8034934497816594,
    "support": 111.0
  },
  "accuracy": 0.6312056737588653,
  "macro avg": {
    "precision": 0.6496466938020007,
    "recall": 0.6035641102451832,
    "f1-score": 0.5736665459716019,
    "support": 846.0
  },
  "weighted avg": {
    "precision": 0.6254310970091271,
    "recall": 0.6312056737588653,
    "f1-score": 0.5762702555137968,
    "support": 846.0
  }
}