{
  "R": {
    "precision": 0.68125,
    "recall": 0.7124183006535948,
    "f1-score": 0.6964856230031949,
    "support": 153.0
  },
  "C": {
    "precision": 0.6033057851239669,
    "recall": 0.6403508771929824,
    "f1-score": 0.6212765957446809,
    "support": 114.0
  },
  "V": {
    "precision": 0.765625,
    "recall": 0.7424242424242424,
    "f1-score": 0.7538461538461539,
    "support": 66.0
  },
  "X": {
    "precision": 0.9473684210526315,
    "recall": 0.72,
    "f1-score": 0.8181818181818181,
    "support": 50.0
  },
  "accuracy": 0.6971279373368147,
  "macro avg": {
    "precision": 0.7493873015441496,
    "recall": 0.7037983550677049,
    "f1-score": 0.722447547693962,
    "support": 383.0
  },
  "weighted avg": {
    "precision": 0.7073310197304538,
    "recall": 0.6971279373368147,
    "f1-score": 0.6998714603063172,
    "support": 383.0
  }
}