{
  "R": {
    "precision": 0.6586826347305389,
    "recall": 0.7189542483660131,
    "f1-score": 0.6875,
    "support": 153.0
  },
  "C": {
    "precision": 0.5564516129032258,
    "recall": 0.6052631578947368,
    "f1-score": 0.5798319327731092,
    "support": 114.0
  },
  "V": {
    "precision": 0.7796610169491526,
    "recall": 0.696969696969697,
    "f1-score": 0.7360000000000001,
    "support": 66.0
  },
  "X": {
    "precision": 1.0,
    "recall": 0.66,
    "f1-score": 0.7951807228915663,
    "support": 50.0
  },
  "accuracy": 0.6736292428198434,
  "macro avg": {
    "precision": 0.7486988161457293,
    "recall": 0.6702967758076117,
    "f1-score": 0.6996281639161689,
    "support": 383.0
  },
  "weighted avg": {
    "precision": 0.6936594101916038,
    "recall": 0.6736292428198434,
    "f1-score": 0.6778678237094329,
    "support": 383.0
  }
}