{
  "R": {
    "precision": 0.6405228758169934,
    "recall": 0.6405228758169934,
    "f1-score": 0.6405228758169934,
    "support": 153.0
  },
  "C": {
    "precision": 0.5619834710743802,
    "recall": 0.5964912280701754,
    "f1-score": 0.5787234042553191,
    "support": 114.0
  },
  "V": {
    "precision": 0.589041095890411,
    "recall": 0.6515151515151515,
    "f1-score": 0.6187050359712231,
    "support": 66.0
  },
  "X": {
    "precision": 0.9722222222222222,
    "recall": 0.7,
    "f1-score": 0.813953488372093,
    "support": 50.0
  },
  "accuracy": 0.6370757180156658,
  "macro avg": {
    "precision": 0.6909424162510017,
    "recall": 0.64713231385058,
    "f1-score": 0.6629762011039072,
    "support": 383.0
  },
  "weighted avg": {
    "precision": 0.6515768646014558,
    "recall": 0.6370757180156658,
    "f1-score": 0.6410095949812317,
    "support": 383.0
  }
}