{
  "R": {
    "precision": 0.6232876712328768,
    "recall": 0.5947712418300654,
    "f1-score": 0.608695652173913,
    "support": 153.0
  },
  "C": {
    "precision": 0.5546218487394958,
    "recall": 0.5789473684210527,
    "f1-score": 0.5665236051502146,
    "support": 114.0
  },
  "V": {
    "precision": 0.5975609756097561,
    "recall": 0.7424242424242424,
    "f1-score": 0.6621621621621622,
    "support": 66.0
  },
  "X": {
    "precision": 0.9166666666666666,
    "recall": 0.66,
    "f1-score": 0.7674418604651163,
    "support": 50.0
  },
  "accuracy": 0.6240208877284595,
  "macro avg": {
    "precision": 0.6730342905621988,
    "recall": 0.6440357131688401,
    "f1-score": 0.6512058199878515,
    "support": 383.0
  },
  "weighted avg": {
    "precision": 0.6367160892389292,
    "recall": 0.6240208877284595,
    "f1-score": 0.6260807349756963,
    "support": 383.0
  }
}