{
  "R": {
    "precision": 0.648590021691974,
    "recall": 0.887240356083086,
    "f1-score": 0.74937343358396,
    "support": 337.0
  },
  "C": {
    "precision": 0.7380952380952381,
    "recall": 0.3333333333333333,
    "f1-score": 0.4592592592592593,
    "support": 186.0
  },
  "V": {
    "precision": 0.7679558011049724,
    "recall": 0.6556603773584906,
    "f1-score": 0.7073791348600509,
    "support": 212.0
  },
  "X": {
    "precision": 0.8833333333333333,
    "recall": 0.954954954954955,
    "f1-score": 0.9177489177489178,
    "support": 111.0
  },
  "accuracy": 0.7163120567375887,
  "macro avg": {
    "precision": 0.7594935985563794,
    "recall": 0.7077972554324663,
    "f1-score": 0.708440186363047,
    "support": 846.0
  },
  "weighted avg": {
    "precision": 0.7289801198938105,
    "recall": 0.7163120567375887,
    "f1-score": 0.6971578910171128,
    "support": 846.0
  }
}