{
  "R": {
    "precision": 0.656441717791411,
    "recall": 0.6993464052287581,
    "f1-score": 0.6772151898734177,
    "support": 153.0
  },
  "C": {
    "precision": 0.562962962962963,
    "recall": 0.6666666666666666,
    "f1-score": 0.6104417670682731,
    "support": 114.0
  },
  "V": {
    "precision": 0.82,
    "recall": 0.6212121212121212,
    "f1-score": 0.706896551724138,
    "support": 66.0
  },
  "X": {
    "precision": 0.9714285714285714,
    "recall": 0.68,
    "f1-score": 0.8,
    "support": 50.0
  },
  "accuracy": 0.6736292428198434,
  "macro avg": {
    "precision": 0.7527083130457364,
    "recall": 0.6668062982768865,
    "f1-score": 0.6986383771664573,
    "support": 383.0
  },
  "weighted avg": {
    "precision": 0.6979237315177342,
    "recall": 0.6736292428198434,
    "f1-score": 0.67848422430864,
    "support": 383.0
  }
}