{
  "R": {
    "precision": 0.6119402985074627,
    "recall": 0.803921568627451,
    "f1-score": 0.6949152542372882,
    "support": 153.0
  },
  "C": {
    "precision": 0.7070707070707071,
    "recall": 0.6140350877192983,
    "f1-score": 0.6572769953051644,
    "support": 114.0
  },
  "V": {
    "precision": 0.6595744680851063,
    "recall": 0.4696969696969697,
    "f1-score": 0.5486725663716814,
    "support": 66.0
  },
  "X": {
    "precision": 0.7222222222222222,
    "recall": 0.52,
    "f1-score": 0.6046511627906976,
    "support": 50.0
  },
  "accuracy": 0.6527415143603134,
  "macro avg": {
    "precision": 0.6752019239713746,
    "recall": 0.6019134065109297,
    "f1-score": 0.626378994676208,
    "support": 383.0
  },
  "weighted avg": {
    "precision": 0.6628614942100014,
    "recall": 0.6527415143603134,
    "f1-score": 0.6467273077889287,
    "support": 383.0
  }
}