{
  "R": {
    "precision": 0.64,
    "recall": 0.6274509803921569,
    "f1-score": 0.6336633663366336,
    "support": 153.0
  },
  "C": {
    "precision": 0.5142857142857142,
    "recall": 0.631578947368421,
    "f1-score": 0.5669291338582677,
    "support": 114.0
  },
  "V": {
    "precision": 0.8,
    "recall": 0.6666666666666666,
    "f1-score": 0.7272727272727272,
    "support": 66.0
  },
  "X": {
    "precision": 0.9736842105263158,
    "recall": 0.74,
    "f1-score": 0.8409090909090909,
    "support": 50.0
  },
  "accuracy": 0.6501305483028721,
  "macro avg": {
    "precision": 0.7319924812030075,
    "recall": 0.6664241486068112,
    "f1-score": 0.6921935795941798,
    "support": 383.0
  },
  "weighted avg": {
    "precision": 0.6737148353913505,
    "recall": 0.6501305483028721,
    "f1-score": 0.6569866079759844,
    "support": 383.0
  }
}