{
  "R": {
    "precision": 0.69375,
    "recall": 0.7254901960784313,
    "f1-score": 0.7092651757188498,
    "support": 153.0
  },
  "C": {
    "precision": 0.6697247706422018,
    "recall": 0.6403508771929824,
    "f1-score": 0.6547085201793722,
    "support": 114.0
  },
  "V": {
    "precision": 0.6363636363636364,
    "recall": 0.7424242424242424,
    "f1-score": 0.6853146853146853,
    "support": 66.0
  },
  "X": {
    "precision": 0.972972972972973,
    "recall": 0.72,
    "f1-score": 0.8275862068965518,
    "support": 50.0
  },
  "accuracy": 0.7023498694516971,
  "macro avg": {
    "precision": 0.7432028449947028,
    "recall": 0.7070663289239141,
    "f1-score": 0.7192186470273647,
    "support": 383.0
  },
  "weighted avg": {
    "precision": 0.7131619386471532,
    "recall": 0.7023498694516971,
    "f1-score": 0.70434575133428,
    "support": 383.0
  }
}