{
  "R": {
    "precision": 0.5913978494623656,
    "recall": 0.7189542483660131,
    "f1-score": 0.6489675516224189,
    "support": 153.0
  },
  "C": {
    "precision": 0.5445544554455446,
    "recall": 0.4824561403508772,
    "f1-score": 0.5116279069767442,
    "support": 114.0
  },
  "V": {
    "precision": 0.7413793103448276,
    "recall": 0.6515151515151515,
    "f1-score": 0.6935483870967741,
    "support": 66.0
  },
  "X": {
    "precision": 0.8421052631578947,
    "recall": 0.64,
    "f1-score": 0.7272727272727272,
    "support": 50.0
  },
  "accuracy": 0.6266318537859008,
  "macro avg": {
    "precision": 0.679859219602658,
    "recall": 0.6232313850580105,
    "f1-score": 0.6453541432421661,
    "support": 383.0
  },
  "weighted avg": {
    "precision": 0.6360297037315598,
    "recall": 0.6266318537859008,
    "f1-score": 0.6259933334349933,
    "support": 383.0
  }
}