{
  "R": {
    "precision": 0.5383141762452107,
    "recall": 0.8338278931750742,
    "f1-score": 0.6542491268917346,
    "support": 337.0
  },
  "C": {
    "precision": 0.5454545454545454,
    "recall": 0.03225806451612903,
    "f1-score": 0.06091370558375635,
    "support": 186.0
  },
  "V": {
    "precision": 0.6974358974358974,
    "recall": 0.6415094339622641,
    "f1-score": 0.6683046683046683,
    "support": 212.0
  },
  "X": {
    "precision": 0.7796610169491526,
    "recall": 0.8288288288288288,
    "f1-score": 0.8034934497816594,
    "support": 111.0
  },
  "accuracy": 0.6087470449172577,
  "macro avg": {
    "precision": 0.6402164090212015,
    "recall": 0.584106055120574,
    "f1-score": 0.5467402376404547,
    "support": 846.0
  },
  "weighted avg": {
    "precision": 0.6114245933651864,
    "recall": 0.6087470449172577,
    "f1-score": 0.5469033896069115,
    "support": 846.0
  }
}