{
  "R": {
    "precision": 0.48945147679324896,
    "recall": 0.7581699346405228,
    "f1-score": 0.5948717948717949,
    "support": 153.0
  },
  "C": {
    "precision": 0.5949367088607594,
    "recall": 0.41228070175438597,
    "f1-score": 0.48704663212435234,
    "support": 114.0
  },
  "V": {
    "precision": 0.5517241379310345,
    "recall": 0.24242424242424243,
    "f1-score": 0.33684210526315794,
    "support": 66.0
  },
  "X": {
    "precision": 0.868421052631579,
    "recall": 0.66,
    "f1-score": 0.7500000000000001,
    "support": 50.0
  },
  "accuracy": 0.5535248041775457,
  "macro avg": {
    "precision": 0.6261333440541554,
    "recall": 0.5182187197047878,
    "f1-score": 0.5421901330648263,
    "support": 383.0
  },
  "weighted avg": {
    "precision": 0.5810540639543628,
    "recall": 0.5535248041775457,
    "f1-score": 0.5385646987596062,
    "support": 383.0
  }
}