{
  "R": {
    "precision": 0.5816326530612245,
    "recall": 0.7450980392156863,
    "f1-score": 0.653295128939828,
    "support": 153.0
  },
  "C": {
    "precision": 0.5841584158415841,
    "recall": 0.5175438596491229,
    "f1-score": 0.5488372093023255,
    "support": 114.0
  },
  "V": {
    "precision": 0.6981132075471698,
    "recall": 0.5606060606060606,
    "f1-score": 0.6218487394957982,
    "support": 66.0
  },
  "X": {
    "precision": 1.0,
    "recall": 0.66,
    "f1-score": 0.7951807228915663,
    "support": 50.0
  },
  "accuracy": 0.6344647519582245,
  "macro avg": {
    "precision": 0.7159760691124946,
    "recall": 0.6208119898677175,
    "f1-score": 0.6547904501573796,
    "support": 383.0
  },
  "weighted avg": {
    "precision": 0.65707396089405,
    "recall": 0.6344647519582245,
    "f1-score": 0.6353071789544642,
    "support": 383.0
  }
}