{
  "R": {
    "precision": 0.6875,
    "recall": 0.7833827893175074,
    "f1-score": 0.7323162274618585,
    "support": 337.0
  },
  "C": {
    "precision": 0.6103896103896104,
    "recall": 0.5053763440860215,
    "f1-score": 0.5529411764705882,
    "support": 186.0
  },
  "V": {
    "precision": 0.8219895287958116,
    "recall": 0.7405660377358491,
    "f1-score": 0.7791563275434243,
    "support": 212.0
  },
  "X": {
    "precision": 0.8461538461538461,
    "recall": 0.8918918918918919,
    "f1-score": 0.868421052631579,
    "support": 111.0
  },
  "accuracy": 0.7257683215130024,
  "macro avg": {
    "precision": 0.741508246334817,
    "recall": 0.7303042657578174,
    "f1-score": 0.7332086960268624,
    "support": 846.0
  },
  "weighted avg": {
    "precision": 0.7250648044447475,
    "recall": 0.7257683215130024,
    "f1-score": 0.7224745930963202,
    "support": 846.0
  }
}