{
  "R": {
    "precision": 0.5769230769230769,
    "recall": 0.7843137254901961,
    "f1-score": 0.6648199445983378,
    "support": 153.0
  },
  "C": {
    "precision": 0.6511627906976745,
    "recall": 0.49122807017543857,
    "f1-score": 0.5599999999999999,
    "support": 114.0
  },
  "V": {
    "precision": 0.6071428571428571,
    "recall": 0.5151515151515151,
    "f1-score": 0.5573770491803278,
    "support": 66.0
  },
  "X": {
    "precision": 0.9696969696969697,
    "recall": 0.64,
    "f1-score": 0.7710843373493975,
    "support": 50.0
  },
  "accuracy": 0.6318537859007833,
  "macro avg": {
    "precision": 0.7012314236151446,
    "recall": 0.6076733277042875,
    "f1-score": 0.6383203327820158,
    "support": 383.0
  },
  "weighted avg": {
    "precision": 0.6555040886815736,
    "recall": 0.6318537859007833,
    "f1-score": 0.6289779468326819,
    "support": 383.0
  }
}