{
  "R": {
    "precision": 0.6201117318435754,
    "recall": 0.7254901960784313,
    "f1-score": 0.6686746987951807,
    "support": 153.0
  },
  "C": {
    "precision": 0.6238532110091743,
    "recall": 0.5964912280701754,
    "f1-score": 0.609865470852018,
    "support": 114.0
  },
  "V": {
    "precision": 0.6774193548387096,
    "recall": 0.6363636363636364,
    "f1-score": 0.65625,
    "support": 66.0
  },
  "X": {
    "precision": 0.9393939393939394,
    "recall": 0.62,
    "f1-score": 0.7469879518072288,
    "support": 50.0
  },
  "accuracy": 0.6579634464751958,
  "macro avg": {
    "precision": 0.7151945592713497,
    "recall": 0.6445862651280608,
    "f1-score": 0.6704445303636068,
    "support": 383.0
  },
  "weighted avg": {
    "precision": 0.672782598997819,
    "recall": 0.6579634464751958,
    "f1-score": 0.659252715882909,
    "support": 383.0
  }
}