{
  "R": {
    "precision": 0.6574585635359116,
    "recall": 0.7777777777777778,
    "f1-score": 0.7125748502994012,
    "support": 153.0
  },
  "C": {
    "precision": 0.7191011235955056,
    "recall": 0.5614035087719298,
    "f1-score": 0.6305418719211823,
    "support": 114.0
  },
  "V": {
    "precision": 0.6410256410256411,
    "recall": 0.7575757575757576,
    "f1-score": 0.6944444444444444,
    "support": 66.0
  },
  "X": {
    "precision": 0.9142857142857143,
    "recall": 0.64,
    "f1-score": 0.7529411764705883,
    "support": 50.0
  },
  "accuracy": 0.6919060052219321,
  "macro avg": {
    "precision": 0.7329677606106931,
    "recall": 0.6841892610313663,
    "f1-score": 0.697625585783904,
    "support": 383.0
  },
  "weighted avg": {
    "precision": 0.7065030452555096,
    "recall": 0.6919060052219321,
    "f1-score": 0.6903031792472217,
    "support": 383.0
  }
}