{
  "R": {
    "precision": 0.6687116564417178,
    "recall": 0.7124183006535948,
    "f1-score": 0.689873417721519,
    "support": 153.0
  },
  "C": {
    "precision": 0.608,
    "recall": 0.6666666666666666,
    "f1-score": 0.6359832635983264,
    "support": 114.0
  },
  "V": {
    "precision": 0.8070175438596491,
    "recall": 0.696969696969697,
    "f1-score": 0.7479674796747967,
    "support": 66.0
  },
  "X": {
    "precision": 0.9210526315789473,
    "recall": 0.7,
    "f1-score": 0.7954545454545453,
    "support": 50.0
  },
  "accuracy": 0.6945169712793734,
  "macro avg": {
    "precision": 0.7511954579700786,
    "recall": 0.6940136660724896,
    "f1-score": 0.7173196766122969,
    "support": 383.0
  },
  "weighted avg": {
    "precision": 0.7074169005463892,
    "recall": 0.6945169712793734,
    "f1-score": 0.6976274305296748,
    "support": 383.0
  }
}