{
  "R": {
    "precision": 0.7147239263803681,
    "recall": 0.6913946587537092,
    "f1-score": 0.702865761689291,
    "support": 337.0
  },
  "C": {
    "precision": 0.5828571428571429,
    "recall": 0.5483870967741935,
    "f1-score": 0.5650969529085873,
    "support": 186.0
  },
  "V": {
    "precision": 0.8021390374331551,
    "recall": 0.7009345794392523,
    "f1-score": 0.7481296758104737,
    "support": 214.0
  },
  "X": {
    "precision": 0.6625,
    "recall": 0.954954954954955,
    "f1-score": 0.7822878228782287,
    "support": 111.0
  },
  "accuracy": 0.6969339622641509,
  "macro avg": {
    "precision": 0.6905550266676665,
    "recall": 0.7239178224805275,
    "f1-score": 0.6995950533216453,
    "support": 848.0
  },
  "weighted avg": {
    "precision": 0.7010243464296083,
    "recall": 0.6969339622641509,
    "f1-score": 0.6944663843080343,
    "support": 848.0
  }
}