{
  "R": {
    "precision": 0.5647668393782384,
    "recall": 0.6468842729970327,
    "f1-score": 0.603042876901798,
    "support": 337.0
  },
  "C": {
    "precision": 0.4883720930232558,
    "recall": 0.3387096774193548,
    "f1-score": 0.4,
    "support": 186.0
  },
  "V": {
    "precision": 0.693069306930693,
    "recall": 0.6572769953051644,
    "f1-score": 0.674698795180723,
    "support": 213.0
  },
  "X": {
    "precision": 0.734375,
    "recall": 0.8623853211009175,
    "f1-score": 0.7932489451476793,
    "support": 109.0
  },
  "accuracy": 0.6094674556213018,
  "macro avg": {
    "precision": 0.6201458098330468,
    "recall": 0.6263140667056174,
    "f1-score": 0.6177476543075501,
    "support": 845.0
  },
  "weighted avg": {
    "precision": 0.6021707355609817,
    "recall": 0.6094674556213018,
    "f1-score": 0.6009472519650851,
    "support": 845.0
  }
}