{
  "R": {
    "precision": 0.45185185185185184,
    "recall": 0.39869281045751637,
    "f1-score": 0.4236111111111111,
    "support": 153.0
  },
  "C": {
    "precision": 0.37735849056603776,
    "recall": 0.7017543859649122,
    "f1-score": 0.49079754601227005,
    "support": 114.0
  },
  "V": {
    "precision": 0.8055555555555556,
    "recall": 0.4393939393939394,
    "f1-score": 0.5686274509803921,
    "support": 66.0
  },
  "X": {
    "precision": 0.0,
    "recall": 0.0,
    "f1-score": 0.0,
    "support": 50.0
  },
  "accuracy": 0.44386422976501305,
  "macro avg": {
    "precision": 0.4086914744933613,
    "recall": 0.384960283954092,
    "f1-score": 0.3707590270259433,
    "support": 383.0
  },
  "weighted avg": {
    "precision": 0.43164195280555695,
    "recall": 0.44386422976501305,
    "f1-score": 0.41329721151463356,
    "support": 383.0
  }
}