{
  "R": {
    "precision": 0.5096153846153846,
    "recall": 0.6928104575163399,
    "f1-score": 0.5872576177285318,
    "support": 153.0
  },
  "C": {
    "precision": 0.49514563106796117,
    "recall": 0.4473684210526316,
    "f1-score": 0.4700460829493088,
    "support": 114.0
  },
  "V": {
    "precision": 0.7380952380952381,
    "recall": 0.4696969696969697,
    "f1-score": 0.5740740740740741,
    "support": 66.0
  },
  "X": {
    "precision": 1.0,
    "recall": 0.6,
    "f1-score": 0.7499999999999999,
    "support": 50.0
  },
  "accuracy": 0.5691906005221932,
  "macro avg": {
    "precision": 0.6857140634446459,
    "recall": 0.5524689620664853,
    "f1-score": 0.5953444436879787,
    "support": 383.0
  },
  "weighted avg": {
    "precision": 0.6086998472641961,
    "recall": 0.5691906005221932,
    "f1-score": 0.5713434931007192,
    "support": 383.0
  }
}