{
  "R": {
    "precision": 0.5171102661596958,
    "recall": 0.8071216617210683,
    "f1-score": 0.630359212050985,
    "support": 337.0
  },
  "C": {
    "precision": 0.0,
    "recall": 0.0,
    "f1-score": 0.0,
    "support": 186.0
  },
  "V": {
    "precision": 0.624390243902439,
    "recall": 0.5981308411214953,
    "f1-score": 0.6109785202863961,
    "support": 214.0
  },
  "X": {
    "precision": 0.7692307692307693,
    "recall": 0.8108108108108109,
    "f1-score": 0.7894736842105263,
    "support": 111.0
  },
  "accuracy": 0.5778301886792453,
  "macro avg": {
    "precision": 0.477682819823226,
    "recall": 0.5540158284133436,
    "f1-score": 0.5077028541369768,
    "support": 848.0
  },
  "weighted avg": {
    "precision": 0.4637621312211731,
    "recall": 0.5778301886792453,
    "f1-score": 0.508033062204999,
    "support": 848.0
  }
}