{
  "R": {
    "precision": 0.6956521739130435,
    "recall": 0.7320261437908496,
    "f1-score": 0.7133757961783439,
    "support": 153.0
  },
  "C": {
    "precision": 0.7027027027027027,
    "recall": 0.6842105263157895,
    "f1-score": 0.6933333333333334,
    "support": 114.0
  },
  "V": {
    "precision": 0.6097560975609756,
    "recall": 0.7575757575757576,
    "f1-score": 0.6756756756756757,
    "support": 66.0
  },
  "X": {
    "precision": 1.0,
    "recall": 0.58,
    "f1-score": 0.7341772151898733,
    "support": 50.0
  },
  "accuracy": 0.7023498694516971,
  "macro avg": {
    "precision": 0.7520277435441804,
    "recall": 0.6884531069205992,
    "f1-score": 0.7041405050943065,
    "support": 383.0
  },
  "weighted avg": {
    "precision": 0.7226809220778803,
    "recall": 0.7023498694516971,
    "f1-score": 0.7036291179357046,
    "support": 383.0
  }
}