{
  "R": {
    "precision": 0.5088652482269503,
    "recall": 0.8516320474777448,
    "f1-score": 0.6370699223085461,
    "support": 337.0
  },
  "C": {
    "precision": 0.42105263157894735,
    "recall": 0.043010752688172046,
    "f1-score": 0.07804878048780488,
    "support": 186.0
  },
  "V": {
    "precision": 0.6705882352941176,
    "recall": 0.5352112676056338,
    "f1-score": 0.5953002610966056,
    "support": 213.0
  },
  "X": {
    "precision": 0.8152173913043478,
    "recall": 0.6880733944954128,
    "f1-score": 0.746268656716418,
    "support": 109.0
  },
  "accuracy": 0.5727810650887574,
  "macro avg": {
    "precision": 0.6039308766010908,
    "recall": 0.5294818655667408,
    "f1-score": 0.5141719051523436,
    "support": 845.0
  },
  "weighted avg": {
    "precision": 0.5698193702911093,
    "recall": 0.5727810650887574,
    "f1-score": 0.5175761848335838,
    "support": 845.0
  }
}