{
  "R": {
    "precision": 0.5133928571428571,
    "recall": 0.7516339869281046,
    "f1-score": 0.6100795755968169,
    "support": 153.0
  },
  "C": {
    "precision": 0.6022727272727273,
    "recall": 0.4649122807017544,
    "f1-score": 0.5247524752475248,
    "support": 114.0
  },
  "V": {
    "precision": 0.7272727272727273,
    "recall": 0.36363636363636365,
    "f1-score": 0.4848484848484849,
    "support": 66.0
  },
  "X": {
    "precision": 0.9210526315789473,
    "recall": 0.7,
    "f1-score": 0.7954545454545453,
    "support": 50.0
  },
  "accuracy": 0.5926892950391645,
  "macro avg": {
    "precision": 0.6909977358168147,
    "recall": 0.5700456578165556,
    "f1-score": 0.6037837702868429,
    "support": 383.0
  },
  "weighted avg": {
    "precision": 0.6299238371563849,
    "recall": 0.5926892950391645,
    "f1-score": 0.5873020483479323,
    "support": 383.0
  }
}