{
  "R": {
    "precision": 0.509009009009009,
    "recall": 0.738562091503268,
    "f1-score": 0.6026666666666668,
    "support": 153.0
  },
  "C": {
    "precision": 0.37267080745341613,
    "recall": 0.5263157894736842,
    "f1-score": 0.4363636363636364,
    "support": 114.0
  },
  "V": {
    "precision": 0.0,
    "recall": 0.0,
    "f1-score": 0.0,
    "support": 66.0
  },
  "X": {
    "precision": 0.0,
    "recall": 0.0,
    "f1-score": 0.0,
    "support": 50.0
  },
  "accuracy": 0.4516971279373368,
  "macro avg": {
    "precision": 0.22041995411560628,
    "recall": 0.316219470244238,
    "f1-score": 0.2597575757575758,
    "support": 383.0
  },
  "weighted avg": {
    "precision": 0.3142633170445635,
    "recall": 0.4516971279373368,
    "f1-score": 0.3706356515547117,
    "support": 383.0
  }
}