{
  "R": {
    "precision": 0.6149425287356322,
    "recall": 0.6993464052287581,
    "f1-score": 0.654434250764526,
    "support": 153.0
  },
  "C": {
    "precision": 0.62,
    "recall": 0.543859649122807,
    "f1-score": 0.5794392523364487,
    "support": 114.0
  },
  "V": {
    "precision": 0.7027027027027027,
    "recall": 0.7878787878787878,
    "f1-score": 0.7428571428571429,
    "support": 66.0
  },
  "X": {
    "precision": 1.0,
    "recall": 0.7,
    "f1-score": 0.8235294117647058,
    "support": 50.0
  },
  "accuracy": 0.6684073107049608,
  "macro avg": {
    "precision": 0.7344113078595838,
    "recall": 0.6827712105575883,
    "f1-score": 0.7000650144307059,
    "support": 383.0
  },
  "weighted avg": {
    "precision": 0.6818396482374154,
    "recall": 0.6684073107049608,
    "f1-score": 0.6694244312013952,
    "support": 383.0
  }
}