{
  "R": {
    "precision": 0.5,
    "recall": 0.7804154302670623,
    "f1-score": 0.6095017381228274,
    "support": 337.0
  },
  "C": {
    "precision": 0.0,
    "recall": 0.0,
    "f1-score": 0.0,
    "support": 186.0
  },
  "V": {
    "precision": 0.5254237288135594,
    "recall": 0.5849056603773585,
    "f1-score": 0.5535714285714286,
    "support": 212.0
  },
  "X": {
    "precision": 0.9880952380952381,
    "recall": 0.7477477477477478,
    "f1-score": 0.8512820512820515,
    "support": 111.0
  },
  "accuracy": 0.5555555555555556,
  "macro avg": {
    "precision": 0.5033797417271993,
    "recall": 0.5282672095980421,
    "f1-score": 0.5035888044940768,
    "support": 846.0
  },
  "weighted avg": {
    "precision": 0.4604827446064374,
    "recall": 0.5555555555555556,
    "f1-score": 0.49320512564638697,
    "support": 846.0
  }
}