{
  "R": {
    "precision": 0.5952380952380952,
    "recall": 0.6535947712418301,
    "f1-score": 0.6230529595015577,
    "support": 153.0
  },
  "C": {
    "precision": 0.5384615384615384,
    "recall": 0.49122807017543857,
    "f1-score": 0.5137614678899082,
    "support": 114.0
  },
  "V": {
    "precision": 0.5769230769230769,
    "recall": 0.6818181818181818,
    "f1-score": 0.6249999999999999,
    "support": 66.0
  },
  "X": {
    "precision": 1.0,
    "recall": 0.66,
    "f1-score": 0.7951807228915663,
    "support": 50.0
  },
  "accuracy": 0.6109660574412533,
  "macro avg": {
    "precision": 0.6776556776556777,
    "recall": 0.6216602558088626,
    "f1-score": 0.6392487875707581,
    "support": 383.0
  },
  "weighted avg": {
    "precision": 0.6280234126187129,
    "recall": 0.6109660574412533,
    "f1-score": 0.6133288414824182,
    "support": 383.0
  }
}