{
  "R": {
    "precision": 0.45454545454545453,
    "recall": 0.8169934640522876,
    "f1-score": 0.5841121495327103,
    "support": 153.0
  },
  "C": {
    "precision": 0.45454545454545453,
    "recall": 0.30701754385964913,
    "f1-score": 0.36649214659685864,
    "support": 114.0
  },
  "V": {
    "precision": 0.0,
    "recall": 0.0,
    "f1-score": 0.0,
    "support": 66.0
  },
  "X": {
    "precision": 0.967741935483871,
    "recall": 0.6,
    "f1-score": 0.7407407407407407,
    "support": 50.0
  },
  "accuracy": 0.4960835509138381,
  "macro avg": {
    "precision": 0.46920821114369504,
    "recall": 0.4310027519779842,
    "f1-score": 0.4228362592175774,
    "support": 383.0
  },
  "weighted avg": {
    "precision": 0.44321340244864205,
    "recall": 0.4960835509138381,
    "f1-score": 0.4391287222652313,
    "support": 383.0
  }
}