{
  "R": {
    "precision": 0.44256756756756754,
    "recall": 0.8562091503267973,
    "f1-score": 0.5835189309576837,
    "support": 153.0
  },
  "C": {
    "precision": 0.5263157894736842,
    "recall": 0.2631578947368421,
    "f1-score": 0.35087719298245607,
    "support": 114.0
  },
  "V": {
    "precision": 0.0,
    "recall": 0.0,
    "f1-score": 0.0,
    "support": 66.0
  },
  "X": {
    "precision": 1.0,
    "recall": 0.6,
    "f1-score": 0.7499999999999999,
    "support": 50.0
  },
  "accuracy": 0.49869451697127937,
  "macro avg": {
    "precision": 0.4922208392603129,
    "recall": 0.4298417612659099,
    "f1-score": 0.4210990309850349,
    "support": 383.0
  },
  "weighted avg": {
    "precision": 0.46400218756615624,
    "recall": 0.49869451697127937,
    "f1-score": 0.43545273221024966,
    "support": 383.0
  }
}