{
  "R": {
    "precision": 0.4444444444444444,
    "recall": 0.7581699346405228,
    "f1-score": 0.5603864734299516,
    "support": 153.0
  },
  "C": {
    "precision": 0.4810126582278481,
    "recall": 0.3333333333333333,
    "f1-score": 0.3937823834196891,
    "support": 114.0
  },
  "V": {
    "precision": 0.0,
    "recall": 0.0,
    "f1-score": 0.0,
    "support": 66.0
  },
  "X": {
    "precision": 0.7441860465116279,
    "recall": 0.64,
    "f1-score": 0.6881720430107526,
    "support": 50.0
  },
  "accuracy": 0.4856396866840731,
  "macro avg": {
    "precision": 0.41741078729598013,
    "recall": 0.432875816993464,
    "f1-score": 0.4105852249650983,
    "support": 383.0
  },
  "weighted avg": {
    "precision": 0.4178713978160733,
    "recall": 0.4856396866840731,
    "f1-score": 0.43091102949129184,
    "support": 383.0
  }
}