{
  "R": {
    "precision": 0.41379310344827586,
    "recall": 0.7843137254901961,
    "f1-score": 0.5417607223476297,
    "support": 153.0
  },
  "C": {
    "precision": 0.4838709677419355,
    "recall": 0.39473684210526316,
    "f1-score": 0.43478260869565216,
    "support": 114.0
  },
  "V": {
    "precision": 0.0,
    "recall": 0.0,
    "f1-score": 0.0,
    "support": 66.0
  },
  "X": {
    "precision": 0.0,
    "recall": 0.0,
    "f1-score": 0.0,
    "support": 50.0
  },
  "accuracy": 0.4308093994778068,
  "macro avg": {
    "precision": 0.22441601779755282,
    "recall": 0.2947626418988648,
    "f1-score": 0.24413583276082046,
    "support": 383.0
  },
  "weighted avg": {
    "precision": 0.30932541814664977,
    "recall": 0.4308093994778068,
    "f1-score": 0.3458344854059835,
    "support": 383.0
  }
}