{
  "R": {
    "precision": 0.5809248554913294,
    "recall": 0.5964391691394659,
    "f1-score": 0.5885797950219619,
    "support": 337.0
  },
  "C": {
    "precision": 0.4578313253012048,
    "recall": 0.40860215053763443,
    "f1-score": 0.4318181818181818,
    "support": 186.0
  },
  "V": {
    "precision": 0.6473429951690821,
    "recall": 0.6291079812206573,
    "f1-score": 0.638095238095238,
    "support": 213.0
  },
  "X": {
    "precision": 0.7142857142857143,
    "recall": 0.8256880733944955,
    "f1-score": 0.7659574468085107,
    "support": 109.0
  },
  "accuracy": 0.5928994082840237,
  "macro avg": {
    "precision": 0.6000962225618327,
    "recall": 0.6149593435730633,
    "f1-score": 0.6061126654359731,
    "support": 845.0
  },
  "weighted avg": {
    "precision": 0.5877745605145083,
    "recall": 0.5928994082840237,
    "f1-score": 0.589435763499404,
    "support": 845.0
  }
}