{
  "R": {
    "precision": 0.7410071942446043,
    "recall": 0.673202614379085,
    "f1-score": 0.7054794520547945,
    "support": 153.0
  },
  "C": {
    "precision": 0.6131386861313869,
    "recall": 0.7368421052631579,
    "f1-score": 0.6693227091633466,
    "support": 114.0
  },
  "V": {
    "precision": 0.7878787878787878,
    "recall": 0.7878787878787878,
    "f1-score": 0.7878787878787878,
    "support": 66.0
  },
  "X": {
    "precision": 0.8048780487804879,
    "recall": 0.66,
    "f1-score": 0.7252747252747254,
    "support": 50.0
  },
  "accuracy": 0.7101827676240209,
  "macro avg": {
    "precision": 0.7367256792588166,
    "recall": 0.7144808768802577,
    "f1-score": 0.7219889185929136,
    "support": 383.0
  },
  "weighted avg": {
    "precision": 0.7193624370167806,
    "recall": 0.7101827676240209,
    "f1-score": 0.7115009954901862,
    "support": 383.0
  }
}