{
  "R": {
    "precision": 0.6647398843930635,
    "recall": 0.7516339869281046,
    "f1-score": 0.705521472392638,
    "support": 153.0
  },
  "C": {
    "precision": 0.6288659793814433,
    "recall": 0.5350877192982456,
    "f1-score": 0.5781990521327014,
    "support": 114.0
  },
  "V": {
    "precision": 0.6388888888888888,
    "recall": 0.696969696969697,
    "f1-score": 0.6666666666666666,
    "support": 66.0
  },
  "X": {
    "precision": 0.7560975609756098,
    "recall": 0.62,
    "f1-score": 0.6813186813186813,
    "support": 50.0
  },
  "accuracy": 0.660574412532637,
  "macro avg": {
    "precision": 0.6721480784097513,
    "recall": 0.6509228507990118,
    "f1-score": 0.6579264681276717,
    "support": 383.0
  },
  "weighted avg": {
    "precision": 0.6615338607756407,
    "recall": 0.660574412532637,
    "f1-score": 0.6577686978724168,
    "support": 383.0
  }
}