{
  "R": {
    "precision": 0.5613207547169812,
    "recall": 0.7777777777777778,
    "f1-score": 0.652054794520548,
    "support": 153.0
  },
  "C": {
    "precision": 0.6373626373626373,
    "recall": 0.5087719298245614,
    "f1-score": 0.5658536585365854,
    "support": 114.0
  },
  "V": {
    "precision": 0.7045454545454546,
    "recall": 0.4696969696969697,
    "f1-score": 0.5636363636363637,
    "support": 66.0
  },
  "X": {
    "precision": 0.8611111111111112,
    "recall": 0.62,
    "f1-score": 0.7209302325581396,
    "support": 50.0
  },
  "accuracy": 0.6240208877284595,
  "macro avg": {
    "precision": 0.6910849894340461,
    "recall": 0.5940616693248273,
    "f1-score": 0.6256187623129092,
    "support": 383.0
  },
  "weighted avg": {
    "precision": 0.6477727720276614,
    "recall": 0.6240208877284595,
    "f1-score": 0.6201519902420928,
    "support": 383.0
  }
}