{
  "R": {
    "precision": 0.5333333333333333,
    "recall": 0.6274509803921569,
    "f1-score": 0.5765765765765766,
    "support": 153.0
  },
  "C": {
    "precision": 0.5398230088495575,
    "recall": 0.5350877192982456,
    "f1-score": 0.5374449339207048,
    "support": 114.0
  },
  "V": {
    "precision": 0.4603174603174603,
    "recall": 0.4393939393939394,
    "f1-score": 0.4496124031007752,
    "support": 66.0
  },
  "X": {
    "precision": 1.0,
    "recall": 0.54,
    "f1-score": 0.7012987012987013,
    "support": 50.0
  },
  "accuracy": 0.556135770234987,
  "macro avg": {
    "precision": 0.6333684506250878,
    "recall": 0.5354831597710855,
    "f1-score": 0.5662331537241895,
    "support": 383.0
  },
  "weighted avg": {
    "precision": 0.583605157675723,
    "recall": 0.556135770234987,
    "f1-score": 0.5593323560124355,
    "support": 383.0
  }
}