{
  "R": {
    "precision": 0.7155425219941349,
    "recall": 0.7240356083086054,
    "f1-score": 0.7197640117994101,
    "support": 337.0
  },
  "C": {
    "precision": 0.6319444444444444,
    "recall": 0.489247311827957,
    "f1-score": 0.5515151515151515,
    "support": 186.0
  },
  "V": {
    "precision": 0.7226890756302521,
    "recall": 0.8113207547169812,
    "f1-score": 0.7644444444444445,
    "support": 212.0
  },
  "X": {
    "precision": 0.7560975609756098,
    "recall": 0.8378378378378378,
    "f1-score": 0.7948717948717948,
    "support": 111.0
  },
  "accuracy": 0.7092198581560284,
  "macro avg": {
    "precision": 0.7065684007611104,
    "recall": 0.7156103781728453,
    "f1-score": 0.7076488506577002,
    "support": 846.0
  },
  "weighted avg": {
    "precision": 0.7042747161709175,
    "recall": 0.7092198581560284,
    "f1-score": 0.7038242099423297,
    "support": 846.0
  }
}