{
  "R": {
    "precision": 0.579250720461095,
    "recall": 0.5964391691394659,
    "f1-score": 0.587719298245614,
    "support": 337.0
  },
  "C": {
    "precision": 0.4607329842931937,
    "recall": 0.4731182795698925,
    "f1-score": 0.46684350132625996,
    "support": 186.0
  },
  "V": {
    "precision": 0.6818181818181818,
    "recall": 0.5633802816901409,
    "f1-score": 0.6169665809768637,
    "support": 213.0
  },
  "X": {
    "precision": 0.6946564885496184,
    "recall": 0.8348623853211009,
    "f1-score": 0.7583333333333333,
    "support": 109.0
  },
  "accuracy": 0.591715976331361,
  "macro avg": {
    "precision": 0.6041145937805222,
    "recall": 0.61695002893015,
    "f1-score": 0.6074656784705177,
    "support": 845.0
  },
  "weighted avg": {
    "precision": 0.5939037371042654,
    "recall": 0.591715976331361,
    "f1-score": 0.5904929110495403,
    "support": 845.0
  }
}