{
  "R": {
    "precision": 0.6859504132231405,
    "recall": 0.7388724035608308,
    "f1-score": 0.7114285714285714,
    "support": 337.0
  },
  "C": {
    "precision": 0.5949367088607594,
    "recall": 0.5053763440860215,
    "f1-score": 0.5465116279069767,
    "support": 186.0
  },
  "V": {
    "precision": 0.8258064516129032,
    "recall": 0.5981308411214953,
    "f1-score": 0.6937669376693767,
    "support": 214.0
  },
  "X": {
    "precision": 0.6104651162790697,
    "recall": 0.9459459459459459,
    "f1-score": 0.7420494699646644,
    "support": 111.0
  },
  "accuracy": 0.6792452830188679,
  "macro avg": {
    "precision": 0.6792896724939683,
    "recall": 0.6970813836785734,
    "f1-score": 0.6734391517423973,
    "support": 848.0
  },
  "weighted avg": {
    "precision": 0.6914006198778746,
    "recall": 0.6792452830188679,
    "f1-score": 0.6748068481007673,
    "support": 848.0
  }
}