{
  "R": {
    "precision": 0.46116504854368934,
    "recall": 0.6209150326797386,
    "f1-score": 0.5292479108635099,
    "support": 153.0
  },
  "C": {
    "precision": 0.5238095238095238,
    "recall": 0.5789473684210527,
    "f1-score": 0.5500000000000002,
    "support": 114.0
  },
  "V": {
    "precision": 0.0,
    "recall": 0.0,
    "f1-score": 0.0,
    "support": 66.0
  },
  "X": {
    "precision": 0.5294117647058824,
    "recall": 0.54,
    "f1-score": 0.5346534653465347,
    "support": 50.0
  },
  "accuracy": 0.4908616187989556,
  "macro avg": {
    "precision": 0.3785965842647739,
    "recall": 0.4349656002751978,
    "f1-score": 0.4034753440525112,
    "support": 383.0
  },
  "weighted avg": {
    "precision": 0.4092509827069564,
    "recall": 0.4908616187989556,
    "f1-score": 0.4449284690063806,
    "support": 383.0
  }
}