{
  "R": {
    "precision": 0.6647727272727273,
    "recall": 0.7647058823529411,
    "f1-score": 0.7112462006079027,
    "support": 153.0
  },
  "C": {
    "precision": 0.66,
    "recall": 0.5789473684210527,
    "f1-score": 0.616822429906542,
    "support": 114.0
  },
  "V": {
    "precision": 0.7384615384615385,
    "recall": 0.7272727272727273,
    "f1-score": 0.732824427480916,
    "support": 66.0
  },
  "X": {
    "precision": 0.8095238095238095,
    "recall": 0.68,
    "f1-score": 0.7391304347826089,
    "support": 50.0
  },
  "accuracy": 0.6919060052219321,
  "macro avg": {
    "precision": 0.7181895188145189,
    "recall": 0.6877314945116803,
    "f1-score": 0.7000058731944924,
    "support": 383.0
  },
  "weighted avg": {
    "precision": 0.6949474655022958,
    "recall": 0.6919060052219321,
    "f1-score": 0.6904996335645582,
    "support": 383.0
  }
}