{
  "R": {
    "precision": 0.5677799607072691,
    "recall": 0.857566765578635,
    "f1-score": 0.6832151300236406,
    "support": 337.0
  },
  "C": {
    "precision": 0.48,
    "recall": 0.06451612903225806,
    "f1-score": 0.1137440758293839,
    "support": 186.0
  },
  "V": {
    "precision": 0.7333333333333333,
    "recall": 0.6745283018867925,
    "f1-score": 0.7027027027027026,
    "support": 212.0
  },
  "X": {
    "precision": 0.7863247863247863,
    "recall": 0.8288288288288288,
    "f1-score": 0.8070175438596492,
    "support": 111.0
  },
  "accuracy": 0.6335697399527187,
  "macro avg": {
    "precision": 0.6418595200913472,
    "recall": 0.6063600063316286,
    "f1-score": 0.576669863103844,
    "support": 846.0
  },
  "weighted avg": {
    "precision": 0.6186413294409783,
    "recall": 0.6335697399527187,
    "f1-score": 0.5791392639049956,
    "support": 846.0
  }
}