{
  "R": {
    "precision": 0.6496815286624203,
    "recall": 0.6666666666666666,
    "f1-score": 0.6580645161290323,
    "support": 153.0
  },
  "C": {
    "precision": 0.6186440677966102,
    "recall": 0.6403508771929824,
    "f1-score": 0.6293103448275862,
    "support": 114.0
  },
  "V": {
    "precision": 0.78125,
    "recall": 0.7575757575757576,
    "f1-score": 0.7692307692307692,
    "support": 66.0
  },
  "X": {
    "precision": 0.8181818181818182,
    "recall": 0.72,
    "f1-score": 0.7659574468085107,
    "support": 50.0
  },
  "accuracy": 0.6814621409921671,
  "macro avg": {
    "precision": 0.7169393536602122,
    "recall": 0.6961483253588516,
    "f1-score": 0.7056407692489747,
    "support": 383.0
  },
  "weighted avg": {
    "precision": 0.685113024864895,
    "recall": 0.6814621409921671,
    "f1-score": 0.6827476589758306,
    "support": 383.0
  }
}