{
  "R": {
    "precision": 0.6008771929824561,
    "recall": 0.8954248366013072,
    "f1-score": 0.7191601049868767,
    "support": 153.0
  },
  "C": {
    "precision": 0.7619047619047619,
    "recall": 0.5614035087719298,
    "f1-score": 0.6464646464646465,
    "support": 114.0
  },
  "V": {
    "precision": 0.8205128205128205,
    "recall": 0.48484848484848486,
    "f1-score": 0.6095238095238096,
    "support": 66.0
  },
  "X": {
    "precision": 1.0,
    "recall": 0.64,
    "f1-score": 0.7804878048780487,
    "support": 50.0
  },
  "accuracy": 0.6919060052219321,
  "macro avg": {
    "precision": 0.7958236938500096,
    "recall": 0.6454192075554305,
    "f1-score": 0.6889090914633453,
    "support": 383.0
  },
  "weighted avg": {
    "precision": 0.7387603121078454,
    "recall": 0.6919060052219321,
    "f1-score": 0.6866355807635396,
    "support": 383.0
  }
}