{
  "R": {
    "precision": 0.5341726618705036,
    "recall": 0.8813056379821959,
    "f1-score": 0.6651735722284435,
    "support": 337.0
  },
  "C": {
    "precision": 0.5,
    "recall": 0.06451612903225806,
    "f1-score": 0.1142857142857143,
    "support": 186.0
  },
  "V": {
    "precision": 0.7305389221556886,
    "recall": 0.5700934579439252,
    "f1-score": 0.6404199475065616,
    "support": 214.0
  },
  "X": {
    "precision": 0.9207920792079208,
    "recall": 0.8378378378378378,
    "f1-score": 0.8773584905660378,
    "support": 111.0
  },
  "accuracy": 0.6179245283018868,
  "macro avg": {
    "precision": 0.6713759158085283,
    "recall": 0.5884382656990542,
    "f1-score": 0.5743094311466893,
    "support": 848.0
  },
  "weighted avg": {
    "precision": 0.6268389589431088,
    "recall": 0.6179245283018868,
    "f1-score": 0.5658694550912295,
    "support": 848.0
  }
}