{
  "R": {
    "precision": 0.48951048951048953,
    "recall": 0.6231454005934718,
    "f1-score": 0.5483028720626631,
    "support": 337.0
  },
  "C": {
    "precision": 0.4691358024691358,
    "recall": 0.20430107526881722,
    "f1-score": 0.28464419475655434,
    "support": 186.0
  },
  "V": {
    "precision": 0.5636363636363636,
    "recall": 0.5794392523364486,
    "f1-score": 0.5714285714285714,
    "support": 214.0
  },
  "X": {
    "precision": 0.788135593220339,
    "recall": 0.8378378378378378,
    "f1-score": 0.8122270742358079,
    "support": 111.0
  },
  "accuracy": 0.5483490566037735,
  "macro avg": {
    "precision": 0.577604562209082,
    "recall": 0.5611808915091439,
    "f1-score": 0.5541506781208991,
    "support": 848.0
  },
  "weighted avg": {
    "precision": 0.5428367062381294,
    "recall": 0.5483490566037735,
    "f1-score": 0.5308547259855254,
    "support": 848.0
  }
}