{
  "R": {
    "precision": 0.691358024691358,
    "recall": 0.7320261437908496,
    "f1-score": 0.711111111111111,
    "support": 153.0
  },
  "C": {
    "precision": 0.5905511811023622,
    "recall": 0.6578947368421053,
    "f1-score": 0.6224066390041494,
    "support": 114.0
  },
  "V": {
    "precision": 0.65,
    "recall": 0.5909090909090909,
    "f1-score": 0.6190476190476191,
    "support": 66.0
  },
  "X": {
    "precision": 1.0,
    "recall": 0.68,
    "f1-score": 0.8095238095238095,
    "support": 50.0
  },
  "accuracy": 0.6788511749347258,
  "macro avg": {
    "precision": 0.73297730144843,
    "recall": 0.6652074928855115,
    "f1-score": 0.6905222946716723,
    "support": 383.0
  },
  "weighted avg": {
    "precision": 0.6945185702962063,
    "recall": 0.6788511749347258,
    "f1-score": 0.6816910970752124,
    "support": 383.0
  }
}