{
  "R": {
    "precision": 0.5485436893203883,
    "recall": 0.738562091503268,
    "f1-score": 0.6295264623955431,
    "support": 153.0
  },
  "C": {
    "precision": 0.5681818181818182,
    "recall": 0.43859649122807015,
    "f1-score": 0.4950495049504951,
    "support": 114.0
  },
  "V": {
    "precision": 0.896551724137931,
    "recall": 0.7878787878787878,
    "f1-score": 0.8387096774193549,
    "support": 66.0
  },
  "X": {
    "precision": 1.0,
    "recall": 0.62,
    "f1-score": 0.7654320987654321,
    "support": 50.0
  },
  "accuracy": 0.6422976501305483,
  "macro avg": {
    "precision": 0.7533193079100344,
    "recall": 0.6462593426525315,
    "f1-score": 0.6821794358827062,
    "support": 383.0
  },
  "weighted avg": {
    "precision": 0.6732958891171023,
    "recall": 0.6422976501305483,
    "f1-score": 0.6432888667332207,
    "support": 383.0
  }
}