{
  "R": {
    "precision": 0.5323383084577115,
    "recall": 0.6993464052287581,
    "f1-score": 0.6045197740112995,
    "support": 153.0
  },
  "C": {
    "precision": 0.6351351351351351,
    "recall": 0.41228070175438597,
    "f1-score": 0.5,
    "support": 114.0
  },
  "V": {
    "precision": 0.5757575757575758,
    "recall": 0.5757575757575758,
    "f1-score": 0.5757575757575758,
    "support": 66.0
  },
  "X": {
    "precision": 0.9285714285714286,
    "recall": 0.78,
    "f1-score": 0.8478260869565217,
    "support": 50.0
  },
  "accuracy": 0.6031331592689295,
  "macro avg": {
    "precision": 0.6679506119804628,
    "recall": 0.61684617068518,
    "f1-score": 0.6320258591813492,
    "support": 383.0
  },
  "weighted avg": {
    "precision": 0.6221455300992342,
    "recall": 0.6031331592689295,
    "f1-score": 0.6002162657220755,
    "support": 383.0
  }
}