{
  "R": {
    "precision": 0.5159574468085106,
    "recall": 0.6339869281045751,
    "f1-score": 0.5689149560117301,
    "support": 153.0
  },
  "C": {
    "precision": 0.47368421052631576,
    "recall": 0.39473684210526316,
    "f1-score": 0.43062200956937796,
    "support": 114.0
  },
  "V": {
    "precision": 0.4852941176470588,
    "recall": 0.5,
    "f1-score": 0.4925373134328358,
    "support": 66.0
  },
  "X": {
    "precision": 0.53125,
    "recall": 0.34,
    "f1-score": 0.4146341463414634,
    "support": 50.0
  },
  "accuracy": 0.5013054830287206,
  "macro avg": {
    "precision": 0.5015464437454713,
    "recall": 0.4671809425524596,
    "f1-score": 0.47667710633885185,
    "support": 383.0
  },
  "weighted avg": {
    "precision": 0.5000872092073316,
    "recall": 0.5013054830287206,
    "f1-score": 0.4944492620478959,
    "support": 383.0
  }
}