{
  "R": {
    "precision": 0.5018450184501845,
    "recall": 0.8071216617210683,
    "f1-score": 0.6188850967007964,
    "support": 337.0
  },
  "C": {
    "precision": 0.4642857142857143,
    "recall": 0.13978494623655913,
    "f1-score": 0.21487603305785122,
    "support": 186.0
  },
  "V": {
    "precision": 0.691358024691358,
    "recall": 0.5258215962441315,
    "f1-score": 0.5973333333333334,
    "support": 213.0
  },
  "X": {
    "precision": 0.8941176470588236,
    "recall": 0.6972477064220184,
    "f1-score": 0.7835051546391752,
    "support": 109.0
  },
  "accuracy": 0.5751479289940828,
  "macro avg": {
    "precision": 0.6379016011215201,
    "recall": 0.5424939776559443,
    "f1-score": 0.553649904432789,
    "support": 845.0
  },
  "weighted avg": {
    "precision": 0.591949108714232,
    "recall": 0.5751479289940828,
    "f1-score": 0.5457577296953833,
    "support": 845.0
  }
}