{
  "R": {
    "precision": 0.6583850931677019,
    "recall": 0.6928104575163399,
    "f1-score": 0.6751592356687899,
    "support": 153.0
  },
  "C": {
    "precision": 0.6071428571428571,
    "recall": 0.5964912280701754,
    "f1-score": 0.6017699115044247,
    "support": 114.0
  },
  "V": {
    "precision": 0.6081081081081081,
    "recall": 0.6818181818181818,
    "f1-score": 0.6428571428571428,
    "support": 66.0
  },
  "X": {
    "precision": 0.9444444444444444,
    "recall": 0.68,
    "f1-score": 0.7906976744186047,
    "support": 50.0
  },
  "accuracy": 0.660574412532637,
  "macro avg": {
    "precision": 0.7045201257157778,
    "recall": 0.6627799668511742,
    "f1-score": 0.6776209911122405,
    "support": 383.0
  },
  "weighted avg": {
    "precision": 0.6718134786587505,
    "recall": 0.660574412532637,
    "f1-score": 0.6628318227632661,
    "support": 383.0
  }
}