{
  "R": {
    "precision": 0.6011560693641619,
    "recall": 0.6797385620915033,
    "f1-score": 0.638036809815951,
    "support": 153.0
  },
  "C": {
    "precision": 0.6666666666666666,
    "recall": 0.5964912280701754,
    "f1-score": 0.6296296296296297,
    "support": 114.0
  },
  "V": {
    "precision": 0.5063291139240507,
    "recall": 0.6060606060606061,
    "f1-score": 0.5517241379310346,
    "support": 66.0
  },
  "X": {
    "precision": 0.8620689655172413,
    "recall": 0.5,
    "f1-score": 0.6329113924050632,
    "support": 50.0
  },
  "accuracy": 0.618798955613577,
  "macro avg": {
    "precision": 0.6590552038680302,
    "recall": 0.5955725990555711,
    "f1-score": 0.6130754924454196,
    "support": 383.0
  },
  "weighted avg": {
    "precision": 0.6383761055027838,
    "recall": 0.618798955613577,
    "f1-score": 0.6199915728546207,
    "support": 383.0
  }
}