{
  "R": {
    "precision": 0.7428571428571429,
    "recall": 0.771513353115727,
    "f1-score": 0.7569141193595342,
    "support": 337.0
  },
  "C": {
    "precision": 0.6024844720496895,
    "recall": 0.521505376344086,
    "f1-score": 0.5590778097982708,
    "support": 186.0
  },
  "V": {
    "precision": 0.7534246575342466,
    "recall": 0.7783018867924528,
    "f1-score": 0.765661252900232,
    "support": 212.0
  },
  "X": {
    "precision": 0.9137931034482759,
    "recall": 0.954954954954955,
    "f1-score": 0.9339207048458151,
    "support": 111.0
  },
  "accuracy": 0.7423167848699763,
  "macro avg": {
    "precision": 0.7531398439723387,
    "recall": 0.7565688928018052,
    "f1-score": 0.7538934717259631,
    "support": 846.0
  },
  "weighted avg": {
    "precision": 0.7370709584209435,
    "recall": 0.7423167848699763,
    "f1-score": 0.7388344145382696,
    "support": 846.0
  }
}