{
  "R": {
    "precision": 0.5862068965517241,
    "recall": 0.6666666666666666,
    "f1-score": 0.6238532110091743,
    "support": 153.0
  },
  "C": {
    "precision": 0.5289256198347108,
    "recall": 0.5614035087719298,
    "f1-score": 0.5446808510638298,
    "support": 114.0
  },
  "V": {
    "precision": 0.6964285714285714,
    "recall": 0.5909090909090909,
    "f1-score": 0.6393442622950819,
    "support": 66.0
  },
  "X": {
    "precision": 1.0,
    "recall": 0.64,
    "f1-score": 0.7804878048780487,
    "support": 50.0
  },
  "accuracy": 0.618798955613577,
  "macro avg": {
    "precision": 0.7028902719537515,
    "recall": 0.6147448165869218,
    "f1-score": 0.6470915323115337,
    "support": 383.0
  },
  "weighted avg": {
    "precision": 0.642170917879521,
    "recall": 0.618798955613577,
    "f1-score": 0.6234054043369663,
    "support": 383.0
  }
}