{
  "R": {
    "precision": 0.4413793103448276,
    "recall": 0.8366013071895425,
    "f1-score": 0.5778781038374717,
    "support": 153.0
  },
  "C": {
    "precision": 0.53125,
    "recall": 0.2982456140350877,
    "f1-score": 0.3820224719101123,
    "support": 114.0
  },
  "V": {
    "precision": 0.0,
    "recall": 0.0,
    "f1-score": 0.0,
    "support": 66.0
  },
  "X": {
    "precision": 1.0,
    "recall": 0.58,
    "f1-score": 0.7341772151898733,
    "support": 50.0
  },
  "accuracy": 0.49869451697127937,
  "macro avg": {
    "precision": 0.4931573275862069,
    "recall": 0.4287117303061575,
    "f1-score": 0.42351944773436434,
    "support": 383.0
  },
  "weighted avg": {
    "precision": 0.4649961735842262,
    "recall": 0.49869451697127937,
    "f1-score": 0.4404041055989025,
    "support": 383.0
  }
}