{
  "R": {
    "precision": 0.525,
    "recall": 0.7477744807121661,
    "f1-score": 0.616891064871481,
    "support": 337.0
  },
  "C": {
    "precision": 0.5256410256410257,
    "recall": 0.22043010752688172,
    "f1-score": 0.31060606060606055,
    "support": 186.0
  },
  "V": {
    "precision": 0.725609756097561,
    "recall": 0.5613207547169812,
    "f1-score": 0.6329787234042553,
    "support": 212.0
  },
  "X": {
    "precision": 0.7903225806451613,
    "recall": 0.8828828828828829,
    "f1-score": 0.8340425531914892,
    "support": 111.0
  },
  "accuracy": 0.6028368794326241,
  "macro avg": {
    "precision": 0.641643340595937,
    "recall": 0.6031020564597279,
    "f1-score": 0.5986296005183216,
    "support": 846.0
  },
  "weighted avg": {
    "precision": 0.6102237653824191,
    "recall": 0.6028368794326241,
    "f1-score": 0.5820747386529241,
    "support": 846.0
  }
}