{
  "R": {
    "precision": 0.6446700507614214,
    "recall": 0.8300653594771242,
    "f1-score": 0.7257142857142858,
    "support": 153.0
  },
  "C": {
    "precision": 0.7272727272727273,
    "recall": 0.5614035087719298,
    "f1-score": 0.6336633663366337,
    "support": 114.0
  },
  "V": {
    "precision": 0.8409090909090909,
    "recall": 0.5606060606060606,
    "f1-score": 0.6727272727272727,
    "support": 66.0
  },
  "X": {
    "precision": 0.6296296296296297,
    "recall": 0.68,
    "f1-score": 0.6538461538461539,
    "support": 50.0
  },
  "accuracy": 0.6840731070496083,
  "macro avg": {
    "precision": 0.7106203746432174,
    "recall": 0.6580187322137787,
    "f1-score": 0.6714877696560865,
    "support": 383.0
  },
  "weighted avg": {
    "precision": 0.7011098959714617,
    "recall": 0.6840731070496083,
    "f1-score": 0.6798021336004431,
    "support": 383.0
  }
}