{
  "R": {
    "precision": 0.55,
    "recall": 0.6201780415430267,
    "f1-score": 0.5829846582984658,
    "support": 337.0
  },
  "C": {
    "precision": 0.5871559633027523,
    "recall": 0.34408602150537637,
    "f1-score": 0.43389830508474575,
    "support": 186.0
  },
  "V": {
    "precision": 0.5514018691588785,
    "recall": 0.5539906103286385,
    "f1-score": 0.5526932084309133,
    "support": 213.0
  },
  "X": {
    "precision": 0.5563380281690141,
    "recall": 0.7247706422018348,
    "f1-score": 0.6294820717131474,
    "support": 109.0
  },
  "accuracy": 0.5562130177514792,
  "macro avg": {
    "precision": 0.5612239651576613,
    "recall": 0.560756328894719,
    "f1-score": 0.549764560881818,
    "support": 845.0
  },
  "weighted avg": {
    "precision": 0.5593496477817462,
    "recall": 0.5562130177514792,
    "f1-score": 0.5485303121951045,
    "support": 845.0
  }
}