{
  "R": {
    "precision": 0.6540880503144654,
    "recall": 0.6797385620915033,
    "f1-score": 0.6666666666666666,
    "support": 153.0
  },
  "C": {
    "precision": 0.6808510638297872,
    "recall": 0.5614035087719298,
    "f1-score": 0.6153846153846153,
    "support": 114.0
  },
  "V": {
    "precision": 0.4939759036144578,
    "recall": 0.6212121212121212,
    "f1-score": 0.5503355704697986,
    "support": 66.0
  },
  "X": {
    "precision": 0.5957446808510638,
    "recall": 0.56,
    "f1-score": 0.577319587628866,
    "support": 50.0
  },
  "accuracy": 0.618798955613577,
  "macro avg": {
    "precision": 0.6061649246524435,
    "recall": 0.6055885480188886,
    "f1-score": 0.6024266100374867,
    "support": 383.0
  },
  "weighted avg": {
    "precision": 0.6268463098063091,
    "recall": 0.618798955613577,
    "f1-score": 0.6196918359955513,
    "support": 383.0
  }
}