{
  "R": {
    "precision": 0.5609756097560976,
    "recall": 0.6013071895424836,
    "f1-score": 0.5804416403785488,
    "support": 153.0
  },
  "C": {
    "precision": 0.5634920634920635,
    "recall": 0.6228070175438597,
    "f1-score": 0.5916666666666667,
    "support": 114.0
  },
  "V": {
    "precision": 0.515625,
    "recall": 0.5,
    "f1-score": 0.5076923076923077,
    "support": 66.0
  },
  "X": {
    "precision": 1.0,
    "recall": 0.58,
    "f1-score": 0.7341772151898733,
    "support": 50.0
  },
  "accuracy": 0.587467362924282,
  "macro avg": {
    "precision": 0.6600231683120403,
    "recall": 0.5760285517715859,
    "f1-score": 0.6034944574818492,
    "support": 383.0
  },
  "weighted avg": {
    "precision": 0.6112235340229195,
    "recall": 0.587467362924282,
    "f1-score": 0.5913162507705063,
    "support": 383.0
  }
}