{
  "R": {
    "precision": 0.3994413407821229,
    "recall": 0.934640522875817,
    "f1-score": 0.5596868884540117,
    "support": 153.0
  },
  "C": {
    "precision": 0.16,
    "recall": 0.03508771929824561,
    "f1-score": 0.05755395683453237,
    "support": 114.0
  },
  "V": {
    "precision": 0.0,
    "recall": 0.0,
    "f1-score": 0.0,
    "support": 66.0
  },
  "X": {
    "precision": 0.0,
    "recall": 0.0,
    "f1-score": 0.0,
    "support": 50.0
  },
  "accuracy": 0.3838120104438642,
  "macro avg": {
    "precision": 0.13986033519553073,
    "recall": 0.24243206054351565,
    "f1-score": 0.15431021132213601,
    "support": 383.0
  },
  "weighted avg": {
    "precision": 0.20719197164403347,
    "recall": 0.3838120104438642,
    "f1-score": 0.24071343345326499,
    "support": 383.0
  }
}