{
  "R": {
    "precision": 0.45320197044334976,
    "recall": 0.6013071895424836,
    "f1-score": 0.5168539325842696,
    "support": 153.0
  },
  "C": {
    "precision": 0.5323741007194245,
    "recall": 0.6491228070175439,
    "f1-score": 0.5849802371541503,
    "support": 114.0
  },
  "V": {
    "precision": 0.0,
    "recall": 0.0,
    "f1-score": 0.0,
    "support": 66.0
  },
  "X": {
    "precision": 0.5121951219512195,
    "recall": 0.42,
    "f1-score": 0.46153846153846156,
    "support": 50.0
  },
  "accuracy": 0.48825065274151436,
  "macro avg": {
    "precision": 0.37444279827849847,
    "recall": 0.41760749914000683,
    "f1-score": 0.3908431578192204,
    "support": 383.0
  },
  "weighted avg": {
    "precision": 0.40637155367469424,
    "recall": 0.48825065274151436,
    "f1-score": 0.4408441822399202,
    "support": 383.0
  }
}