{
  "R": {
    "precision": 0.6411764705882353,
    "recall": 0.7124183006535948,
    "f1-score": 0.6749226006191951,
    "support": 153.0
  },
  "C": {
    "precision": 0.5752212389380531,
    "recall": 0.5701754385964912,
    "f1-score": 0.5726872246696035,
    "support": 114.0
  },
  "V": {
    "precision": 0.7916666666666666,
    "recall": 0.5757575757575758,
    "f1-score": 0.6666666666666667,
    "support": 66.0
  },
  "X": {
    "precision": 0.6923076923076923,
    "recall": 0.72,
    "f1-score": 0.7058823529411765,
    "support": 50.0
  },
  "accuracy": 0.6475195822454308,
  "macro avg": {
    "precision": 0.6750930171251619,
    "recall": 0.6445878287519153,
    "f1-score": 0.6550397112241605,
    "support": 383.0
  },
  "weighted avg": {
    "precision": 0.6541530178964039,
    "recall": 0.6475195822454308,
    "f1-score": 0.6471112771648315,
    "support": 383.0
  }
}