{
  "R": {
    "precision": 0.4186046511627907,
    "recall": 0.7058823529411765,
    "f1-score": 0.5255474452554746,
    "support": 153.0
  },
  "C": {
    "precision": 0.456,
    "recall": 0.5,
    "f1-score": 0.4769874476987448,
    "support": 114.0
  },
  "V": {
    "precision": 0.0,
    "recall": 0.0,
    "f1-score": 0.0,
    "support": 66.0
  },
  "X": {
    "precision": 0.0,
    "recall": 0.0,
    "f1-score": 0.0,
    "support": 50.0
  },
  "accuracy": 0.4308093994778068,
  "macro avg": {
    "precision": 0.21865116279069768,
    "recall": 0.30147058823529416,
    "f1-score": 0.2506337232385548,
    "support": 383.0
  },
  "weighted avg": {
    "precision": 0.30295172748800775,
    "recall": 0.4308093994778068,
    "f1-score": 0.3519199168713956,
    "support": 383.0
  }
}