{
  "R": {
    "precision": 0.7518796992481203,
    "recall": 0.6535947712418301,
    "f1-score": 0.6993006993006993,
    "support": 153.0
  },
  "C": {
    "precision": 0.5753424657534246,
    "recall": 0.7368421052631579,
    "f1-score": 0.6461538461538462,
    "support": 114.0
  },
  "V": {
    "precision": 0.7101449275362319,
    "recall": 0.7424242424242424,
    "f1-score": 0.725925925925926,
    "support": 66.0
  },
  "X": {
    "precision": 0.9142857142857143,
    "recall": 0.64,
    "f1-score": 0.7529411764705883,
    "support": 50.0
  },
  "accuracy": 0.6919060052219321,
  "macro avg": {
    "precision": 0.7379132017058727,
    "recall": 0.6932152797323076,
    "f1-score": 0.7060804119627649,
    "support": 383.0
  },
  "weighted avg": {
    "precision": 0.7133433055157437,
    "recall": 0.6919060052219321,
    "f1-score": 0.6950723639404334,
    "support": 383.0
  }
}