{
  "R": {
    "precision": 0.689873417721519,
    "recall": 0.7124183006535948,
    "f1-score": 0.7009646302250804,
    "support": 153.0
  },
  "C": {
    "precision": 0.6307692307692307,
    "recall": 0.7192982456140351,
    "f1-score": 0.6721311475409837,
    "support": 114.0
  },
  "V": {
    "precision": 0.8064516129032258,
    "recall": 0.7575757575757576,
    "f1-score": 0.7812499999999999,
    "support": 66.0
  },
  "X": {
    "precision": 0.9393939393939394,
    "recall": 0.62,
    "f1-score": 0.7469879518072288,
    "support": 50.0
  },
  "accuracy": 0.7101827676240209,
  "macro avg": {
    "precision": 0.7666220501969787,
    "recall": 0.702323075960847,
    "f1-score": 0.7253334323933233,
    "support": 383.0
  },
  "weighted avg": {
    "precision": 0.7249447222986803,
    "recall": 0.7101827676240209,
    "f1-score": 0.7122256836409162,
    "support": 383.0
  }
}