{
  "R": {
    "precision": 0.6646341463414634,
    "recall": 0.7124183006535948,
    "f1-score": 0.6876971608832808,
    "support": 153.0
  },
  "C": {
    "precision": 0.6228070175438597,
    "recall": 0.6228070175438597,
    "f1-score": 0.6228070175438597,
    "support": 114.0
  },
  "V": {
    "precision": 0.6428571428571429,
    "recall": 0.6818181818181818,
    "f1-score": 0.6617647058823529,
    "support": 66.0
  },
  "X": {
    "precision": 0.9714285714285714,
    "recall": 0.68,
    "f1-score": 0.8,
    "support": 50.0
  },
  "accuracy": 0.6762402088772846,
  "macro avg": {
    "precision": 0.7254317195427594,
    "recall": 0.6742608750039091,
    "f1-score": 0.6930672210773734,
    "support": 383.0
  },
  "weighted avg": {
    "precision": 0.6884830924027255,
    "recall": 0.6762402088772846,
    "f1-score": 0.678574768155032,
    "support": 383.0
  }
}