{
  "R": {
    "precision": 0.7589285714285714,
    "recall": 0.5214723926380368,
    "f1-score": 0.6181818181818183,
    "support": 163.0
  },
  "C": {
    "precision": 0.5727699530516432,
    "recall": 0.8356164383561644,
    "f1-score": 0.67966573816156,
    "support": 146.0
  },
  "V": {
    "precision": 0.9444444444444444,
    "recall": 0.6666666666666666,
    "f1-score": 0.7816091954022987,
    "support": 51.0
  },
  "X": {
    "precision": 0.9545454545454546,
    "recall": 0.9333333333333333,
    "f1-score": 0.9438202247191012,
    "support": 45.0
  },
  "accuracy": 0.6987654320987654,
  "macro avg": {
    "precision": 0.8076721058675284,
    "recall": 0.7392722077485503,
    "f1-score": 0.7558192441161945,
    "support": 405.0
  },
  "weighted avg": {
    "precision": 0.7369160059496523,
    "recall": 0.6987654320987654,
    "f1-score": 0.6971081807730888,
    "support": 405.0
  }
}