{
  "R": {
    "precision": 0.6709511568123393,
    "recall": 0.7744807121661721,
    "f1-score": 0.7190082644628099,
    "support": 337.0
  },
  "C": {
    "precision": 0.643312101910828,
    "recall": 0.543010752688172,
    "f1-score": 0.5889212827988337,
    "support": 186.0
  },
  "V": {
    "precision": 0.8383233532934131,
    "recall": 0.6542056074766355,
    "f1-score": 0.7349081364829397,
    "support": 214.0
  },
  "X": {
    "precision": 0.7407407407407407,
    "recall": 0.9009009009009009,
    "f1-score": 0.8130081300813008,
    "support": 111.0
  },
  "accuracy": 0.7099056603773585,
  "macro avg": {
    "precision": 0.7233318381893303,
    "recall": 0.7181494933079702,
    "f1-score": 0.713961453456471,
    "support": 848.0
  },
  "weighted avg": {
    "precision": 0.7162618049860671,
    "recall": 0.7099056603773585,
    "f1-score": 0.70679173039024,
    "support": 848.0
  }
}