{
  "R": {
    "precision": 0.630057803468208,
    "recall": 0.7124183006535948,
    "f1-score": 0.6687116564417178,
    "support": 153.0
  },
  "C": {
    "precision": 0.5118110236220472,
    "recall": 0.5701754385964912,
    "f1-score": 0.5394190871369294,
    "support": 114.0
  },
  "V": {
    "precision": 0.6909090909090909,
    "recall": 0.5757575757575758,
    "f1-score": 0.6280991735537191,
    "support": 66.0
  },
  "X": {
    "precision": 1.0,
    "recall": 0.56,
    "f1-score": 0.717948717948718,
    "support": 50.0
  },
  "accuracy": 0.6266318537859008,
  "macro avg": {
    "precision": 0.7081944794998365,
    "recall": 0.6045878287519154,
    "f1-score": 0.6385446587702711,
    "support": 383.0
  },
  "weighted avg": {
    "precision": 0.6536430825680136,
    "recall": 0.6266318537859008,
    "f1-score": 0.6296570253816558,
    "support": 383.0
  }
}