{
  "R": {
    "precision": 0.5306122448979592,
    "recall": 0.6797385620915033,
    "f1-score": 0.5959885386819485,
    "support": 153.0
  },
  "C": {
    "precision": 0.59375,
    "recall": 0.5,
    "f1-score": 0.5428571428571428,
    "support": 114.0
  },
  "V": {
    "precision": 0.559322033898305,
    "recall": 0.5,
    "f1-score": 0.528,
    "support": 66.0
  },
  "X": {
    "precision": 0.78125,
    "recall": 0.5,
    "f1-score": 0.6097560975609756,
    "support": 50.0
  },
  "accuracy": 0.5718015665796344,
  "macro avg": {
    "precision": 0.6162335696990661,
    "recall": 0.5449346405228759,
    "f1-score": 0.5691504447750168,
    "support": 383.0
  },
  "weighted avg": {
    "precision": 0.587072918294193,
    "recall": 0.5718015665796344,
    "f1-score": 0.5702552626164522,
    "support": 383.0
  }
}