{
  "R": {
    "precision": 0.5711252653927813,
    "recall": 0.798219584569733,
    "f1-score": 0.6658415841584159,
    "support": 337.0
  },
  "C": {
    "precision": 0.5344827586206896,
    "recall": 0.16666666666666666,
    "f1-score": 0.2540983606557377,
    "support": 186.0
  },
  "V": {
    "precision": 0.7619047619047619,
    "recall": 0.5981308411214953,
    "f1-score": 0.6701570680628272,
    "support": 214.0
  },
  "X": {
    "precision": 0.6887417218543046,
    "recall": 0.9369369369369369,
    "f1-score": 0.7938931297709924,
    "support": 111.0
  },
  "accuracy": 0.6273584905660378,
  "macro avg": {
    "precision": 0.6390636269431343,
    "recall": 0.624988507323708,
    "f1-score": 0.5959975356619933,
    "support": 848.0
  },
  "weighted avg": {
    "precision": 0.6266284878705924,
    "recall": 0.6273584905660378,
    "f1-score": 0.5933804940016256,
    "support": 848.0
  }
}