{
  "R": {
    "precision": 0.579185520361991,
    "recall": 0.8366013071895425,
    "f1-score": 0.6844919786096257,
    "support": 153.0
  },
  "C": {
    "precision": 0.6842105263157895,
    "recall": 0.45614035087719296,
    "f1-score": 0.5473684210526316,
    "support": 114.0
  },
  "V": {
    "precision": 0.6610169491525424,
    "recall": 0.5909090909090909,
    "f1-score": 0.6240000000000001,
    "support": 66.0
  },
  "X": {
    "precision": 1.0,
    "recall": 0.54,
    "f1-score": 0.7012987012987013,
    "support": 50.0
  },
  "accuracy": 0.6422976501305483,
  "macro avg": {
    "precision": 0.7311032489575807,
    "recall": 0.6059126872439566,
    "f1-score": 0.6392897752402397,
    "support": 383.0
  },
  "weighted avg": {
    "precision": 0.679484342713975,
    "recall": 0.6422976501305483,
    "f1-score": 0.635447017734224,
    "support": 383.0
  }
}