{
  "R": {
    "precision": 0.5658536585365853,
    "recall": 0.7581699346405228,
    "f1-score": 0.64804469273743,
    "support": 153.0
  },
  "C": {
    "precision": 0.6037735849056604,
    "recall": 0.5614035087719298,
    "f1-score": 0.5818181818181818,
    "support": 114.0
  },
  "V": {
    "precision": 0.6511627906976745,
    "recall": 0.42424242424242425,
    "f1-score": 0.5137614678899082,
    "support": 66.0
  },
  "X": {
    "precision": 0.896551724137931,
    "recall": 0.52,
    "f1-score": 0.6582278481012658,
    "support": 50.0
  },
  "accuracy": 0.6109660574412533,
  "macro avg": {
    "precision": 0.6793354395694629,
    "recall": 0.5659539669137192,
    "f1-score": 0.6004630476366964,
    "support": 383.0
  },
  "weighted avg": {
    "precision": 0.635013391196569,
    "recall": 0.6109660574412533,
    "f1-score": 0.6065215665845869,
    "support": 383.0
  }
}