{
  "R": {
    "precision": 0.6751592356687898,
    "recall": 0.6928104575163399,
    "f1-score": 0.6838709677419355,
    "support": 153.0
  },
  "C": {
    "precision": 0.5891472868217055,
    "recall": 0.6666666666666666,
    "f1-score": 0.6255144032921811,
    "support": 114.0
  },
  "V": {
    "precision": 0.7619047619047619,
    "recall": 0.7272727272727273,
    "f1-score": 0.7441860465116279,
    "support": 66.0
  },
  "X": {
    "precision": 0.9705882352941176,
    "recall": 0.66,
    "f1-score": 0.7857142857142857,
    "support": 50.0
  },
  "accuracy": 0.6866840731070496,
  "macro avg": {
    "precision": 0.7491998799223437,
    "recall": 0.6866874628639335,
    "f1-score": 0.7098214258150075,
    "support": 383.0
  },
  "weighted avg": {
    "precision": 0.7030738376120612,
    "recall": 0.6866840731070496,
    "f1-score": 0.690190322180957,
    "support": 383.0
  }
}