{
  "R": {
    "precision": 0.6746987951807228,
    "recall": 0.7320261437908496,
    "f1-score": 0.702194357366771,
    "support": 153.0
  },
  "C": {
    "precision": 0.6339285714285714,
    "recall": 0.6228070175438597,
    "f1-score": 0.6283185840707964,
    "support": 114.0
  },
  "V": {
    "precision": 0.6617647058823529,
    "recall": 0.6818181818181818,
    "f1-score": 0.6716417910447761,
    "support": 66.0
  },
  "X": {
    "precision": 0.918918918918919,
    "recall": 0.68,
    "f1-score": 0.7816091954022989,
    "support": 50.0
  },
  "accuracy": 0.6840731070496083,
  "macro avg": {
    "precision": 0.7223277478526415,
    "recall": 0.6791628357882228,
    "f1-score": 0.6959409819711606,
    "support": 383.0
  },
  "weighted avg": {
    "precision": 0.6922172045422688,
    "recall": 0.6840731070496083,
    "f1-score": 0.6853077630293914,
    "support": 383.0
  }
}