{
  "R": {
    "precision": 0.44074074074074077,
    "recall": 0.7777777777777778,
    "f1-score": 0.5626477541371159,
    "support": 153.0
  },
  "C": {
    "precision": 0.41379310344827586,
    "recall": 0.3157894736842105,
    "f1-score": 0.3582089552238805,
    "support": 114.0
  },
  "V": {
    "precision": 0.0,
    "recall": 0.0,
    "f1-score": 0.0,
    "support": 66.0
  },
  "X": {
    "precision": 1.0,
    "recall": 0.52,
    "f1-score": 0.6842105263157895,
    "support": 50.0
  },
  "accuracy": 0.4725848563968668,
  "macro avg": {
    "precision": 0.46363346104725417,
    "recall": 0.4033918128654971,
    "f1-score": 0.40126680891919647,
    "support": 383.0
  },
  "weighted avg": {
    "precision": 0.42978001860688453,
    "recall": 0.4725848563968668,
    "f1-score": 0.4207087561208631,
    "support": 383.0
  }
}