{
  "R": {
    "precision": 0.6643835616438356,
    "recall": 0.6339869281045751,
    "f1-score": 0.6488294314381271,
    "support": 153.0
  },
  "C": {
    "precision": 0.5476190476190477,
    "recall": 0.6052631578947368,
    "f1-score": 0.575,
    "support": 114.0
  },
  "V": {
    "precision": 0.68,
    "recall": 0.7727272727272727,
    "f1-score": 0.7234042553191491,
    "support": 66.0
  },
  "X": {
    "precision": 0.9722222222222222,
    "recall": 0.7,
    "f1-score": 0.813953488372093,
    "support": 50.0
  },
  "accuracy": 0.6579634464751958,
  "macro avg": {
    "precision": 0.7160562078712764,
    "recall": 0.6779943396816461,
    "f1-score": 0.6902967937823423,
    "support": 383.0
  },
  "weighted avg": {
    "precision": 0.6725074868699462,
    "recall": 0.6579634464751958,
    "f1-score": 0.6612617709652792,
    "support": 383.0
  }
}