{
  "R": {
    "precision": 0.6057692307692307,
    "recall": 0.8235294117647058,
    "f1-score": 0.6980609418282548,
    "support": 153.0
  },
  "C": {
    "precision": 0.618421052631579,
    "recall": 0.41228070175438597,
    "f1-score": 0.49473684210526325,
    "support": 114.0
  },
  "V": {
    "precision": 0.7727272727272727,
    "recall": 0.7727272727272727,
    "f1-score": 0.7727272727272727,
    "support": 66.0
  },
  "X": {
    "precision": 0.9696969696969697,
    "recall": 0.64,
    "f1-score": 0.7710843373493975,
    "support": 50.0
  },
  "accuracy": 0.6684073107049608,
  "macro avg": {
    "precision": 0.741653631456263,
    "recall": 0.6621343465615911,
    "f1-score": 0.6841523485025471,
    "support": 383.0
  },
  "weighted avg": {
    "precision": 0.6858160334008898,
    "recall": 0.6684073107049608,
    "f1-score": 0.6599413602276577,
    "support": 383.0
  }
}