{
  "R": {
    "precision": 0.5112107623318386,
    "recall": 0.7450980392156863,
    "f1-score": 0.6063829787234042,
    "support": 153.0
  },
  "C": {
    "precision": 0.6571428571428571,
    "recall": 0.40350877192982454,
    "f1-score": 0.5,
    "support": 114.0
  },
  "V": {
    "precision": 0.6666666666666666,
    "recall": 0.3939393939393939,
    "f1-score": 0.4952380952380952,
    "support": 66.0
  },
  "X": {
    "precision": 0.6274509803921569,
    "recall": 0.64,
    "f1-score": 0.6336633663366336,
    "support": 50.0
  },
  "accuracy": 0.5691906005221932,
  "macro avg": {
    "precision": 0.6156178166333798,
    "recall": 0.5456365512712262,
    "f1-score": 0.5588211100745333,
    "support": 383.0
  },
  "weighted avg": {
    "precision": 0.5966111785134853,
    "recall": 0.5691906005221932,
    "f1-score": 0.55912657531913,
    "support": 383.0
  }
}