{
  "R": {
    "precision": 0.6733333333333333,
    "recall": 0.6601307189542484,
    "f1-score": 0.6666666666666667,
    "support": 153.0
  },
  "C": {
    "precision": 0.6136363636363636,
    "recall": 0.7105263157894737,
    "f1-score": 0.6585365853658537,
    "support": 114.0
  },
  "V": {
    "precision": 0.7368421052631579,
    "recall": 0.6363636363636364,
    "f1-score": 0.6829268292682926,
    "support": 66.0
  },
  "X": {
    "precision": 0.8636363636363636,
    "recall": 0.76,
    "f1-score": 0.8085106382978724,
    "support": 50.0
  },
  "accuracy": 0.6840731070496083,
  "macro avg": {
    "precision": 0.7218620414673047,
    "recall": 0.6917551677768397,
    "f1-score": 0.7041601798996713,
    "support": 383.0
  },
  "weighted avg": {
    "precision": 0.6913523305058278,
    "recall": 0.6840731070496083,
    "f1-score": 0.6855662490295256,
    "support": 383.0
  }
}