{
  "R": {
    "precision": 0.6481481481481481,
    "recall": 0.6862745098039216,
    "f1-score": 0.6666666666666666,
    "support": 153.0
  },
  "C": {
    "precision": 0.6083333333333333,
    "recall": 0.6403508771929824,
    "f1-score": 0.6239316239316238,
    "support": 114.0
  },
  "V": {
    "precision": 0.7272727272727273,
    "recall": 0.7272727272727273,
    "f1-score": 0.7272727272727273,
    "support": 66.0
  },
  "X": {
    "precision": 0.9714285714285714,
    "recall": 0.68,
    "f1-score": 0.8,
    "support": 50.0
  },
  "accuracy": 0.6788511749347258,
  "macro avg": {
    "precision": 0.738795695045695,
    "recall": 0.6834745285674079,
    "f1-score": 0.7044677544677544,
    "support": 383.0
  },
  "weighted avg": {
    "precision": 0.6921360188984209,
    "recall": 0.6788511749347258,
    "f1-score": 0.6817968802303005,
    "support": 383.0
  }
}