{
  "R": {
    "precision": 0.52046783625731,
    "recall": 0.7922848664688428,
    "f1-score": 0.6282352941176471,
    "support": 337.0
  },
  "C": {
    "precision": 0.0,
    "recall": 0.0,
    "f1-score": 0.0,
    "support": 186.0
  },
  "V": {
    "precision": 0.5808080808080808,
    "recall": 0.5424528301886793,
    "f1-score": 0.5609756097560976,
    "support": 212.0
  },
  "X": {
    "precision": 0.7333333333333333,
    "recall": 0.8918918918918919,
    "f1-score": 0.8048780487804879,
    "support": 111.0
  },
  "accuracy": 0.5685579196217494,
  "macro avg": {
    "precision": 0.458652312599681,
    "recall": 0.5566573971373534,
    "f1-score": 0.4985222381635582,
    "support": 846.0
  },
  "weighted avg": {
    "precision": 0.4490886216903387,
    "recall": 0.5685579196217494,
    "f1-score": 0.49643449976427173,
    "support": 846.0
  }
}