{
  "R": {
    "precision": 0.6301369863013698,
    "recall": 0.6013071895424836,
    "f1-score": 0.6153846153846154,
    "support": 153.0
  },
  "C": {
    "precision": 0.5537190082644629,
    "recall": 0.5877192982456141,
    "f1-score": 0.570212765957447,
    "support": 114.0
  },
  "V": {
    "precision": 0.6049382716049383,
    "recall": 0.7424242424242424,
    "f1-score": 0.6666666666666666,
    "support": 66.0
  },
  "X": {
    "precision": 0.9142857142857143,
    "recall": 0.64,
    "f1-score": 0.7529411764705883,
    "support": 50.0
  },
  "accuracy": 0.6266318537859008,
  "macro avg": {
    "precision": 0.6757699951141213,
    "recall": 0.642862682553085,
    "f1-score": 0.6513013061198293,
    "support": 383.0
  },
  "weighted avg": {
    "precision": 0.6401439621056658,
    "recall": 0.6266318537859008,
    "f1-score": 0.6287340999909257,
    "support": 383.0
  }
}