{
  "R": {
    "precision": 0.631979695431472,
    "recall": 0.7388724035608308,
    "f1-score": 0.6812585499316004,
    "support": 337.0
  },
  "C": {
    "precision": 0.5483870967741935,
    "recall": 0.3655913978494624,
    "f1-score": 0.4387096774193548,
    "support": 186.0
  },
  "V": {
    "precision": 0.795,
    "recall": 0.75,
    "f1-score": 0.7718446601941749,
    "support": 212.0
  },
  "X": {
    "precision": 0.8046875,
    "recall": 0.9279279279279279,
    "f1-score": 0.8619246861924686,
    "support": 111.0
  },
  "accuracy": 0.6843971631205674,
  "macro avg": {
    "precision": 0.6950135730514164,
    "recall": 0.6955979323345552,
    "f1-score": 0.6884343934343997,
    "support": 846.0
  },
  "weighted avg": {
    "precision": 0.6771128485347591,
    "recall": 0.6843971631205674,
    "f1-score": 0.6743366896636861,
    "support": 846.0
  }
}