{
  "R": {
    "precision": 0.5561224489795918,
    "recall": 0.7124183006535948,
    "f1-score": 0.6246418338108883,
    "support": 153.0
  },
  "C": {
    "precision": 0.6421052631578947,
    "recall": 0.5350877192982456,
    "f1-score": 0.583732057416268,
    "support": 114.0
  },
  "V": {
    "precision": 0.6,
    "recall": 0.4090909090909091,
    "f1-score": 0.4864864864864865,
    "support": 66.0
  },
  "X": {
    "precision": 0.723404255319149,
    "recall": 0.68,
    "f1-score": 0.7010309278350516,
    "support": 50.0
  },
  "accuracy": 0.6031331592689295,
  "macro avg": {
    "precision": 0.6304079918641589,
    "recall": 0.5841492322606874,
    "f1-score": 0.5989728263871736,
    "support": 383.0
  },
  "weighted avg": {
    "precision": 0.6111147453259399,
    "recall": 0.6031331592689295,
    "f1-score": 0.5986300512229273,
    "support": 383.0
  }
}