{
  "R": {
    "precision": 0.7910447761194029,
    "recall": 0.6928104575163399,
    "f1-score": 0.7386759581881533,
    "support": 153.0
  },
  "C": {
    "precision": 0.6015625,
    "recall": 0.6754385964912281,
    "f1-score": 0.6363636363636364,
    "support": 114.0
  },
  "V": {
    "precision": 0.5617977528089888,
    "recall": 0.7575757575757576,
    "f1-score": 0.6451612903225806,
    "support": 66.0
  },
  "X": {
    "precision": 0.96875,
    "recall": 0.62,
    "f1-score": 0.7560975609756097,
    "support": 50.0
  },
  "accuracy": 0.6892950391644909,
  "macro avg": {
    "precision": 0.7307887572320979,
    "recall": 0.6864562028958314,
    "f1-score": 0.6940746114624949,
    "support": 383.0
  },
  "weighted avg": {
    "precision": 0.7183397583072113,
    "recall": 0.6892950391644909,
    "f1-score": 0.6943822437553859,
    "support": 383.0
  }
}