{
  "R": {
    "precision": 0.648960739030023,
    "recall": 0.8338278931750742,
    "f1-score": 0.7298701298701298,
    "support": 337.0
  },
  "C": {
    "precision": 0.7244897959183674,
    "recall": 0.3817204301075269,
    "f1-score": 0.5,
    "support": 186.0
  },
  "V": {
    "precision": 0.7988826815642458,
    "recall": 0.6745283018867925,
    "f1-score": 0.731457800511509,
    "support": 212.0
  },
  "X": {
    "precision": 0.7352941176470589,
    "recall": 0.9009009009009009,
    "f1-score": 0.8097165991902834,
    "support": 111.0
  },
  "accuracy": 0.7033096926713948,
  "macro avg": {
    "precision": 0.7269068335399238,
    "recall": 0.6977443815175737,
    "f1-score": 0.6927611323929805,
    "support": 846.0
  },
  "weighted avg": {
    "precision": 0.7144629392959547,
    "recall": 0.7033096926713948,
    "f1-score": 0.690205472795266,
    "support": 846.0
  }
}