{
  "R": {
    "precision": 0.7101449275362319,
    "recall": 0.6405228758169934,
    "f1-score": 0.6735395189003436,
    "support": 153.0
  },
  "C": {
    "precision": 0.5094339622641509,
    "recall": 0.7105263157894737,
    "f1-score": 0.5934065934065935,
    "support": 114.0
  },
  "V": {
    "precision": 0.8478260869565217,
    "recall": 0.5909090909090909,
    "f1-score": 0.6964285714285714,
    "support": 66.0
  },
  "X": {
    "precision": 0.8,
    "recall": 0.64,
    "f1-score": 0.7111111111111111,
    "support": 50.0
  },
  "accuracy": 0.6527415143603134,
  "macro avg": {
    "precision": 0.7168512441892261,
    "recall": 0.6454895706288896,
    "f1-score": 0.6686214487116549,
    "support": 383.0
  },
  "weighted avg": {
    "precision": 0.6858594447788176,
    "recall": 0.6527415143603134,
    "f1-score": 0.6585371783549491,
    "support": 383.0
  }
}