{
  "R": {
    "precision": 0.4,
    "recall": 0.43137254901960786,
    "f1-score": 0.41509433962264153,
    "support": 153.0
  },
  "C": {
    "precision": 0.26804123711340205,
    "recall": 0.22807017543859648,
    "f1-score": 0.24644549763033174,
    "support": 114.0
  },
  "V": {
    "precision": 0.19834710743801653,
    "recall": 0.36363636363636365,
    "f1-score": 0.25668449197860965,
    "support": 66.0
  },
  "X": {
    "precision": 0.0,
    "recall": 0.0,
    "f1-score": 0.0,
    "support": 50.0
  },
  "accuracy": 0.3028720626631854,
  "macro avg": {
    "precision": 0.21659708613785467,
    "recall": 0.25576977202364204,
    "f1-score": 0.22955608230789573,
    "support": 383.0
  },
  "weighted avg": {
    "precision": 0.2737535512319502,
    "recall": 0.3028720626631854,
    "f1-score": 0.28340834768331646,
    "support": 383.0
  }
}