{
  "R": {
    "precision": 0.4497991967871486,
    "recall": 0.7320261437908496,
    "f1-score": 0.5572139303482587,
    "support": 153.0
  },
  "C": {
    "precision": 0.4807692307692308,
    "recall": 0.43859649122807015,
    "f1-score": 0.4587155963302752,
    "support": 114.0
  },
  "V": {
    "precision": 0.0,
    "recall": 0.0,
    "f1-score": 0.0,
    "support": 66.0
  },
  "X": {
    "precision": 1.0,
    "recall": 0.6,
    "f1-score": 0.7499999999999999,
    "support": 50.0
  },
  "accuracy": 0.5013054830287206,
  "macro avg": {
    "precision": 0.4826421068890948,
    "recall": 0.4426556587547299,
    "f1-score": 0.4414823816696335,
    "support": 383.0
  },
  "weighted avg": {
    "precision": 0.45333412380189564,
    "recall": 0.5013054830287206,
    "f1-score": 0.45704258309382495,
    "support": 383.0
  }
}