{
  "R": {
    "precision": 0.7352941176470589,
    "recall": 0.6535947712418301,
    "f1-score": 0.6920415224913495,
    "support": 153.0
  },
  "C": {
    "precision": 0.625,
    "recall": 0.7017543859649122,
    "f1-score": 0.6611570247933884,
    "support": 114.0
  },
  "V": {
    "precision": 0.5476190476190477,
    "recall": 0.696969696969697,
    "f1-score": 0.6133333333333334,
    "support": 66.0
  },
  "X": {
    "precision": 0.9714285714285714,
    "recall": 0.68,
    "f1-score": 0.8,
    "support": 50.0
  },
  "accuracy": 0.6788511749347258,
  "macro avg": {
    "precision": 0.7198354341736695,
    "recall": 0.6830797135441099,
    "f1-score": 0.6916329701545179,
    "support": 383.0
  },
  "weighted avg": {
    "precision": 0.7009511376352108,
    "recall": 0.6788511749347258,
    "f1-score": 0.6833792526569785,
    "support": 383.0
  }
}