{
  "R": {
    "precision": 0.4780564263322884,
    "recall": 0.9050445103857567,
    "f1-score": 0.6256410256410256,
    "support": 337.0
  },
  "C": {
    "precision": 0.0,
    "recall": 0.0,
    "f1-score": 0.0,
    "support": 186.0
  },
  "V": {
    "precision": 0.7142857142857143,
    "recall": 0.21226415094339623,
    "f1-score": 0.32727272727272727,
    "support": 212.0
  },
  "X": {
    "precision": 0.696551724137931,
    "recall": 0.9099099099099099,
    "f1-score": 0.7890625,
    "support": 111.0
  },
  "accuracy": 0.533096926713948,
  "macro avg": {
    "precision": 0.47222346618898337,
    "recall": 0.5068046428097657,
    "f1-score": 0.4354940632284382,
    "support": 846.0
  },
  "weighted avg": {
    "precision": 0.4608165821298617,
    "recall": 0.533096926713948,
    "f1-score": 0.43476215286388165,
    "support": 846.0
  }
}