{
  "R": {
    "precision": 0.60625,
    "recall": 0.6339869281045751,
    "f1-score": 0.6198083067092651,
    "support": 153.0
  },
  "C": {
    "precision": 0.6,
    "recall": 0.5526315789473685,
    "f1-score": 0.5753424657534247,
    "support": 114.0
  },
  "V": {
    "precision": 0.6338028169014085,
    "recall": 0.6818181818181818,
    "f1-score": 0.6569343065693432,
    "support": 66.0
  },
  "X": {
    "precision": 0.6595744680851063,
    "recall": 0.62,
    "f1-score": 0.6391752577319586,
    "support": 50.0
  },
  "accuracy": 0.6161879895561357,
  "macro avg": {
    "precision": 0.6249068212466287,
    "recall": 0.6221091722175314,
    "f1-score": 0.6228150841909978,
    "support": 383.0
  },
  "weighted avg": {
    "precision": 0.6160991104954263,
    "recall": 0.6161879895561357,
    "f1-score": 0.6154990578135315,
    "support": 383.0
  }
}