{
  "R": {
    "precision": 0.6933333333333334,
    "recall": 0.6797385620915033,
    "f1-score": 0.6864686468646864,
    "support": 153.0
  },
  "C": {
    "precision": 0.6228070175438597,
    "recall": 0.6228070175438597,
    "f1-score": 0.6228070175438597,
    "support": 114.0
  },
  "V": {
    "precision": 0.6410256410256411,
    "recall": 0.7575757575757576,
    "f1-score": 0.6944444444444444,
    "support": 66.0
  },
  "X": {
    "precision": 0.8536585365853658,
    "recall": 0.7,
    "f1-score": 0.7692307692307692,
    "support": 50.0
  },
  "accuracy": 0.6788511749347258,
  "macro avg": {
    "precision": 0.7027061321220499,
    "recall": 0.6900303343027803,
    "f1-score": 0.6932377195209399,
    "support": 383.0
  },
  "weighted avg": {
    "precision": 0.6842574912192183,
    "recall": 0.6788511749347258,
    "f1-score": 0.6796986286296836,
    "support": 383.0
  }
}