{
  "R": {
    "precision": 0.636986301369863,
    "recall": 0.6078431372549019,
    "f1-score": 0.6220735785953176,
    "support": 153.0
  },
  "C": {
    "precision": 0.5228758169934641,
    "recall": 0.7017543859649122,
    "f1-score": 0.599250936329588,
    "support": 114.0
  },
  "V": {
    "precision": 0.7254901960784313,
    "recall": 0.5606060606060606,
    "f1-score": 0.6324786324786323,
    "support": 66.0
  },
  "X": {
    "precision": 0.9393939393939394,
    "recall": 0.62,
    "f1-score": 0.7469879518072288,
    "support": 50.0
  },
  "accuracy": 0.6292428198433421,
  "macro avg": {
    "precision": 0.7061865634589245,
    "recall": 0.6225508959564687,
    "f1-score": 0.6501977748026917,
    "support": 383.0
  },
  "weighted avg": {
    "precision": 0.6577514286102281,
    "recall": 0.6292428198433421,
    "f1-score": 0.6333808135786104,
    "support": 383.0
  }
}