{
  "R": {
    "precision": 0.3906447534766119,
    "recall": 0.9169139465875371,
    "f1-score": 0.5478723404255319,
    "support": 337.0
  },
  "C": {
    "precision": 0.4074074074074074,
    "recall": 0.11827956989247312,
    "f1-score": 0.18333333333333335,
    "support": 186.0
  },
  "V": {
    "precision": 0.0,
    "recall": 0.0,
    "f1-score": 0.0,
    "support": 213.0
  },
  "X": {
    "precision": 0.0,
    "recall": 0.0,
    "f1-score": 0.0,
    "support": 109.0
  },
  "accuracy": 0.39171597633136096,
  "macro avg": {
    "precision": 0.1995130402210048,
    "recall": 0.2587983791200026,
    "f1-score": 0.1828014184397163,
    "support": 845.0
  },
  "weighted avg": {
    "precision": 0.24547344343123784,
    "recall": 0.39171597633136096,
    "f1-score": 0.2588555961223719,
    "support": 845.0
  }
}