{
  "R": {
    "precision": 0.5301724137931034,
    "recall": 0.803921568627451,
    "f1-score": 0.638961038961039,
    "support": 153.0
  },
  "C": {
    "precision": 0.6623376623376623,
    "recall": 0.4473684210526316,
    "f1-score": 0.5340314136125655,
    "support": 114.0
  },
  "V": {
    "precision": 0.6944444444444444,
    "recall": 0.3787878787878788,
    "f1-score": 0.4901960784313726,
    "support": 66.0
  },
  "X": {
    "precision": 0.8421052631578947,
    "recall": 0.64,
    "f1-score": 0.7272727272727272,
    "support": 50.0
  },
  "accuracy": 0.6031331592689295,
  "macro avg": {
    "precision": 0.6822649459332761,
    "recall": 0.5675194671169904,
    "f1-score": 0.5976153145694261,
    "support": 383.0
  },
  "weighted avg": {
    "precision": 0.6385416953213222,
    "recall": 0.6031331592689295,
    "f1-score": 0.5936219259868888,
    "support": 383.0
  }
}