{
  "R": {
    "precision": 0.7194029850746269,
    "recall": 0.7151335311572701,
    "f1-score": 0.7172619047619048,
    "support": 337.0
  },
  "C": {
    "precision": 0.6011904761904762,
    "recall": 0.543010752688172,
    "f1-score": 0.5706214689265536,
    "support": 186.0
  },
  "V": {
    "precision": 0.8205128205128205,
    "recall": 0.7476635514018691,
    "f1-score": 0.7823960880195598,
    "support": 214.0
  },
  "X": {
    "precision": 0.72,
    "recall": 0.972972972972973,
    "f1-score": 0.8275862068965518,
    "support": 111.0
  },
  "accuracy": 0.7193396226415094,
  "macro avg": {
    "precision": 0.7152765704444808,
    "recall": 0.744695202055071,
    "f1-score": 0.7244664171511426,
    "support": 848.0
  },
  "weighted avg": {
    "precision": 0.719068370437879,
    "recall": 0.7193396226415094,
    "f1-score": 0.7159760459042499,
    "support": 848.0
  }
}