{
  "R": {
    "precision": 0.7027027027027027,
    "recall": 0.6797385620915033,
    "f1-score": 0.6910299003322259,
    "support": 153.0
  },
  "C": {
    "precision": 0.5588235294117647,
    "recall": 0.6666666666666666,
    "f1-score": 0.608,
    "support": 114.0
  },
  "V": {
    "precision": 0.8333333333333334,
    "recall": 0.6818181818181818,
    "f1-score": 0.7499999999999999,
    "support": 66.0
  },
  "X": {
    "precision": 0.7777777777777778,
    "recall": 0.7,
    "f1-score": 0.7368421052631577,
    "support": 50.0
  },
  "accuracy": 0.6788511749347258,
  "macro avg": {
    "precision": 0.7181593358063947,
    "recall": 0.6820558526440879,
    "f1-score": 0.6964680013988458,
    "support": 383.0
  },
  "weighted avg": {
    "precision": 0.6921887330426726,
    "recall": 0.6788511749347258,
    "f1-score": 0.6824586945534946,
    "support": 383.0
  }
}