{
  "R": {
    "precision": 0.44642857142857145,
    "recall": 0.9643916913946587,
    "f1-score": 0.6103286384976526,
    "support": 337.0
  },
  "C": {
    "precision": 0.8571428571428571,
    "recall": 0.03225806451612903,
    "f1-score": 0.06217616580310881,
    "support": 186.0
  },
  "V": {
    "precision": 0.0,
    "recall": 0.0,
    "f1-score": 0.0,
    "support": 214.0
  },
  "X": {
    "precision": 0.7699115044247787,
    "recall": 0.7837837837837838,
    "f1-score": 0.7767857142857142,
    "support": 111.0
  },
  "accuracy": 0.49292452830188677,
  "macro avg": {
    "precision": 0.5183707332490518,
    "recall": 0.4451083849236429,
    "f1-score": 0.3623226296466189,
    "support": 848.0
  },
  "weighted avg": {
    "precision": 0.4661971426782434,
    "recall": 0.49292452830188677,
    "f1-score": 0.3578640711070772,
    "support": 848.0
  }
}