{
  "R": {
    "precision": 0.5661252900232019,
    "recall": 0.7240356083086054,
    "f1-score": 0.6354166666666666,
    "support": 337.0
  },
  "C": {
    "precision": 0.5660377358490566,
    "recall": 0.3225806451612903,
    "f1-score": 0.41095890410958896,
    "support": 186.0
  },
  "V": {
    "precision": 0.7660818713450293,
    "recall": 0.6179245283018868,
    "f1-score": 0.6840731070496083,
    "support": 212.0
  },
  "X": {
    "precision": 0.7318840579710145,
    "recall": 0.9099099099099099,
    "f1-score": 0.8112449799196787,
    "support": 111.0
  },
  "accuracy": 0.6335697399527187,
  "macro avg": {
    "precision": 0.6575322387970756,
    "recall": 0.6436126729204231,
    "f1-score": 0.6354234144363856,
    "support": 846.0
  },
  "weighted avg": {
    "precision": 0.637961854332946,
    "recall": 0.6335697399527187,
    "f1-score": 0.6213303360480514,
    "support": 846.0
  }
}