{
  "R": {
    "precision": 0.5813008130081301,
    "recall": 0.934640522875817,
    "f1-score": 0.7167919799498748,
    "support": 153.0
  },
  "C": {
    "precision": 0.8909090909090909,
    "recall": 0.4298245614035088,
    "f1-score": 0.5798816568047338,
    "support": 114.0
  },
  "V": {
    "precision": 0.631578947368421,
    "recall": 0.5454545454545454,
    "f1-score": 0.5853658536585366,
    "support": 66.0
  },
  "X": {
    "precision": 1.0,
    "recall": 0.5,
    "f1-score": 0.6666666666666666,
    "support": 50.0
  },
  "accuracy": 0.660574412532637,
  "macro avg": {
    "precision": 0.7759472128214104,
    "recall": 0.6024799074334678,
    "f1-score": 0.6371765392699529,
    "support": 383.0
  },
  "weighted avg": {
    "precision": 0.7367803427681359,
    "recall": 0.660574412532637,
    "f1-score": 0.6468489855949535,
    "support": 383.0
  }
}