{
  "R": {
    "precision": 0.7936507936507936,
    "recall": 0.6535947712418301,
    "f1-score": 0.7168458781362007,
    "support": 153.0
  },
  "C": {
    "precision": 0.6095890410958904,
    "recall": 0.7807017543859649,
    "f1-score": 0.6846153846153846,
    "support": 114.0
  },
  "V": {
    "precision": 0.6986301369863014,
    "recall": 0.7727272727272727,
    "f1-score": 0.7338129496402879,
    "support": 66.0
  },
  "X": {
    "precision": 0.8157894736842105,
    "recall": 0.62,
    "f1-score": 0.7045454545454546,
    "support": 50.0
  },
  "accuracy": 0.7075718015665796,
  "macro avg": {
    "precision": 0.729414861354299,
    "recall": 0.706755949588767,
    "f1-score": 0.7099549167343319,
    "support": 383.0
  },
  "weighted avg": {
    "precision": 0.7253806392658207,
    "recall": 0.7075718015665796,
    "f1-score": 0.7085704976619434,
    "support": 383.0
  }
}