{
  "R": {
    "precision": 0.6930946291560103,
    "recall": 0.8041543026706232,
    "f1-score": 0.7445054945054945,
    "support": 337.0
  },
  "C": {
    "precision": 0.6617647058823529,
    "recall": 0.4838709677419355,
    "f1-score": 0.5590062111801243,
    "support": 186.0
  },
  "V": {
    "precision": 0.8333333333333334,
    "recall": 0.7075471698113207,
    "f1-score": 0.7653061224489797,
    "support": 212.0
  },
  "X": {
    "precision": 0.7769784172661871,
    "recall": 0.972972972972973,
    "f1-score": 0.8640000000000001,
    "support": 111.0
  },
  "accuracy": 0.7316784869976359,
  "macro avg": {
    "precision": 0.7412927714094709,
    "recall": 0.7421363532992131,
    "f1-score": 0.7332044570336496,
    "support": 846.0
  },
  "weighted avg": {
    "precision": 0.73235507837223,
    "recall": 0.7316784869976359,
    "f1-score": 0.724612771734088,
    "support": 846.0
  }
}