{
  "R": {
    "precision": 0.6424870466321243,
    "recall": 0.8104575163398693,
    "f1-score": 0.7167630057803469,
    "support": 153.0
  },
  "C": {
    "precision": 0.652542372881356,
    "recall": 0.6754385964912281,
    "f1-score": 0.6637931034482758,
    "support": 114.0
  },
  "V": {
    "precision": 0.725,
    "recall": 0.4393939393939394,
    "f1-score": 0.5471698113207547,
    "support": 66.0
  },
  "X": {
    "precision": 0.9375,
    "recall": 0.6,
    "f1-score": 0.7317073170731707,
    "support": 50.0
  },
  "accuracy": 0.6788511749347258,
  "macro avg": {
    "precision": 0.7393823548783701,
    "recall": 0.6313225130562592,
    "f1-score": 0.6648583094056371,
    "support": 383.0
  },
  "weighted avg": {
    "precision": 0.6982123985461869,
    "recall": 0.6788511749347258,
    "f1-score": 0.673722525008681,
    "support": 383.0
  }
}