{
  "R": {
    "precision": 0.75,
    "recall": 0.6470588235294118,
    "f1-score": 0.6947368421052633,
    "support": 153.0
  },
  "C": {
    "precision": 0.6099290780141844,
    "recall": 0.7543859649122807,
    "f1-score": 0.6745098039215687,
    "support": 114.0
  },
  "V": {
    "precision": 0.7391304347826086,
    "recall": 0.7727272727272727,
    "f1-score": 0.7555555555555555,
    "support": 66.0
  },
  "X": {
    "precision": 0.8292682926829268,
    "recall": 0.68,
    "f1-score": 0.7472527472527474,
    "support": 50.0
  },
  "accuracy": 0.7049608355091384,
  "macro avg": {
    "precision": 0.7320819513699299,
    "recall": 0.7135430152922414,
    "f1-score": 0.7180137372087837,
    "support": 383.0
  },
  "weighted avg": {
    "precision": 0.7167831285206671,
    "recall": 0.7049608355091384,
    "f1-score": 0.7060526332074888,
    "support": 383.0
  }
}