{
  "R": {
    "precision": 0.576271186440678,
    "recall": 0.6666666666666666,
    "f1-score": 0.6181818181818182,
    "support": 153.0
  },
  "C": {
    "precision": 0.5728155339805825,
    "recall": 0.5175438596491229,
    "f1-score": 0.543778801843318,
    "support": 114.0
  },
  "V": {
    "precision": 0.7164179104477612,
    "recall": 0.7272727272727273,
    "f1-score": 0.7218045112781953,
    "support": 66.0
  },
  "X": {
    "precision": 0.8611111111111112,
    "recall": 0.62,
    "f1-score": 0.7209302325581396,
    "support": 50.0
  },
  "accuracy": 0.6266318537859008,
  "macro avg": {
    "precision": 0.6816539354950332,
    "recall": 0.6328708133971291,
    "f1-score": 0.6511738409653678,
    "support": 383.0
  },
  "weighted avg": {
    "precision": 0.6365785901940415,
    "recall": 0.6266318537859008,
    "f1-score": 0.6273060338491496,
    "support": 383.0
  }
}