{
  "R": {
    "precision": 0.6298342541436464,
    "recall": 0.7450980392156863,
    "f1-score": 0.6826347305389221,
    "support": 153.0
  },
  "C": {
    "precision": 0.6,
    "recall": 0.6052631578947368,
    "f1-score": 0.6026200873362445,
    "support": 114.0
  },
  "V": {
    "precision": 0.6271186440677966,
    "recall": 0.5606060606060606,
    "f1-score": 0.592,
    "support": 66.0
  },
  "X": {
    "precision": 0.8928571428571429,
    "recall": 0.5,
    "f1-score": 0.6410256410256411,
    "support": 50.0
  },
  "accuracy": 0.639686684073107,
  "macro avg": {
    "precision": 0.6874525102671465,
    "recall": 0.6027418144291209,
    "f1-score": 0.6295701147252019,
    "support": 383.0
  },
  "weighted avg": {
    "precision": 0.6548233121026361,
    "recall": 0.639686684073107,
    "f1-score": 0.6377678479897363,
    "support": 383.0
  }
}