{
  "R": {
    "precision": 0.5769230769230769,
    "recall": 0.6862745098039216,
    "f1-score": 0.6268656716417911,
    "support": 153.0
  },
  "C": {
    "precision": 0.5700934579439252,
    "recall": 0.5350877192982456,
    "f1-score": 0.5520361990950227,
    "support": 114.0
  },
  "V": {
    "precision": 0.6206896551724138,
    "recall": 0.5454545454545454,
    "f1-score": 0.5806451612903226,
    "support": 66.0
  },
  "X": {
    "precision": 0.9444444444444444,
    "recall": 0.68,
    "f1-score": 0.7906976744186047,
    "support": 50.0
  },
  "accuracy": 0.6161879895561357,
  "macro avg": {
    "precision": 0.6780376586209651,
    "recall": 0.6117041936391782,
    "f1-score": 0.6375611766114353,
    "support": 383.0
  },
  "weighted avg": {
    "precision": 0.6304115520585895,
    "recall": 0.6161879895561357,
    "f1-score": 0.6180157671647992,
    "support": 383.0
  }
}