{
  "R": {
    "precision": 0.6577181208053692,
    "recall": 0.6405228758169934,
    "f1-score": 0.6490066225165563,
    "support": 153.0
  },
  "C": {
    "precision": 0.6306306306306306,
    "recall": 0.6140350877192983,
    "f1-score": 0.6222222222222222,
    "support": 114.0
  },
  "V": {
    "precision": 0.6065573770491803,
    "recall": 0.5606060606060606,
    "f1-score": 0.5826771653543307,
    "support": 66.0
  },
  "X": {
    "precision": 0.5,
    "recall": 0.62,
    "f1-score": 0.5535714285714285,
    "support": 50.0
  },
  "accuracy": 0.6161879895561357,
  "macro avg": {
    "precision": 0.598726532121295,
    "recall": 0.6087910060355881,
    "f1-score": 0.6018693596661344,
    "support": 383.0
  },
  "weighted avg": {
    "precision": 0.6202494810975437,
    "recall": 0.6161879895561357,
    "f1-score": 0.6171451982253882,
    "support": 383.0
  }
}