{
  "R": {
    "precision": 0.7404580152671756,
    "recall": 0.6339869281045751,
    "f1-score": 0.6830985915492958,
    "support": 153.0
  },
  "C": {
    "precision": 0.5578231292517006,
    "recall": 0.7192982456140351,
    "f1-score": 0.6283524904214559,
    "support": 114.0
  },
  "V": {
    "precision": 0.6973684210526315,
    "recall": 0.803030303030303,
    "f1-score": 0.7464788732394365,
    "support": 66.0
  },
  "X": {
    "precision": 1.0,
    "recall": 0.58,
    "f1-score": 0.7341772151898733,
    "support": 50.0
  },
  "accuracy": 0.6814621409921671,
  "macro avg": {
    "precision": 0.7489123913928769,
    "recall": 0.6840788691872284,
    "f1-score": 0.6980267926000153,
    "support": 383.0
  },
  "weighted avg": {
    "precision": 0.7125541223499879,
    "recall": 0.6814621409921671,
    "f1-score": 0.6843935634683674,
    "support": 383.0
  }
}