{
  "R": {
    "precision": 0.480225988700565,
    "recall": 0.7566765578635015,
    "f1-score": 0.5875576036866359,
    "support": 337.0
  },
  "C": {
    "precision": 0.4,
    "recall": 0.043010752688172046,
    "f1-score": 0.07766990291262137,
    "support": 186.0
  },
  "V": {
    "precision": 0.5323383084577115,
    "recall": 0.5023474178403756,
    "f1-score": 0.5169082125603865,
    "support": 213.0
  },
  "X": {
    "precision": 0.6129032258064516,
    "recall": 0.5229357798165137,
    "f1-score": 0.5643564356435643,
    "support": 109.0
  },
  "accuracy": 0.5053254437869823,
  "macro avg": {
    "precision": 0.506366880741182,
    "recall": 0.45624262705214075,
    "f1-score": 0.436623038700802,
    "support": 845.0
  },
  "weighted avg": {
    "precision": 0.49281736036270557,
    "recall": 0.5053254437869823,
    "f1-score": 0.4545204912954494,
    "support": 845.0
  }
}