{
  "R": {
    "precision": 0.42731277533039647,
    "recall": 0.6339869281045751,
    "f1-score": 0.5105263157894736,
    "support": 153.0
  },
  "C": {
    "precision": 0.44881889763779526,
    "recall": 0.5,
    "f1-score": 0.4730290456431535,
    "support": 114.0
  },
  "V": {
    "precision": 0.0,
    "recall": 0.0,
    "f1-score": 0.0,
    "support": 66.0
  },
  "X": {
    "precision": 1.0,
    "recall": 0.58,
    "f1-score": 0.7341772151898733,
    "support": 50.0
  },
  "accuracy": 0.47780678851174935,
  "macro avg": {
    "precision": 0.46903291824204796,
    "recall": 0.4284967320261438,
    "f1-score": 0.4294331441556251,
    "support": 383.0
  },
  "weighted avg": {
    "precision": 0.43484127664819666,
    "recall": 0.47780678851174935,
    "f1-score": 0.4405866795785969,
    "support": 383.0
  }
}