{
  "R": {
    "precision": 0.6626506024096386,
    "recall": 0.7189542483660131,
    "f1-score": 0.6896551724137931,
    "support": 153.0
  },
  "C": {
    "precision": 0.627906976744186,
    "recall": 0.7105263157894737,
    "f1-score": 0.6666666666666666,
    "support": 114.0
  },
  "V": {
    "precision": 0.6909090909090909,
    "recall": 0.5757575757575758,
    "f1-score": 0.6280991735537191,
    "support": 66.0
  },
  "X": {
    "precision": 1.0,
    "recall": 0.66,
    "f1-score": 0.7951807228915663,
    "support": 50.0
  },
  "accuracy": 0.6840731070496083,
  "macro avg": {
    "precision": 0.7453666675157289,
    "recall": 0.6663095349782656,
    "f1-score": 0.6949004338814363,
    "support": 383.0
  },
  "weighted avg": {
    "precision": 0.7012191580091693,
    "recall": 0.6840731070496083,
    "f1-score": 0.6859812610402979,
    "support": 383.0
  }
}