{
  "R": {
    "precision": 0.488929889298893,
    "recall": 0.7863501483679525,
    "f1-score": 0.602957906712173,
    "support": 337.0
  },
  "C": {
    "precision": 0.4,
    "recall": 0.043010752688172046,
    "f1-score": 0.07766990291262137,
    "support": 186.0
  },
  "V": {
    "precision": 0.6336633663366337,
    "recall": 0.6009389671361502,
    "f1-score": 0.6168674698795181,
    "support": 213.0
  },
  "X": {
    "precision": 0.654320987654321,
    "recall": 0.48623853211009177,
    "f1-score": 0.5578947368421053,
    "support": 109.0
  },
  "accuracy": 0.5372781065088758,
  "macro avg": {
    "precision": 0.544228560822462,
    "recall": 0.4791346000755916,
    "f1-score": 0.46384750408660447,
    "support": 845.0
  },
  "weighted avg": {
    "precision": 0.5271723755949714,
    "recall": 0.5372781065088758,
    "f1-score": 0.48502569692766473,
    "support": 845.0
  }
}