{
  "R": {
    "precision": 0.6867469879518072,
    "recall": 0.7450980392156863,
    "f1-score": 0.7147335423197492,
    "support": 153.0
  },
  "C": {
    "precision": 0.6090909090909091,
    "recall": 0.5877192982456141,
    "f1-score": 0.5982142857142857,
    "support": 114.0
  },
  "V": {
    "precision": 0.7323943661971831,
    "recall": 0.7878787878787878,
    "f1-score": 0.7591240875912407,
    "support": 66.0
  },
  "X": {
    "precision": 1.0,
    "recall": 0.72,
    "f1-score": 0.8372093023255813,
    "support": 50.0
  },
  "accuracy": 0.7023498694516971,
  "macro avg": {
    "precision": 0.7570580658099748,
    "recall": 0.710174031335022,
    "f1-score": 0.7273203044877143,
    "support": 383.0
  },
  "weighted avg": {
    "precision": 0.7123934228772957,
    "recall": 0.7023498694516971,
    "f1-score": 0.7036901186518305,
    "support": 383.0
  }
}