{
  "R": {
    "precision": 0.4533333333333333,
    "recall": 0.8888888888888888,
    "f1-score": 0.6004415011037527,
    "support": 153.0
  },
  "C": {
    "precision": 0.5490196078431373,
    "recall": 0.24561403508771928,
    "f1-score": 0.3393939393939394,
    "support": 114.0
  },
  "V": {
    "precision": 0.0,
    "recall": 0.0,
    "f1-score": 0.0,
    "support": 66.0
  },
  "X": {
    "precision": 0.96875,
    "recall": 0.62,
    "f1-score": 0.7560975609756097,
    "support": 50.0
  },
  "accuracy": 0.5091383812010444,
  "macro avg": {
    "precision": 0.49277573529411767,
    "recall": 0.43862573099415203,
    "f1-score": 0.4239832503683254,
    "support": 383.0
  },
  "weighted avg": {
    "precision": 0.47098103209952386,
    "recall": 0.5091383812010444,
    "f1-score": 0.4395909577247096,
    "support": 383.0
  }
}