{
  "R": {
    "precision": 0.5721153846153846,
    "recall": 0.7777777777777778,
    "f1-score": 0.6592797783933518,
    "support": 153.0
  },
  "C": {
    "precision": 0.6511627906976745,
    "recall": 0.49122807017543857,
    "f1-score": 0.5599999999999999,
    "support": 114.0
  },
  "V": {
    "precision": 0.6415094339622641,
    "recall": 0.5151515151515151,
    "f1-score": 0.5714285714285715,
    "support": 66.0
  },
  "X": {
    "precision": 0.9722222222222222,
    "recall": 0.7,
    "f1-score": 0.813953488372093,
    "support": 50.0
  },
  "accuracy": 0.6370757180156658,
  "macro avg": {
    "precision": 0.7092524578743864,
    "recall": 0.621039340776183,
    "f1-score": 0.6511654595485041,
    "support": 383.0
  },
  "weighted avg": {
    "precision": 0.6598353674629485,
    "recall": 0.6370757180156658,
    "f1-score": 0.6347826794440553,
    "support": 383.0
  }
}