{
  "R": {
    "precision": 0.5446428571428571,
    "recall": 0.7973856209150327,
    "f1-score": 0.6472148541114059,
    "support": 153.0
  },
  "C": {
    "precision": 0.6666666666666666,
    "recall": 0.42105263157894735,
    "f1-score": 0.5161290322580646,
    "support": 114.0
  },
  "V": {
    "precision": 0.6739130434782609,
    "recall": 0.4696969696969697,
    "f1-score": 0.5535714285714286,
    "support": 66.0
  },
  "X": {
    "precision": 0.8536585365853658,
    "recall": 0.7,
    "f1-score": 0.7692307692307692,
    "support": 50.0
  },
  "accuracy": 0.6161879895561357,
  "macro avg": {
    "precision": 0.6847202759682876,
    "recall": 0.5970338055477374,
    "f1-score": 0.6215365210429171,
    "support": 383.0
  },
  "weighted avg": {
    "precision": 0.6435810570279129,
    "recall": 0.6161879895561357,
    "f1-score": 0.6079891255971728,
    "support": 383.0
  }
}