{
  "R": {
    "precision": 0.3956185567010309,
    "recall": 0.9109792284866469,
    "f1-score": 0.5516621743036837,
    "support": 337.0
  },
  "C": {
    "precision": 0.3188405797101449,
    "recall": 0.11827956989247312,
    "f1-score": 0.17254901960784313,
    "support": 186.0
  },
  "V": {
    "precision": 0.0,
    "recall": 0.0,
    "f1-score": 0.0,
    "support": 213.0
  },
  "X": {
    "precision": 0.0,
    "recall": 0.0,
    "f1-score": 0.0,
    "support": 109.0
  },
  "accuracy": 0.3893491124260355,
  "macro avg": {
    "precision": 0.17861478410279397,
    "recall": 0.25731469959478004,
    "f1-score": 0.1810527984778817,
    "support": 845.0
  },
  "weighted avg": {
    "precision": 0.22796189518856136,
    "recall": 0.3893491124260355,
    "f1-score": 0.25799321939337305,
    "support": 845.0
  }
}