{
  "R": {
    "precision": 0.6551724137931034,
    "recall": 0.7450980392156863,
    "f1-score": 0.6972477064220184,
    "support": 153.0
  },
  "C": {
    "precision": 0.5669291338582677,
    "recall": 0.631578947368421,
    "f1-score": 0.5975103734439833,
    "support": 114.0
  },
  "V": {
    "precision": 0.6938775510204082,
    "recall": 0.5151515151515151,
    "f1-score": 0.5913043478260871,
    "support": 66.0
  },
  "X": {
    "precision": 1.0,
    "recall": 0.66,
    "f1-score": 0.7951807228915663,
    "support": 50.0
  },
  "accuracy": 0.660574412532637,
  "macro avg": {
    "precision": 0.7289947746679448,
    "recall": 0.6379571254339056,
    "f1-score": 0.6703107876459138,
    "support": 383.0
  },
  "weighted avg": {
    "precision": 0.6805932609335098,
    "recall": 0.660574412532637,
    "f1-score": 0.6620893074576579,
    "support": 383.0
  }
}