{
  "R": {
    "precision": 0.5135135135135135,
    "recall": 0.7450980392156863,
    "f1-score": 0.6079999999999999,
    "support": 153.0
  },
  "C": {
    "precision": 0.5822784810126582,
    "recall": 0.40350877192982454,
    "f1-score": 0.47668393782383417,
    "support": 114.0
  },
  "V": {
    "precision": 0.6274509803921569,
    "recall": 0.48484848484848486,
    "f1-score": 0.5470085470085471,
    "support": 66.0
  },
  "X": {
    "precision": 1.0,
    "recall": 0.62,
    "f1-score": 0.7654320987654321,
    "support": 50.0
  },
  "accuracy": 0.5822454308093995,
  "macro avg": {
    "precision": 0.6808107437295822,
    "recall": 0.5633638239984989,
    "f1-score": 0.5992811458994532,
    "support": 383.0
  },
  "weighted avg": {
    "precision": 0.6171255329213915,
    "recall": 0.5822454308093995,
    "f1-score": 0.5789559737669786,
    "support": 383.0
  }
}