{
  "R": {
    "precision": 0.6903225806451613,
    "recall": 0.6993464052287581,
    "f1-score": 0.6948051948051949,
    "support": 153.0
  },
  "C": {
    "precision": 0.5942028985507246,
    "recall": 0.7192982456140351,
    "f1-score": 0.6507936507936508,
    "support": 114.0
  },
  "V": {
    "precision": 0.8245614035087719,
    "recall": 0.7121212121212122,
    "f1-score": 0.7642276422764227,
    "support": 66.0
  },
  "X": {
    "precision": 0.9696969696969697,
    "recall": 0.64,
    "f1-score": 0.7710843373493975,
    "support": 50.0
  },
  "accuracy": 0.6997389033942559,
  "macro avg": {
    "precision": 0.7696959631004069,
    "recall": 0.6926914657410014,
    "f1-score": 0.7202277063061664,
    "support": 383.0
  },
  "weighted avg": {
    "precision": 0.7213169357439156,
    "recall": 0.6997389033942559,
    "f1-score": 0.7036264027503519,
    "support": 383.0
  }
}