{
  "R": {
    "precision": 0.5320197044334976,
    "recall": 0.7058823529411765,
    "f1-score": 0.6067415730337079,
    "support": 153.0
  },
  "C": {
    "precision": 0.5789473684210527,
    "recall": 0.38596491228070173,
    "f1-score": 0.4631578947368421,
    "support": 114.0
  },
  "V": {
    "precision": 0.4098360655737705,
    "recall": 0.3787878787878788,
    "f1-score": 0.3937007874015748,
    "support": 66.0
  },
  "X": {
    "precision": 0.6511627906976745,
    "recall": 0.56,
    "f1-score": 0.6021505376344087,
    "support": 50.0
  },
  "accuracy": 0.5352480417754569,
  "macro avg": {
    "precision": 0.5429914822814987,
    "recall": 0.5076587860024393,
    "f1-score": 0.5164376982016334,
    "support": 383.0
  },
  "weighted avg": {
    "precision": 0.5404865134231793,
    "recall": 0.5352480417754569,
    "f1-score": 0.5266925313952525,
    "support": 383.0
  }
}