{
  "R": {
    "precision": 0.6484848484848484,
    "recall": 0.6993464052287581,
    "f1-score": 0.6729559748427673,
    "support": 153.0
  },
  "C": {
    "precision": 0.603448275862069,
    "recall": 0.6140350877192983,
    "f1-score": 0.608695652173913,
    "support": 114.0
  },
  "V": {
    "precision": 0.660377358490566,
    "recall": 0.5303030303030303,
    "f1-score": 0.588235294117647,
    "support": 66.0
  },
  "X": {
    "precision": 0.6326530612244898,
    "recall": 0.62,
    "f1-score": 0.6262626262626263,
    "support": 50.0
  },
  "accuracy": 0.6344647519582245,
  "macro avg": {
    "precision": 0.6362408860154933,
    "recall": 0.6159211308127717,
    "f1-score": 0.6240373868492384,
    "support": 383.0
  },
  "weighted avg": {
    "precision": 0.6350622558434974,
    "recall": 0.6344647519582245,
    "f1-score": 0.6331337577641396,
    "support": 383.0
  }
}