{
  "R": {
    "precision": 0.5647668393782384,
    "recall": 0.7124183006535948,
    "f1-score": 0.6300578034682082,
    "support": 153.0
  },
  "C": {
    "precision": 0.6708860759493671,
    "recall": 0.4649122807017544,
    "f1-score": 0.5492227979274612,
    "support": 114.0
  },
  "V": {
    "precision": 0.4605263157894737,
    "recall": 0.5303030303030303,
    "f1-score": 0.4929577464788732,
    "support": 66.0
  },
  "X": {
    "precision": 0.6857142857142857,
    "recall": 0.48,
    "f1-score": 0.5647058823529412,
    "support": 50.0
  },
  "accuracy": 0.577023498694517,
  "macro avg": {
    "precision": 0.5954733792078413,
    "recall": 0.5469084029145949,
    "f1-score": 0.5592360575568709,
    "support": 383.0
  },
  "weighted avg": {
    "precision": 0.5941796089057908,
    "recall": 0.577023498694517,
    "f1-score": 0.5738400738371257,
    "support": 383.0
  }
}