{
  "R": {
    "precision": 0.4912959381044487,
    "recall": 0.7537091988130564,
    "f1-score": 0.5948477751756439,
    "support": 337.0
  },
  "C": {
    "precision": 0.0,
    "recall": 0.0,
    "f1-score": 0.0,
    "support": 186.0
  },
  "V": {
    "precision": 0.5299539170506913,
    "recall": 0.5424528301886793,
    "f1-score": 0.5361305361305362,
    "support": 212.0
  },
  "X": {
    "precision": 0.7767857142857143,
    "recall": 0.7837837837837838,
    "f1-score": 0.780269058295964,
    "support": 111.0
  },
  "accuracy": 0.5390070921985816,
  "macro avg": {
    "precision": 0.44950889236021363,
    "recall": 0.5199864531963798,
    "f1-score": 0.4778118424005361,
    "support": 846.0
  },
  "weighted avg": {
    "precision": 0.4304257397655556,
    "recall": 0.5390070921985817,
    "f1-score": 0.4736799519677514,
    "support": 846.0
  }
}