{
  "R": {
    "precision": 0.5224586288416075,
    "recall": 0.655786350148368,
    "f1-score": 0.581578947368421,
    "support": 337.0
  },
  "C": {
    "precision": 0.45161290322580644,
    "recall": 0.3010752688172043,
    "f1-score": 0.3612903225806452,
    "support": 186.0
  },
  "V": {
    "precision": 0.7228260869565217,
    "recall": 0.6244131455399061,
    "f1-score": 0.6700251889168766,
    "support": 213.0
  },
  "X": {
    "precision": 0.7368421052631579,
    "recall": 0.7706422018348624,
    "f1-score": 0.7533632286995516,
    "support": 109.0
  },
  "accuracy": 0.5846153846153846,
  "macro avg": {
    "precision": 0.6084349310717734,
    "recall": 0.5879792415850853,
    "f1-score": 0.5915644218913736,
    "support": 845.0
  },
  "weighted avg": {
    "precision": 0.5850252117337812,
    "recall": 0.5846153846153846,
    "f1-score": 0.5775432691487619,
    "support": 845.0
  }
}