file,ground_truth,removed_line
100_missing_MOSFET.net,MOSFET,M0 (IOUT1 net4 VSS VSS) nmos4
1000_missing_MOSFET.net,MOSFET,M9 (VOUT1 net17 net36 VDD) pmos4
1001_missing_Capacitor.net,Capacitor,C3 (net50 net40) capacitor
1001_full_missing_Capacitor.net,Capacitor,C3 (net50 net40) capacitor
1002_missing_Resistor.net,Resistor,R1 (net17 net9) resistor
1003_missing_MOSFET.net,MOSFET,M13 (VOUT1 net25 VSS VSS) nmos4
1004_missing_MOSFET.net,MOSFET,M7 (net26 VIN2 net22 VSS) nmos4
1005_missing_MOSFET.net,MOSFET,M8 (VOUT1 net62 net88 VSS) nmos4
1006_missing_MOSFET.net,MOSFET,M5 (net40 VB2 net11 VDD) pmos4
1007_missing_MOSFET.net,MOSFET,M20 (net211 VB3 VSS VSS) nmos4
1008_missing_Resistor.net,Resistor,R0 (net55 net38) resistor
1009_missing_Capacitor.net,Capacitor,C0 (VOUT1 net32) capacitor
1010_missing_MOSFET.net,MOSFET,M2 (net31 VB1 VDD VDD) pmos4
1011_missing_MOSFET.net,MOSFET,M8 (net75 VB4 net98 VSS) nmos4
1012_missing_MOSFET.net,MOSFET,M11 (net77 net77 VSS VSS) nmos4
1012_full_missing_CurrentSource.net,CurrentSource,I1 (net76 VCM1 VCLK2 VDD VSS) TRANSMISSION_GATE
1013_missing_MOSFET.net,MOSFET,M6 (VOUT1 net35 net40 VDD) pmos4
1014_missing_MOSFET.net,MOSFET,M2 (VOUT2 net11 VDD VDD) pmos4
1015_missing_MOSFET.net,MOSFET,M0 (net2 net35 VDD VDD) pmos4
1016_missing_MOSFET.net,MOSFET,M10 (net19 VIN1 net49 VSS) nmos4
1017_missing_Capacitor.net,Capacitor,C0 (VOUT1 VSS) capacitor
1018_missing_MOSFET.net,MOSFET,M3 (net30 VIN2 net15 VDD) pmos4
1019_missing_MOSFET.net,MOSFET,M7 (net28 VIN2 net11 VDD) nmos4
102_missing_MOSFET.net,MOSFET,M3 (net05 net05 VDD VDD) pmos4
1020_missing_MOSFET.net,MOSFET,M5 (VOUT4 VIN2 IB1 VDD) pmos4
1021_missing_MOSFET.net,MOSFET,M1 (VSS VDD IOUT1 IIN1) pmos4
1022_missing_MOSFET.net,MOSFET,M0 (IIN1 VB1 net6 IIN1) nmos4
1023_missing_BJT.net,BJT,Q0 (VSS IIN1 IB1 0) pnp
1024_missing_MOSFET.net,MOSFET,M4 (net15 net15 VDD VDD) pmos4
1025_missing_MOSFET.net,MOSFET,M12 (net34 net34 VSS VSS) nmos4
1026_missing_MOSFET.net,MOSFET,M7 (net15 net30 VSS VSS) nmos4
1027_missing_MOSFET.net,MOSFET,M8 (IB1 IB1 VSS VSS) nmos4
1028_missing_MOSFET.net,MOSFET,M8 (VOUT1 VB2 VSS VSS) nmos4
1029_missing_MOSFET.net,MOSFET,M2 (net16 VCM1 VDD VDD) pmos4
1030_missing_MOSFET.net,MOSFET,M8 (VOUT1 net20 VSS VSS) nmos4
1031_missing_Capacitor.net,Capacitor,C0 (VOUT1 VSS) capacitor
1032_missing_MOSFET.net,MOSFET,M1 (net12 net31 VDD VDD) pmos4
1033_missing_MOSFET.net,MOSFET,M5 (VOUT1 VIN2 net10 VSS) nmos4
1034_missing_MOSFET.net,MOSFET,M7 (IB1 IB1 VSS VSS) nmos4
1035_missing_MOSFET.net,MOSFET,M0 (net55 net55 VDD VDD) pmos4
1036_missing_MOSFET.net,MOSFET,M5 (VOUT1 VCLK1 net25 VSS) nmos4
1037_missing_MOSFET.net,MOSFET,M2 (VOUT1 VOUT2 VDD VDD) pmos4
1038_missing_MOSFET.net,MOSFET,M0 (net16 VLATCH2 VDD VDD) pmos4
1039_missing_MOSFET.net,MOSFET,M4 (LOGICQ2 VCLK2 net5 VSS) nmos4
104_missing_MOSFET.net,MOSFET,M0 (IOUT1 net2 VSS VSS) nmos4
1040_missing_MOSFET.net,MOSFET,M4 (VOUT2 VCLK2 VOUT1 VSS) nmos4
1041_missing_MOSFET.net,MOSFET,M23 (VOUT1 net39 VSS VSS) nmos4
1042_missing_Diode.net,Diode,D0 (IB1 VIN1) diode
1043_missing_Resistor.net,Resistor,R0 (VDD VOUT2) resistor
1044_missing_MOSFET.net,MOSFET,M0 (VCLK4 net7 VCLK1 VSS) nmos4
1044_full_missing_MOSFET.net,MOSFET,M1 (VCLK3 VCONT1 VCLK1 VSS) nmos4
1045_missing_MOSFET.net,MOSFET,M18 (net26 net51 VSS VSS) nmos4
1046_missing_MOSFET.net,MOSFET,M6 (VOUT1 net22 VSS VSS) nmos4
1047_missing_MOSFET.net,MOSFET,M4 (VOUT2 VOUT1 VSS VSS) nmos4
1048_missing_MOSFET.net,MOSFET,M6 (net20 net20 VSS VSS) nmos4
1049_missing_MOSFET.net,MOSFET,M4 (net57 net57 VDD VDD) pmos4
1050_missing_MOSFET.net,MOSFET,M4 (net19 net13 VSS VSS) nmos4
1051_missing_MOSFET.net,MOSFET,M8 (net18 VCLK3 VDD VDD) pmos4
1052_missing_MOSFET.net,MOSFET,M17 (net90 net83 net87 VSS) nmos4
1052_full_missing_MOSFET.net,MOSFET,M26 (net112 net106 VDD VDD) pmos4
1053_missing_MOSFET.net,MOSFET,M10 (net17 VIN2 net22 net22) nmos4
1054_missing_MOSFET.net,MOSFET,M18 (VIN4 VCLK1 net45 VSS) nmos4
1055_missing_MOSFET.net,MOSFET,M4 (VOUT2 VOUT1 VSS VSS) nmos4
1056_missing_MOSFET.net,MOSFET,M2 (VDD VLATCH1 net9 VSS) nmos4
1057_missing_MOSFET.net,MOSFET,M2 (net23 VCLK3 VSS VSS) nmos4
1058_missing_MOSFET.net,MOSFET,M11 (net17 VCLK1 VSS VSS) nmos4
1059_missing_MOSFET.net,MOSFET,M40 (net041 net49 net034 VSS) nmos4
106_missing_MOSFET.net,MOSFET,M2 (net07 net07 VSS VSS) nmos4
1060_missing_BJT.net,BJT,Q14 (net11 VIN1 net14 0) npn
1061_missing_MOSFET.net,MOSFET,M6 (net016 VIN1 net018 VDD) pmos4
1061_full_missing_MOSFET.net,MOSFET,M3 (net018 VIN1 net1 VDD) pmos4
1062_missing_MOSFET.net,MOSFET,M13 (VOUT1 VOUT2 net56 VDD) pmos4
1063_missing_MOSFET.net,MOSFET,M16 (net13 VCLK2 net49 VSS) nmos4
1064_missing_MOSFET.net,MOSFET,M8 (net25 net20 VDD VDD) pmos4
1064_full_missing_MOSFET.net,MOSFET,M0 (IB1 IB1 VDD VDD) pmos4
1065_missing_MOSFET.net,MOSFET,M0 (VOUT1 VCLK1 VDD VB2) pmos4
1066_missing_MOSFET.net,MOSFET,M4 (net41 IB1 IIN1 VSS) nmos4
1066_full_missing_MOSFET.net,MOSFET,M0 (net41 net45 VDD VDD) pmos4
1067_missing_MOSFET.net,MOSFET,M31 (net61 VCLK7 VSS VSS) nmos4
1067_full_missing_MOSFET.net,MOSFET,M9 (net68 net43 VSS VSS) nmos4
1068_missing_CurrentSource.net,CurrentSource,I3 (VCLK4 net47 VDD VSS) INVERTER
1068_full_missing_MOSFET.net,MOSFET,M1 (VOUT1 VCLK2 net52 VSS) nmos4
1069_missing_CurrentSource.net,CurrentSource,I0 (net19 net29 VDD VSS) INVERTER
1069_full_missing_MOSFET.net,MOSFET,M9 (net13 VCLK4 net19 VDD) pmos4
1070_missing_MOSFET.net,MOSFET,M4 (VOUT1 VOUT2 VDD VDD) pmos4
1071_missing_MOSFET.net,MOSFET,M1 (net30 VIN1 net10 VDD) pmos4
1072_missing_MOSFET.net,MOSFET,M1 (VOUT1 net10 VOUT3 VDD) pmos4
1073_missing_MOSFET.net,MOSFET,M3 (net43 net15 VDD VDD) pmos4
1074_missing_Capacitor.net,Capacitor,C1 (net95 VCLK2) capacitor
1075_missing_MOSFET.net,MOSFET,M5 (net55 VCLK1 VSS VSS) nmos4
1076_missing_MOSFET.net,MOSFET,M8 (net22 net12 net14 VDD) pmos4
1077_missing_MOSFET.net,MOSFET,M10 (net120 VIN1 net125 VSS) nmos4
1078_missing_MOSFET.net,MOSFET,M18 (VOUT1 net14 VSS VSS) nmos4
1079_missing_MOSFET.net,MOSFET,M0 (net9 VCLK1 VDD VDD) pmos4
108_missing_MOSFET.net,MOSFET,M3 (net20 net03 VSS VSS) nmos4
1080_missing_MOSFET.net,MOSFET,M24 (net175 net165 VSS VSS) nmos4
1081_missing_Capacitor.net,Capacitor,C0 (net6 net12) capacitor
1082_missing_Resistor.net,Resistor,R1 (VDD VOUT2) resistor
1083_missing_MOSFET.net,MOSFET,M0 (net30 VB1 VIN1 VSS) nmos4
1084_missing_MOSFET.net,MOSFET,M0 (net20 VB1 VIN1 VSS) nmos4
1085_missing_Inductor.net,Inductor,L1 (VIN1 net33) inductor
1086_missing_MOSFET.net,MOSFET,M3 (VOUT1 VDD net16 VSS) nmos4
1087_missing_Resistor.net,Resistor,R1 (VDD VOUT1) resistor
1088_missing_Resistor.net,Resistor,R0 (net7 VIN1) resistor
1089_missing_MOSFET.net,MOSFET,M4 (VOUT1 net17 net18 VDD) pmos4
1090_missing_Inductor.net,Inductor,L0 (VDD net22) inductor
1091_missing_Capacitor.net,Capacitor,C0 (VOUT1 VSS) capacitor
1092_missing_MOSFET.net,MOSFET,M0 (VOUT1 VLO1 net17 VSS) nmos4
1093_missing_MOSFET.net,MOSFET,M3 (net7 VRF2 VSS VSS) nmos4
1094_missing_Resistor.net,Resistor,R3 (net22 VB4) resistor
1095_missing_BJT.net,BJT,Q4 (net10 IB1 VSS 0) npn
1096_missing_Resistor.net,Resistor,R2 (net39 net61) resistor
1097_missing_MOSFET.net,MOSFET,M5 (VOUT2 VCLK2 net24 VDD) pmos4
1098_missing_MOSFET.net,MOSFET,M3 (VOUT1 VLO1 net19 VSS) nmos4
1099_missing_BJT.net,BJT,Q1 (net17 net15 VSS 0) npn
110_missing_MOSFET.net,MOSFET,M3 (net35 net03 VSS VSS) nmos4
1100_missing_Inductor.net,Inductor,L3 (net16 VDD) inductor
1101_missing_Inductor.net,Inductor,L1 (VSS net15) inductor
1102_missing_MOSFET.net,MOSFET,M3 (net15 VIN1 VSS VSS) nmos4
1103_missing_MOSFET.net,MOSFET,M3 (VDD net12 net23 VSS) nmos4
1104_missing_Inductor.net,Inductor,L0 (VDD net1) inductor
1105_missing_Inductor.net,Inductor,L1 (net6 VB1) inductor
1106_missing_Resistor.net,Resistor,R0 (VB2 net14) resistor
1107_missing_Capacitor.net,Capacitor,C5 (net21 VSS) capacitor
1108_missing_Resistor.net,Resistor,R3 (net11 VB3) resistor
1109_missing_MOSFET.net,MOSFET,M5 (net19 net22 VDD VDD) pmos4
1110_missing_MOSFET.net,MOSFET,M3 (net21 net11 net16 VSS) nmos4
1111_missing_MOSFET.net,MOSFET,M3 (VOUT2 VOUT1 net44 VDD) pmos4
1112_missing_MOSFET.net,MOSFET,M3 (VOUT1 net28 VDD VDD) pmos4
1113_missing_MOSFET.net,MOSFET,M5 (net4 net7 VSS VSS) nmos4
1114_missing_BJT.net,BJT,Q1 (net15 VB1 net19 0) npn
1115_missing_Capacitor.net,Capacitor,C0 (net14 net15) capacitor
1116_missing_Capacitor.net,Capacitor,C0 (net16 net6) capacitor
1117_missing_Resistor.net,Resistor,R0 (VSS net33) resistor
1118_missing_Inductor.net,Inductor,L0 (VOUT2 VDD) inductor
1119_missing_BJT.net,BJT,Q13 (VSS net39 net14 0) pnp
112_missing_MOSFET.net,MOSFET,M0 (net07 net07 VSS VSS) nmos4
1120_missing_MOSFET.net,MOSFET,M9 (net7 net20 VSS VSS) nmos4
1121_missing_MOSFET.net,MOSFET,M5 (VOUT4 VCONT1 VOUT2 VSS) nmos4
1122_missing_Capacitor.net,Capacitor,C5 (net14 VSS) capacitor
1123_missing_MOSFET.net,MOSFET,M3 (VOUT2 VOUT4 IB1 VSS) nmos4
1124_missing_MOSFET.net,MOSFET,M1 (VOUT2 VOUT1 net13 net52) nmos4
1125_missing_Capacitor.net,Capacitor,C2 (net13 VSS) capacitor
1126_missing_MOSFET.net,MOSFET,M9 (net27 net46 net27 VDD) pmos4
1127_missing_BJT.net,BJT,Q11 (VDD net34 VOUT3 0) npn
1128_missing_MOSFET.net,MOSFET,M2 (VOUT2 VOUT1 net18 net18) pmos4
1129_missing_Capacitor.net,Capacitor,C1 (VDD net10) capacitor
1130_missing_Capacitor.net,Capacitor,C1 (VB1 VOUT2) capacitor
1131_missing_Resistor.net,Resistor,R0 (VB1 net5) resistor
1132_missing_MOSFET.net,MOSFET,M3 (VOUT3 VOUT2 net24 VSS) nmos4
1133_missing_MOSFET.net,MOSFET,M0 (net44 VOUT4 net32 VSS) nmos4
1134_missing_Capacitor.net,Capacitor,C2 (VOUT1 VSS) capacitor
1135_missing_Capacitor.net,Capacitor,C1 (VSS net16) capacitor
1136_missing_Capacitor.net,Capacitor,C0 (net18 net5) capacitor
1137_missing_MOSFET.net,MOSFET,M3 (net26 net24 VSS VSS) nmos4
1138_missing_Capacitor.net,Capacitor,C0 (net18 net8) capacitor
1139_missing_Inductor.net,Inductor,L0 (VDD net42) inductor
114_missing_Resistor.net,Resistor,R0 (net09 net07) resistor
1140_missing_MOSFET.net,MOSFET,M6 (net14 net11 VDD VDD) pmos4
1141_missing_BJT.net,BJT,Q0 (net14 net11 net3 0) npn
1142_missing_Resistor.net,Resistor,R1 (net11 VSS) resistor
1143_missing_Resistor.net,Resistor,R1 (net30 VSS) resistor
1144_missing_Inductor.net,Inductor,L0 (net12 VDD) inductor
1145_missing_MOSFET.net,MOSFET,M0 (net56 net54 VDD VDD) pmos4
1146_missing_MOSFET.net,MOSFET,M2 (VOUT1 VOUT2 net32 VDD) pmos4
1147_missing_MOSFET.net,MOSFET,M0 (net16 net17 net23 VSS) nmos4
1148_missing_MOSFET.net,MOSFET,M0 (VOUT1 VOUT2 net17 VSS) nmos4
1149_missing_Capacitor.net,Capacitor,C5 (VB1 net12) capacitor
1150_missing_MOSFET.net,MOSFET,M5 (net22 net10 VSS VSS) nmos4
1151_missing_BJT.net,BJT,Q1 (VDD net8 net10 0) npn
1152_missing_Resistor.net,Resistor,R8 (net77 net94) resistor
1153_missing_Inductor.net,Inductor,L2 (net31 net37) inductor
1154_missing_MOSFET.net,MOSFET,M28 (net83 VCONT4 VOUT2 VSS) nmos4
1155_missing_MOSFET.net,MOSFET,M4 (net9 net25 IB1 VDD) pmos4
1156_missing_Inductor.net,Inductor,L0 (net10 net11) inductor
1157_missing_Inductor.net,Inductor,L0 (VSS net7) inductor
1158_missing_Capacitor.net,Capacitor,C1 (net14 VOUT2) capacitor
1159_missing_Capacitor.net,Capacitor,C4 (net12 net8) capacitor
116_missing_MOSFET.net,MOSFET,M2 (net1 IOUT1 VSS VSS) nmos4
1160_missing_MOSFET.net,MOSFET,M7 (net35 net23 VSS net39) nmos4
1161_missing_Capacitor.net,Capacitor,C0 (net7 net8) capacitor
1162_missing_Capacitor.net,Capacitor,C3 (net12 net14) capacitor
1163_missing_MOSFET.net,MOSFET,M0 (net16 net8 VDD VDD) pmos4
1164_missing_MOSFET.net,MOSFET,M5 (VOUT2 VOUT1 net16 VSS) nmos4
1165_missing_MOSFET.net,MOSFET,M0 (VOUT1 VOUT2 net9 VSS) nmos4
1166_missing_Capacitor.net,Capacitor,C0 (VCONT1 net12) capacitor
1167_missing_Resistor.net,Resistor,R3 (net31 VSS) resistor
1168_missing_Capacitor.net,Capacitor,C7 (net20 VSS) capacitor
1169_missing_Capacitor.net,Capacitor,C4 (net77 net73) capacitor
1170_missing_Capacitor.net,Capacitor,C0 (VOUT2 VOUT1) capacitor
1171_missing_MOSFET.net,MOSFET,M7 (VDD net10 net22 VSS) nmos4
1172_missing_MOSFET.net,MOSFET,M10 (net10 net28 VSS VSS) nmos4
1173_missing_Inductor.net,Inductor,L0 (VB2 net8) inductor
1174_missing_MOSFET.net,MOSFET,M0 (net14 net22 net13 VSS) nmos4
1175_missing_Capacitor.net,Capacitor,C1 (VCONT1 VOUT1) capacitor
1177_missing_Inductor.net,Inductor,L1 (IB1 VOUT2) inductor
1178_missing_MOSFET.net,MOSFET,M1 (VOUT2 VOUT1 VSS VSS) nmos4
1179_missing_MOSFET.net,MOSFET,M4 (VSS VB1 net26 VDD) pmos4
1180_missing_MOSFET.net,MOSFET,M1 (net16 net19 VSS VSS) nmos4
1181_missing_MOSFET.net,MOSFET,M2 (net4 net11 VSS VB1) nmos4
1182_missing_Inductor.net,Inductor,L1 (net24 net45) inductor
1183_missing_Resistor.net,Resistor,R0 (VB1 net13) resistor
1184_missing_Inductor.net,Inductor,L2 (VB1 net9) inductor
1185_missing_Inductor.net,Inductor,L6 (net19 net15) inductor
1186_missing_BJT.net,BJT,Q3 (VOUT2 VB2 net26 0) npn
1187_missing_Resistor.net,Resistor,R1 (net18 VSS) resistor
1188_missing_Resistor.net,Resistor,R0 (net9 VSS) resistor
1189_missing_Inductor.net,Inductor,L2 (net47 net42) inductor
1190_missing_MOSFET.net,MOSFET,M0 (net8 net13 net23 VDD) pmos4
1191_missing_MOSFET.net,MOSFET,M1 (net33 VCONT2 VIN1 VIN1) pmos4
1192_missing_Capacitor.net,Capacitor,C2 (VOUT1 VSS) capacitor
1193_missing_Inductor.net,Inductor,L0 (net33 net20) inductor
1194_missing_MOSFET.net,MOSFET,MM12 (net12 VB1 net37 VDD) pmos4
1195_missing_MOSFET.net,MOSFET,M14 (net27 VB4 VSS VSS) nmos4
1196_missing_MOSFET.net,MOSFET,MM14 (net1003 net1006 VDD VDD) pmos4
1197_missing_MOSFET.net,MOSFET,M4 (net20 VCONT5 VOUT1 VOUT1) pmos4
1198_missing_MOSFET.net,MOSFET,MM4 (net15 net014 VSS VSS) nmos4
1199_missing_MOSFET.net,MOSFET,MM6 (net35 net12 VDD VDD) pmos4
120_missing_MOSFET.net,MOSFET,M4 (VOUT1 net018 VDD VDD) pmos4
1200_missing_MOSFET.net,MOSFET,MM7 (net11 net35 net14 net27) pmos4
1201_missing_Resistor.net,Resistor,R0 (VOUT1 net35) resistor
1202_missing_MOSFET.net,MOSFET,MM0 (net012 net1003 net32 VSS) nmos4
1203_missing_MOSFET.net,MOSFET,M13 (net18 net27 VSS VSS) nmos4
1204_missing_MOSFET.net,MOSFET,MM0 (net12 VB3 VSS VSS) nmos4
1205_missing_MOSFET.net,MOSFET,MM5 (net14 VB2 VDD VDD) pmos4
1206_missing_Capacitor.net,Capacitor,C0 (net33 net15) capacitor
1207_missing_MOSFET.net,MOSFET,MM0 (VB3 VB3 VSS VSS) nmos4
1208_missing_MOSFET.net,MOSFET,MM13 (net9 net1003 VSS VSS) nmos4
1209_missing_MOSFET.net,MOSFET,M15 (net18 net18 net014 net014) pmos4
1210_missing_MOSFET.net,MOSFET,MM2 (net26 VB1 VDD VDD) pmos4
1211_missing_MOSFET.net,MOSFET,M13 (net18 net27 VSS VSS) nmos4
1212_missing_MOSFET.net,MOSFET,MM8 (net12 net1003 net27 VSS) nmos4
1213_missing_MOSFET.net,MOSFET,MM14 (net1003 net1006 VDD VDD) pmos4
1214_missing_MOSFET.net,MOSFET,M15 (net18 net18 net014 net014) pmos4
1215_missing_Capacitor.net,Capacitor,C2 (VOUT1 VSS) capacitor
1216_missing_MOSFET.net,MOSFET,M14 (net27 VB4 VSS VSS) nmos4
1217_missing_MOSFET.net,MOSFET,MM15 (net1003 net1003 net1001 VSS) nmos4
1218_missing_MOSFET.net,MOSFET,MM14 (net1003 net1006 VDD VDD) pmos4
1219_missing_MOSFET.net,MOSFET,MM10 (net27 net12 VSS VSS) nmos4
1220_missing_MOSFET.net,MOSFET,MM5 (net38 VB3 net32 VDD) pmos4
1221_missing_MOSFET.net,MOSFET,MM15 (net1003 net1003 net9 VSS) nmos4
1222_missing_MOSFET.net,MOSFET,MM3 (net32 VREF1 net10 VSS) nmos4
1223_missing_MOSFET.net,MOSFET,M11 (net27 net38 net014 net014) pmos4
1224_missing_MOSFET.net,MOSFET,M16 (net33 net18 net014 net014) pmos4
1225_missing_Capacitor.net,Capacitor,C0 (net33 net15) capacitor
1226_missing_MOSFET.net,MOSFET,MM7 (net38 net1003 net21 VSS) nmos4
1227_missing_MOSFET.net,MOSFET,MM1 (VB3 net1006 VDD VDD) pmos4
1228_missing_MOSFET.net,MOSFET,M3 (net20 VCONT4 VSS VSS) nmos4
1229_missing_Inductor.net,Inductor,L0 (net33 net20) inductor
123_missing_Capacitor.net,Capacitor,C0 (net13 VIN1) capacitor
1230_missing_Capacitor.net,Capacitor,C2 (VOUT1 VSS) capacitor
1231_missing_Resistor.net,Resistor,R0 (VOUT1 net35) resistor
1232_missing_MOSFET.net,MOSFET,MM5 (net38 VB2 net24 VDD) pmos4
1233_missing_MOSFET.net,MOSFET,M12 (net27 net27 VSS VSS) nmos4
1234_missing_MOSFET.net,MOSFET,MM6 (net014 net1006 VDD VDD) pmos4
1235_missing_MOSFET.net,MOSFET,MM1 (net24 net16 VDD VDD) pmos4
1236_missing_MOSFET.net,MOSFET,MM14 (net1003 net1006 VDD VDD) pmos4
1237_missing_MOSFET.net,MOSFET,MM0 (net010 VB4 VSS VSS) nmos4
1238_missing_MOSFET.net,MOSFET,M11 (net27 net38 net014 net014) pmos4
1239_missing_Capacitor.net,Capacitor,C0 (net33 net15) capacitor
1240_missing_MOSFET.net,MOSFET,MM9 (net28 VB2 VSS VSS) nmos4
1241_missing_MOSFET.net,MOSFET,MM0 (VB4 VB4 VSS VSS) nmos4
1242_missing_MOSFET.net,MOSFET,M4 (net20 VCONT5 VOUT1 VOUT1) pmos4
1243_missing_MOSFET.net,MOSFET,MM1 (VB4 net1006 VDD VDD) pmos4
1244_missing_MOSFET.net,MOSFET,M14 (net27 VB6 VSS VSS) nmos4
1245_missing_MOSFET.net,MOSFET,M15 (net18 net18 net014 net014) pmos4
1246_missing_Diode.net,Diode,D0 (net36 net15) diode
1247_missing_Resistor.net,Resistor,RR1 (net1006 VSS) resistor
1248_missing_Resistor.net,Resistor,R0 (VOUT1 net35) resistor
1249_missing_Inductor.net,Inductor,L0 (net33 net20) inductor
125_missing_Capacitor.net,Capacitor,C0 (net20 VIN1) capacitor
1250_missing_MOSFET.net,MOSFET,MM1 (VB1 net1006 VDD VDD) pmos4
1251_missing_Diode.net,Diode,D0 (net36 net15) diode
1252_missing_MOSFET.net,MOSFET,MM5 (net014 net014 VSS VSS) nmos4
1253_missing_MOSFET.net,MOSFET,MM2 (net11 net11 VDD VDD) pmos4
1254_missing_MOSFET.net,MOSFET,MM3 (net20 VREF1 net16 VSS) nmos4
1255_missing_Inductor.net,Inductor,L0 (net33 net20) inductor
1256_missing_MOSFET.net,MOSFET,M2 (net15 VCONT3 VIN1 VIN1) pmos4
1257_missing_MOSFET.net,MOSFET,MM1 (net1005 VB1 VDD VDD) pmos4
1258_missing_MOSFET.net,MOSFET,M3 (net20 VCONT4 VSS VSS) nmos4
1259_missing_MOSFET.net,MOSFET,M14 (net27 VB3 VSS VSS) nmos4
1260_missing_MOSFET.net,MOSFET,MM1 (net1007 VB2 VDD VDD) pmos4
1261_missing_MOSFET.net,MOSFET,MM6 (net9 net11 VDD VDD) pmos4
1262_missing_MOSFET.net,MOSFET,MM0 (VB1 VB1 VDD VDD) pmos4
1263_missing_MOSFET.net,MOSFET,MM0 (net1007 net1007 VSS VSS) nmos4
1264_missing_MOSFET.net,MOSFET,M1 (net33 VCONT2 VIN1 VIN1) pmos4
1265_missing_MOSFET.net,MOSFET,M4 (net20 VCONT5 VOUT1 VOUT1) pmos4
1266_missing_Capacitor.net,Capacitor,C2 (VOUT1 VSS) capacitor
1267_missing_MOSFET.net,MOSFET,MM3 (VB1 VB1 VDD VDD) pmos4
1268_missing_MOSFET.net,MOSFET,M15 (net18 net18 net014 net014) pmos4
1269_missing_Inductor.net,Inductor,L0 (net33 net20) inductor
127_missing_Resistor.net,Resistor,R0 (VDD net5) resistor
1270_missing_MOSFET.net,MOSFET,MM3 (net20 VREF1 net16 VSS) nmos4
1271_missing_Capacitor.net,Capacitor,C2 (VOUT1 VSS) capacitor
1272_missing_MOSFET.net,MOSFET,MM11 (net023 net024 net1007 VSS) nmos4
1273_missing_MOSFET.net,MOSFET,M3 (net20 VCONT4 VSS VSS) nmos4
1274_missing_Capacitor.net,Capacitor,C1 (VOUT1 net36) capacitor
1275_missing_MOSFET.net,MOSFET,MM3 (VB1 VB1 VDD VDD) pmos4
1276_missing_Capacitor.net,Capacitor,C0 (net33 net15) capacitor
1277_missing_MOSFET.net,MOSFET,M0 (net014 VCONT1 VIN1 VIN1) pmos4
1278_missing_MOSFET.net,MOSFET,MM0 (VB1 net1005 VSS VSS) nmos4
1279_missing_MOSFET.net,MOSFET,M3 (net20 VCONT4 VSS VSS) nmos4
1280_missing_MOSFET.net,MOSFET,MM2 (net11 net11 VDD VDD) pmos4
1281_missing_Diode.net,Diode,D0 (net36 net15) diode
1282_missing_MOSFET.net,MOSFET,MM0 (VB1 net1005 VSS VSS) nmos4
1283_missing_MOSFET.net,MOSFET,MM8 (net9 net9 VSS VSS) nmos4
1284_missing_MOSFET.net,MOSFET,MM6 (net9 net11 VDD VDD) pmos4
1285_missing_MOSFET.net,MOSFET,M3 (net20 VCONT4 VSS VSS) nmos4
1286_missing_MOSFET.net,MOSFET,MM1 (net1005 net1005 VSS VSS) nmos4
1287_missing_MOSFET.net,MOSFET,MM2 (net1005 VB1 VDD VDD) pmos4
1288_missing_MOSFET.net,MOSFET,M1 (net33 VCONT2 VIN1 VIN1) pmos4
1289_missing_MOSFET.net,MOSFET,M3 (net20 VCONT4 VSS VSS) nmos4
129_missing_MOSFET.net,MOSFET,M3 (IB1 IB1 VSS VSS) nmos4
1290_missing_MOSFET.net,MOSFET,MM3 (VB1 VB1 VDD VDD) pmos4
1291_missing_MOSFET.net,MOSFET,M0 (net014 VCONT1 VIN1 VIN1) pmos4
1292_missing_MOSFET.net,MOSFET,MM7 (net38 net9 VSS VSS) nmos4
1293_missing_MOSFET.net,MOSFET,M3 (net20 VCONT4 VSS VSS) nmos4
1294_missing_MOSFET.net,MOSFET,MM2 (net1007 net9 VDD VDD) pmos4
1295_missing_MOSFET.net,MOSFET,M3 (net20 VCONT4 VSS VSS) nmos4
1296_missing_Inductor.net,Inductor,L0 (net33 net20) inductor
1297_missing_MOSFET.net,MOSFET,MM0 (net17 net15 VSS VSS) nmos4
1298_missing_MOSFET.net,MOSFET,MM2 (VB1 VB1 VSS VSS) nmos4
1299_missing_MOSFET.net,MOSFET,MM7 (net9 net35 net13 net22) pmos4
1300_missing_MOSFET.net,MOSFET,M4 (net20 VCONT5 VOUT1 VOUT1) pmos4
1301_missing_MOSFET.net,MOSFET,MM5 (net13 net1004 VDD VDD) pmos4
1302_missing_MOSFET.net,MOSFET,MM3 (VB2 VB2 VDD VDD) pmos4
1303_missing_MOSFET.net,MOSFET,M13 (net18 net27 VSS VSS) nmos4
1304_missing_MOSFET.net,MOSFET,MM8 (net15 net15 VSS VSS) nmos4
1305_missing_MOSFET.net,MOSFET,MM0 (neta neta VDD VDD) pmos4
1306_missing_Resistor.net,Resistor,R1 (net35 VSS) resistor
1307_missing_MOSFET.net,MOSFET,M3 (net20 VCONT4 VSS VSS) nmos4
1308_missing_MOSFET.net,MOSFET,MM1 (net1007 VB2 VDD VDD) pmos4
1309_missing_MOSFET.net,MOSFET,MM0 (net17 net15 VSS VSS) nmos4
1310_missing_MOSFET.net,MOSFET,MM0 (net17 net15 VSS VSS) nmos4
1311_missing_MOSFET.net,MOSFET,M12 (net27 net27 VSS VSS) nmos4
1312_missing_Capacitor.net,Capacitor,C2 (VOUT1 VSS) capacitor
1313_missing_MOSFET.net,MOSFET,M15 (net18 net18 net014 net014) pmos4
1314_missing_MOSFET.net,MOSFET,MM9 (net9 net9 VSS VSS) nmos4
1315_missing_MOSFET.net,MOSFET,M1 (net33 VCONT2 VIN1 VIN1) pmos4
1316_missing_MOSFET.net,MOSFET,MM6 (net15 VREF1 net13 net22) pmos4
1317_missing_Capacitor.net,Capacitor,C0 (net33 net15) capacitor
1318_missing_MOSFET.net,MOSFET,MM5 (net13 net1004 VDD VDD) pmos4
1319_missing_MOSFET.net,MOSFET,M13 (net18 net27 VSS VSS) nmos4
132_missing_Capacitor.net,Capacitor,C0 (IB1 VSS) capacitor
1320_missing_MOSFET.net,MOSFET,M16 (net33 net18 net014 net014) pmos4
1321_missing_Diode.net,Diode,D0 (net36 net15) diode
1322_missing_MOSFET.net,MOSFET,MM6 (net15 VREF1 net13 net22) pmos4
1323_missing_Capacitor.net,Capacitor,C2 (VOUT1 VSS) capacitor
1324_missing_MOSFET.net,MOSFET,MM1 (net38 net9 VSS VSS) nmos4
1325_missing_MOSFET.net,MOSFET,M13 (net18 net27 VSS VSS) nmos4
1326_missing_MOSFET.net,MOSFET,M1 (net33 VCONT2 VIN1 VIN1) pmos4
1327_missing_MOSFET.net,MOSFET,MM8 (net15 net15 VSS VSS) nmos4
1328_missing_Resistor.net,Resistor,R1 (net35 VSS) resistor
1329_missing_MOSFET.net,MOSFET,M14 (net27 VB2 VSS VSS) nmos4
1330_missing_MOSFET.net,MOSFET,MM0 (net1004 VB1 VSS VSS) nmos4
1331_missing_MOSFET.net,MOSFET,MM9 (net9 net9 VSS VSS) nmos4
1332_missing_MOSFET.net,MOSFET,M15 (net18 net18 net014 net014) pmos4
1333_missing_MOSFET.net,MOSFET,MM0 (net1004 VB1 VSS VSS) nmos4
1334_missing_MOSFET.net,MOSFET,M11 (net27 net38 net014 net014) pmos4
1335_missing_Capacitor.net,Capacitor,C0 (net33 net15) capacitor
1336_missing_MOSFET.net,MOSFET,M15 (net18 net18 net014 net014) pmos4
1337_missing_MOSFET.net,MOSFET,M0 (net014 VCONT1 VIN1 VIN1) pmos4
1338_missing_MOSFET.net,MOSFET,MM1 (VB1 VB1 VSS VSS) nmos4
1339_missing_MOSFET.net,MOSFET,MM2 (VB1 net1004 VDD VDD) pmos4
134_missing_MOSFET.net,MOSFET,M1 (IB1 IB1 net10 VSS) nmos4
1340_missing_MOSFET.net,MOSFET,M12 (net27 net27 VSS VSS) nmos4
1341_missing_Capacitor.net,Capacitor,C1 (VOUT1 net36) capacitor
1342_missing_MOSFET.net,MOSFET,M1 (net33 VCONT2 VIN1 VIN1) pmos4
1343_missing_MOSFET.net,MOSFET,M12 (net27 net27 VSS VSS) nmos4
1344_missing_MOSFET.net,MOSFET,M12 (net27 net27 VSS VSS) nmos4
1345_missing_MOSFET.net,MOSFET,M3 (net20 VCONT4 VSS VSS) nmos4
1346_missing_MOSFET.net,MOSFET,M16 (net33 net18 net014 net014) pmos4
1347_missing_MOSFET.net,MOSFET,M15 (net18 net18 net014 net014) pmos4
1348_missing_MOSFET.net,MOSFET,MM2 (VB1 VB1 VDD VDD) pmos4
1349_missing_Inductor.net,Inductor,L0 (net33 net20) inductor
1350_missing_MOSFET.net,MOSFET,M16 (net33 net18 net014 net014) pmos4
1351_missing_Capacitor.net,Capacitor,C2 (VOUT1 VSS) capacitor
1352_missing_MOSFET.net,MOSFET,M14 (net27 VB3 VSS VSS) nmos4
1353_missing_MOSFET.net,MOSFET,MM0 (VB1 net35 net16 VSS) nmos4
1354_missing_MOSFET.net,MOSFET,M2 (net10 VCONT2 VSS VSS) nmos4
1355_missing_Resistor.net,Resistor,RR0 (VB3 net010) resistor
1356_missing_MOSFET.net,MOSFET,MM5 (net34 net23 VDD VDD) pmos4
1357_missing_MOSFET.net,MOSFET,MM14 (net10 net1003 net33 VSS) nmos4
1358_missing_MOSFET.net,MOSFET,MM8 (net33 net10 VSS VSS) nmos4
1359_missing_MOSFET.net,MOSFET,MM14 (net1003 net1006 VDD VDD) pmos4
136_missing_MOSFET.net,MOSFET,M3 (IB1 VB1 net23 VSS) nmos4
1360_missing_MOSFET.net,MOSFET,M0 (net10 VCONT1 VIN1 VIN1) pmos4
1361_missing_MOSFET.net,MOSFET,MM4 (net15 net014 VSS VSS) nmos4
1362_missing_MOSFET.net,MOSFET,MM12 (net12 VB1 net37 VDD) pmos4
1363_missing_MOSFET.net,MOSFET,MM3 (net1006 net1006 VDD VDD) pmos4
1364_missing_MOSFET.net,MOSFET,M0 (net10 VCONT1 VIN1 VIN1) pmos4
1365_missing_MOSFET.net,MOSFET,MM14 (net1003 net1006 VDD VDD) pmos4
1366_missing_MOSFET.net,MOSFET,MM11 (net32 net16 VSS VSS) nmos4
1367_missing_MOSFET.net,MOSFET,MM1 (net12 net1006 VDD VDD) pmos4
1368_missing_MOSFET.net,MOSFET,MM2 (net012 VB1 net024 VDD) pmos4
1369_missing_MOSFET.net,MOSFET,MM9 (net024 net024 net023 VSS) nmos4
1370_missing_MOSFET.net,MOSFET,MM11 (net32 net16 VSS VSS) nmos4
1371_missing_MOSFET.net,MOSFET,M2 (net10 VCONT2 VSS VSS) nmos4
1372_missing_MOSFET.net,MOSFET,MM3 (net32 net20 net10 VSS) nmos4
1373_missing_MOSFET.net,MOSFET,M3 (net13 VCONT3 VSS VSS) nmos4
1374_missing_Resistor.net,Resistor,RR1 (net1006 VSS) resistor
1375_missing_MOSFET.net,MOSFET,MM1 (net32 VB1 VDD VDD) pmos4
1376_missing_Capacitor.net,Capacitor,C0 (VIN1 VSS) capacitor
1377_missing_MOSFET.net,MOSFET,MM0 (VB3 VB3 VSS VSS) nmos4
1378_missing_MOSFET.net,MOSFET,MM11 (net023 net024 VB3 VSS) nmos4
1379_missing_MOSFET.net,MOSFET,MM3 (net32 net20 net10 VSS) nmos4
138_missing_Capacitor.net,Capacitor,C0 (net3 VIN1) capacitor
1380_missing_MOSFET.net,MOSFET,MM15 (net1003 net1003 net1001 VSS) nmos4
1381_missing_MOSFET.net,MOSFET,M3 (net13 VCONT3 VSS VSS) nmos4
1382_missing_MOSFET.net,MOSFET,MM7 (net20 net1003 net21 VSS) nmos4
1383_missing_Resistor.net,Resistor,RR1 (net1006 VSS) resistor
1384_missing_Capacitor.net,Capacitor,C1 (VOUT1 VSS) capacitor
1385_missing_MOSFET.net,MOSFET,MM4 (net10 VB2 VSS VSS) nmos4
1386_missing_MOSFET.net,MOSFET,MM3 (net32 net20 net10 VSS) nmos4
1387_missing_MOSFET.net,MOSFET,MM7 (net20 net1003 net21 VSS) nmos4
1388_missing_Capacitor.net,Capacitor,C1 (VOUT1 VSS) capacitor
1389_missing_MOSFET.net,MOSFET,MM10 (net27 net12 VSS VSS) nmos4
1390_missing_MOSFET.net,MOSFET,MM2 (net25 net16 VDD VDD) pmos4
1391_missing_MOSFET.net,MOSFET,MM13 (net1001 net1001 VSS VSS) nmos4
1392_missing_Resistor.net,Resistor,RR1 (net1006 VSS) resistor
1393_missing_MOSFET.net,MOSFET,MM4 (net28 net13 net12 net22) pmos4
1394_missing_MOSFET.net,MOSFET,MM3 (net1006 net1006 VDD VDD) pmos4
1395_missing_MOSFET.net,MOSFET,MM3 (net1006 net1006 VDD VDD) pmos4
1396_missing_Capacitor.net,Capacitor,C0 (VIN1 VSS) capacitor
1397_missing_MOSFET.net,MOSFET,MM6 (net014 net1006 VDD VDD) pmos4
1398_missing_MOSFET.net,MOSFET,MM4 (VB3 net15 VSS VSS) nmos4
1399_missing_MOSFET.net,MOSFET,MM10 (net29 VB2 VSS VSS) nmos4
14_missing_MOSFET.net,MOSFET,M1 (VOUT1 VIN1 net2 VSS) nmos4
140_missing_MOSFET.net,MOSFET,M2 (VDD net18 VOUT1 VSS) nmos4
1400_missing_MOSFET.net,MOSFET,MM3 (net1006 net1006 VDD VDD) pmos4
1401_missing_MOSFET.net,MOSFET,M1 (net13 net20 VOUT1 VOUT1) pmos4
1402_missing_MOSFET.net,MOSFET,MM4 (net28 net13 net12 net22) pmos4
1403_missing_MOSFET.net,MOSFET,M1 (net13 net20 VOUT1 VOUT1) pmos4
1404_missing_MOSFET.net,MOSFET,M3 (net13 VCONT3 VSS VSS) nmos4
1405_missing_MOSFET.net,MOSFET,MM5 (net20 VB3 net24 VDD) pmos4
1406_missing_MOSFET.net,MOSFET,MM6 (net014 net1006 VDD VDD) pmos4
1407_missing_MOSFET.net,MOSFET,MM0 (net12 VB1 VDD VDD) pmos4
1408_missing_MOSFET.net,MOSFET,MM2 (net1006 VB1 VSS VSS) nmos4
1409_missing_Resistor.net,Resistor,RR0 (VB1 net010) resistor
1410_missing_MOSFET.net,MOSFET,M1 (net13 net20 VOUT1 VOUT1) pmos4
1411_missing_MOSFET.net,MOSFET,MM1 (net20 net20 VDD VDD) pmos4
1412_missing_Capacitor.net,Capacitor,C1 (VOUT1 VSS) capacitor
1413_missing_MOSFET.net,MOSFET,M3 (net13 VCONT3 VSS VSS) nmos4
1414_missing_MOSFET.net,MOSFET,MM1 (net20 net20 VDD VDD) pmos4
1415_missing_MOSFET.net,MOSFET,M2 (net10 VCONT2 VSS VSS) nmos4
1416_missing_MOSFET.net,MOSFET,MM7 (net20 net9 VSS VSS) nmos4
1417_missing_MOSFET.net,MOSFET,MM0 (net11 net13 net16 VSS) nmos4
1418_missing_Capacitor.net,Capacitor,C0 (VIN1 VSS) capacitor
1419_missing_MOSFET.net,MOSFET,MM3 (net20 net20 net16 VSS) nmos4
142_missing_Resistor.net,Resistor,R0 (VDD net37) resistor
1420_missing_Inductor.net,Inductor,L0 (net10 net13) inductor
1421_missing_MOSFET.net,MOSFET,MM2 (net1005 net1005 VSS VSS) nmos4
1422_missing_MOSFET.net,MOSFET,MM3 (net20 net20 net16 VSS) nmos4
1423_missing_MOSFET.net,MOSFET,MM2 (net11 net11 VDD VDD) pmos4
1424_missing_MOSFET.net,MOSFET,MM11 (net023 net024 net1007 VSS) nmos4
1425_missing_Capacitor.net,Capacitor,C0 (VIN1 VSS) capacitor
1426_missing_MOSFET.net,MOSFET,M3 (net13 VCONT3 VSS VSS) nmos4
1427_missing_Capacitor.net,Capacitor,C0 (VIN1 VSS) capacitor
1428_missing_MOSFET.net,MOSFET,MM6 (net9 net11 VDD VDD) pmos4
1429_missing_MOSFET.net,MOSFET,MM2 (net1007 net10 VDD VDD) pmos4
1430_missing_Capacitor.net,Capacitor,C1 (VOUT1 VSS) capacitor
1431_missing_MOSFET.net,MOSFET,MM2 (VB2 net1007 VSS VSS) nmos4
1432_missing_MOSFET.net,MOSFET,MM2 (net11 net11 VDD VDD) pmos4
1433_missing_MOSFET.net,MOSFET,MM0 (net12 net1007 VSS VSS) nmos4
1434_missing_MOSFET.net,MOSFET,MM2 (net11 net11 VDD VDD) pmos4
1435_missing_MOSFET.net,MOSFET,MM0 (VB2 net025 VSS VSS) nmos4
1436_missing_MOSFET.net,MOSFET,MM6 (net9 net11 VDD VDD) pmos4
1437_missing_MOSFET.net,MOSFET,MM1 (net20 net20 VDD VDD) pmos4
1438_missing_Capacitor.net,Capacitor,C0 (VIN1 VSS) capacitor
1439_missing_MOSFET.net,MOSFET,M0 (net10 VCONT1 VIN1 VIN1) pmos4
144_missing_Resistor.net,Resistor,R2 (net21 net22) resistor
1440_missing_MOSFET.net,MOSFET,MM8 (net1005 net1005 VSS VSS) nmos4
1441_missing_Inductor.net,Inductor,L0 (net10 net13) inductor
1442_missing_MOSFET.net,MOSFET,M3 (net13 VCONT3 VSS VSS) nmos4
1443_missing_MOSFET.net,MOSFET,MM0 (net11 net13 net16 VSS) nmos4
1444_missing_MOSFET.net,MOSFET,M1 (net13 net20 VOUT1 VOUT1) pmos4
1445_missing_MOSFET.net,MOSFET,MM4 (net16 net1005 VSS VSS) nmos4
1446_missing_MOSFET.net,MOSFET,MM4 (net15 net014 VSS VSS) nmos4
1447_missing_MOSFET.net,MOSFET,MM0 (VB3 VB2 VSS VSS) nmos4
1448_missing_MOSFET.net,MOSFET,MM8 (net9 net9 VSS VSS) nmos4
1449_missing_MOSFET.net,MOSFET,MM10 (net6 net1006 VDD VDD) pmos4
1450_missing_MOSFET.net,MOSFET,MM0 (VB1 net6 VSS VSS) nmos4
1451_missing_MOSFET.net,MOSFET,MM2 (net1006 net1006 net6 VDD) pmos4
1452_missing_MOSFET.net,MOSFET,MM2 (net1006 net12 VB2 VSS) nmos4
1453_missing_Inductor.net,Inductor,L0 (net10 net13) inductor
1454_missing_MOSFET.net,MOSFET,M2 (net10 VCONT2 VSS VSS) nmos4
1455_missing_MOSFET.net,MOSFET,MM1 (net1005 net1005 VSS VSS) nmos4
1456_missing_MOSFET.net,MOSFET,MM4 (net16 net1005 VSS VSS) nmos4
1457_missing_MOSFET.net,MOSFET,MM3 (net9 net9 VDD VDD) pmos4
1458_missing_MOSFET.net,MOSFET,MM8 (net15 net15 VSS VSS) nmos4
1459_missing_MOSFET.net,MOSFET,M3 (net13 VCONT3 VSS VSS) nmos4
146_missing_Resistor.net,Resistor,R0 (VDD net7) resistor
1460_missing_MOSFET.net,MOSFET,MM0 (net010 net1007 VSS VSS) nmos4
1461_missing_MOSFET.net,MOSFET,MM14 (net1003 net1006 VDD VDD) pmos4
1462_missing_MOSFET.net,MOSFET,MM7 (net31 net10 VSS VSS) nmos4
1463_missing_MOSFET.net,MOSFET,MM2 (net1006 net1006 VDD VDD) pmos4
1464_missing_Resistor.net,Resistor,RR0 (VDD net6) resistor
1465_missing_MOSFET.net,MOSFET,MM3 (net23 net8 net17 VSS) nmos4
1466_missing_MOSFET.net,MOSFET,MM0 (VB3 VB3 VSS VSS) nmos4
1467_missing_MOSFET.net,MOSFET,MM13 (VOUT1 net1003 net31 VSS) nmos4
1468_missing_MOSFET.net,MOSFET,MM8 (net33 net10 VSS VSS) nmos4
1469_missing_MOSFET.net,MOSFET,MM2 (net37 net12 VDD VDD) pmos4
1470_missing_MOSFET.net,MOSFET,MM10 (net33 net11 VSS VSS) nmos4
1471_missing_MOSFET.net,MOSFET,MM0 (net012 net1003 net32 VSS) nmos4
1472_missing_MOSFET.net,MOSFET,MM14 (net025 net012 VDD VDD) pmos4
1473_missing_MOSFET.net,MOSFET,MM14 (net1003 net1006 VDD VDD) pmos4
1474_missing_MOSFET.net,MOSFET,MM2 (net1006 net12 VB3 VSS) nmos4
1475_missing_MOSFET.net,MOSFET,MM0 (VB3 VB3 VSS VSS) nmos4
1476_missing_MOSFET.net,MOSFET,MM4 (net010 net1006 VDD VDD) pmos4
1477_missing_MOSFET.net,MOSFET,MM10 (net33 net11 VSS VSS) nmos4
1478_missing_MOSFET.net,MOSFET,MM12 (net29 net11 VSS VSS) nmos4
1479_missing_MOSFET.net,MOSFET,MM13 (net1001 net1001 VSS VSS) nmos4
148_missing_MOSFET.net,MOSFET,M2 (net26 net26 VDD VDD) pmos4
1480_missing_MOSFET.net,MOSFET,MM4 (net10 net1001 VSS VSS) nmos4
1481_missing_BJT.net,BJT,Q0 (net8 net8 VSS 0) npn
1482_missing_Resistor.net,Resistor,R0 (net5 net9) resistor
1483_missing_MOSFET.net,MOSFET,MM4 (net10 net1001 VSS VSS) nmos4
1484_missing_Resistor.net,Resistor,R0 (net5 net9) resistor
1485_missing_Resistor.net,Resistor,R0 (net5 net9) resistor
1486_missing_MOSFET.net,MOSFET,MM0 (net26 net5 net10 VSS) nmos4
1487_missing_MOSFET.net,MOSFET,MM1 (VB4 net1006 VDD VDD) pmos4
1488_missing_MOSFET.net,MOSFET,MM3 (net1006 net1006 VDD VDD) pmos4
1489_missing_MOSFET.net,MOSFET,MM0 (net010 VB4 VSS VSS) nmos4
1490_missing_MOSFET.net,MOSFET,MM2 (net1006 net1006 VDD VDD) pmos4
1491_missing_Resistor.net,Resistor,R2 (VOUT1 net8) resistor
1492_missing_MOSFET.net,MOSFET,MM2 (net1006 net12 VB4 VSS) nmos4
1493_missing_MOSFET.net,MOSFET,MM2 (net1006 VB4 net15 VSS) nmos4
1494_missing_MOSFET.net,MOSFET,MM2 (net26 VB1 VDD VDD) pmos4
1495_missing_MOSFET.net,MOSFET,MM3 (net32 net8 net10 VSS) nmos4
1496_missing_MOSFET.net,MOSFET,MM5 (net15 net15 VSS VSS) nmos4
1497_missing_MOSFET.net,MOSFET,MM7 (VOUT1 net1003 net28 VSS) nmos4
1498_missing_MOSFET.net,MOSFET,MM3 (net1006 net1006 VDD VDD) pmos4
1499_missing_Resistor.net,Resistor,R2 (VOUT1 net8) resistor
150_missing_Resistor.net,Resistor,R2 (IB1 net41) resistor
1500_missing_MOSFET.net,MOSFET,MM3 (net29 net8 net12 net22) pmos4
1501_missing_Resistor.net,Resistor,R1 (VOUT1 net5) resistor
1502_missing_MOSFET.net,MOSFET,MM3 (net29 net8 net12 net22) pmos4
1503_missing_MOSFET.net,MOSFET,MM0 (net12 VB1 VDD VDD) pmos4
1504_missing_MOSFET.net,MOSFET,MM13 (net1001 net1001 VSS VSS) nmos4
1505_missing_MOSFET.net,MOSFET,MM4 (net28 net5 net12 net22) pmos4
1506_missing_BJT.net,BJT,Q0 (net8 net8 VSS 0) npn
1507_missing_Resistor.net,Resistor,R2 (VOUT1 net8) resistor
1508_missing_MOSFET.net,MOSFET,MM1 (net24 net16 VDD VDD) pmos4
1509_missing_MOSFET.net,MOSFET,MM5 (VOUT1 VB3 net24 VDD) pmos4
1510_missing_MOSFET.net,MOSFET,MM3 (net1006 net1006 VDD VDD) pmos4
1511_missing_MOSFET.net,MOSFET,MM2 (net25 net16 VDD VDD) pmos4
1512_missing_BJT.net,BJT,Q1 (net9 net9 VSS 0) npn
1513_missing_MOSFET.net,MOSFET,MM0 (VB4 VB4 VSS VSS) nmos4
1514_missing_MOSFET.net,MOSFET,MM9 (net28 VB2 VSS VSS) nmos4
1515_missing_MOSFET.net,MOSFET,MM5 (VOUT1 net20 VDD VDD) pmos4
1516_missing_Resistor.net,Resistor,R1 (VOUT1 net5) resistor
1517_missing_MOSFET.net,MOSFET,MM7 (VOUT1 net9 VSS VSS) nmos4
1518_missing_MOSFET.net,MOSFET,MM5 (VOUT1 net20 VDD VDD) pmos4
1519_missing_MOSFET.net,MOSFET,MM0 (net12 VB1 VSS VSS) nmos4
152_missing_MOSFET.net,MOSFET,M0 (IB1 IB1 VSS VSS) nmos4
1520_missing_MOSFET.net,MOSFET,MM0 (net11 net5 net16 VSS) nmos4
1521_missing_MOSFET.net,MOSFET,MM11 (net023 net024 VB1 VSS) nmos4
1522_missing_MOSFET.net,MOSFET,MM0 (net11 net5 net16 VSS) nmos4
1523_missing_MOSFET.net,MOSFET,MM6 (net9 net11 VDD VDD) pmos4
1524_missing_MOSFET.net,MOSFET,MM0 (net11 net5 net16 VSS) nmos4
1525_missing_Resistor.net,Resistor,R2 (VOUT1 net8) resistor
1526_missing_Resistor.net,Resistor,R0 (net5 net9) resistor
1527_missing_MOSFET.net,MOSFET,MM6 (net9 net11 VDD VDD) pmos4
1528_missing_BJT.net,BJT,Q1 (net9 net9 VSS 0) npn
1529_missing_MOSFET.net,MOSFET,MM1 (net12 VB2 VDD VDD) pmos4
1530_missing_BJT.net,BJT,Q1 (net9 net9 VSS 0) npn
1531_missing_MOSFET.net,MOSFET,MM2 (net11 net11 VDD VDD) pmos4
1532_missing_MOSFET.net,MOSFET,MM3 (net20 net8 net16 VSS) nmos4
1533_missing_MOSFET.net,MOSFET,MM7 (VOUT1 net9 VSS VSS) nmos4
1534_missing_Resistor.net,Resistor,R0 (net5 net9) resistor
1535_missing_MOSFET.net,MOSFET,MM0 (net11 net5 net16 VSS) nmos4
1536_missing_MOSFET.net,MOSFET,MM2 (net1007 net10 VDD VDD) pmos4
1537_missing_Resistor.net,Resistor,R1 (VOUT1 net5) resistor
1538_missing_BJT.net,BJT,Q0 (net8 net8 VSS 0) npn
1539_missing_MOSFET.net,MOSFET,MM0 (net1007 net1007 VSS VSS) nmos4
1540_missing_MOSFET.net,MOSFET,MM3 (VB2 VB2 VDD VDD) pmos4
1541_missing_BJT.net,BJT,Q0 (net8 net8 VSS 0) npn
1542_missing_MOSFET.net,MOSFET,MM0 (net11 net5 net16 VSS) nmos4
1543_missing_MOSFET.net,MOSFET,MM0 (net1007 net1007 VSS VSS) nmos4
1544_missing_Resistor.net,Resistor,RRF (VDD net1007) resistor
1545_missing_Resistor.net,Resistor,RR1 (net05 VSS) resistor
1546_missing_MOSFET.net,MOSFET,MM6 (net9 net11 VDD VDD) pmos4
1547_missing_BJT.net,BJT,Q1 (net9 net9 VSS 0) npn
1548_missing_Resistor.net,Resistor,R1 (VOUT1 net5) resistor
1549_missing_BJT.net,BJT,Q1 (net9 net9 VSS 0) npn
155_missing_Resistor.net,Resistor,R0 (net10 IB1) resistor
1550_missing_MOSFET.net,MOSFET,MM3 (VB1 VB1 VDD VDD) pmos4
1551_missing_MOSFET.net,MOSFET,MM13 (VOUT1 net1003 net31 VSS) nmos4
1552_missing_BJT.net,BJT,Q1 (VSS VSS net13 0) pnp
1553_missing_MOSFET.net,MOSFET,MM10 (net10 VB1 net35 VDD) pmos4
1554_missing_MOSFET.net,MOSFET,MM1 (net36 net23 VDD VDD) pmos4
1555_missing_MOSFET.net,MOSFET,MM8 (net33 net10 VSS VSS) nmos4
1556_missing_Resistor.net,Resistor,R1 (VOUT1 net8) resistor
1557_missing_MOSFET.net,MOSFET,MM0 (net12 net8 net17 VSS) nmos4
1558_missing_Resistor.net,Resistor,R0 (net8 net13) resistor
1559_missing_MOSFET.net,MOSFET,MM3 (net23 net7 net17 VSS) nmos4
1560_missing_MOSFET.net,MOSFET,MM4 (net26 net16 VSS VSS) nmos4
1561_missing_MOSFET.net,MOSFET,MM14 (net1003 net1006 VDD VDD) pmos4
1562_missing_MOSFET.net,MOSFET,MM1 (VOUT1 net1003 net29 VSS) nmos4
1563_missing_MOSFET.net,MOSFET,MM14 (net025 net012 VDD VDD) pmos4
1564_missing_Resistor.net,Resistor,R0 (net8 net13) resistor
1565_missing_MOSFET.net,MOSFET,MM10 (net33 net11 VSS VSS) nmos4
1566_missing_Resistor.net,Resistor,R1 (VOUT1 net8) resistor
1567_missing_MOSFET.net,MOSFET,MM12 (net29 net11 VSS VSS) nmos4
1568_missing_MOSFET.net,MOSFET,MM3 (net1006 net1006 VDD VDD) pmos4
1569_missing_MOSFET.net,MOSFET,MM1 (VB3 net1006 VDD VDD) pmos4
157_missing_MOSFET.net,MOSFET,M1 (VOUT1 net22 VDD VDD) pmos4
1570_missing_Resistor.net,Resistor,R2 (VOUT1 net7) resistor
1571_missing_MOSFET.net,MOSFET,MM15 (net1003 net1003 net1001 VSS) nmos4
1572_missing_MOSFET.net,MOSFET,MM13 (net1001 net1001 VSS VSS) nmos4
1573_missing_MOSFET.net,MOSFET,MM1 (net32 VB1 VDD VDD) pmos4
1574_missing_MOSFET.net,MOSFET,MM13 (net1001 net1001 VSS VSS) nmos4
1575_missing_Resistor.net,Resistor,R1 (VOUT1 net8) resistor
1576_missing_MOSFET.net,MOSFET,MM2 (net26 VB1 VDD VDD) pmos4
1577_missing_MOSFET.net,MOSFET,MM5 (net15 net15 VSS VSS) nmos4
1578_missing_MOSFET.net,MOSFET,MM0 (VB4 VB4 VSS VSS) nmos4
1579_missing_MOSFET.net,MOSFET,MM10 (net27 net12 VSS VSS) nmos4
1580_missing_MOSFET.net,MOSFET,MM14 (net1003 net1006 VDD VDD) pmos4
1581_missing_BJT.net,BJT,Q1 (VSS VSS net13 0) pnp
1582_missing_MOSFET.net,MOSFET,MM3 (net32 net7 net10 VSS) nmos4
1583_missing_MOSFET.net,MOSFET,MM3 (net1006 net1006 VDD VDD) pmos4
1584_missing_MOSFET.net,MOSFET,MM14 (net1003 net1006 VDD VDD) pmos4
1585_missing_MOSFET.net,MOSFET,MM4 (net15 net014 VSS VSS) nmos4
1586_missing_MOSFET.net,MOSFET,MM4 (VB4 net15 VSS VSS) nmos4
1587_missing_MOSFET.net,MOSFET,MM5 (VOUT1 VB2 net24 VDD) pmos4
1588_missing_MOSFET.net,MOSFET,MM13 (net1001 net1001 VSS VSS) nmos4
1589_missing_MOSFET.net,MOSFET,MM13 (net1001 net1001 VSS VSS) nmos4
1590_missing_BJT.net,BJT,Q1 (VSS VSS net13 0) pnp
1591_missing_MOSFET.net,MOSFET,MM13 (net1001 net1001 VSS VSS) nmos4
1592_missing_MOSFET.net,MOSFET,MM10 (net29 net1001 VSS VSS) nmos4
1593_missing_BJT.net,BJT,Q0 (VSS VSS net7 0) pnp
1594_missing_MOSFET.net,MOSFET,MM15 (net1003 net1003 net1001 VSS) nmos4
1595_missing_MOSFET.net,MOSFET,MM2 (net1006 VB4 VB3 VSS) nmos4
1596_missing_Resistor.net,Resistor,R2 (VOUT1 net7) resistor
1597_missing_MOSFET.net,MOSFET,MM8 (net16 net1003 net29 VSS) nmos4
1598_missing_MOSFET.net,MOSFET,MM2 (net1006 net1006 VDD VDD) pmos4
1599_missing_MOSFET.net,MOSFET,MM2 (net25 net16 VDD VDD) pmos4
160_missing_Resistor.net,Resistor,R1 (VDD net7) resistor
1600_missing_BJT.net,BJT,Q1 (VSS VSS net13 0) pnp
1601_missing_Resistor.net,Resistor,RR0 (net15 VSS) resistor
1602_missing_MOSFET.net,MOSFET,MM9 (net024 net024 net023 VSS) nmos4
1603_missing_MOSFET.net,MOSFET,MM9 (net28 VB2 VSS VSS) nmos4
1604_missing_MOSFET.net,MOSFET,MM3 (net1006 net1006 VDD VDD) pmos4
1605_missing_MOSFET.net,MOSFET,MM8 (net1005 net1005 VSS VSS) nmos4
1606_missing_MOSFET.net,MOSFET,MM0 (net010 VB1 VSS VSS) nmos4
1607_missing_Resistor.net,Resistor,R1 (VOUT1 net8) resistor
1608_missing_Resistor.net,Resistor,RR0 (VDD net6) resistor
1609_missing_Resistor.net,Resistor,RR0 (VB1 VSS) resistor
161_missing_MOSFET.net,MOSFET,M0 (VDD net5 VOUT1 VSS) nmos4
1610_missing_MOSFET.net,MOSFET,MM10 (net1005 net1006 VDD VDD) pmos4
1611_missing_MOSFET.net,MOSFET,MM4 (net16 net1005 VSS VSS) nmos4
1612_missing_BJT.net,BJT,Q0 (VSS VSS net7 0) pnp
1613_missing_Resistor.net,Resistor,R0 (net8 net13) resistor
1614_missing_MOSFET.net,MOSFET,MM0 (net1007 net1007 VSS VSS) nmos4
1615_missing_MOSFET.net,MOSFET,MM1 (net1005 VB1 VDD VDD) pmos4
1616_missing_MOSFET.net,MOSFET,MM1 (net20 net20 VDD VDD) pmos4
1617_missing_MOSFET.net,MOSFET,MM3 (net20 net7 net16 VSS) nmos4
1618_missing_MOSFET.net,MOSFET,MM1 (net1005 VB1 VDD VDD) pmos4
1619_missing_MOSFET.net,MOSFET,MM2 (net1005 net1005 VSS VSS) nmos4
162_missing_MOSFET.net,MOSFET,M0 (VOUT1 VIN1 VSS VSS) nmos4
1620_missing_MOSFET.net,MOSFET,MM2 (net11 net11 VDD VDD) pmos4
1621_missing_MOSFET.net,MOSFET,MM4 (net010 VB2 VDD VDD) pmos4
1622_missing_BJT.net,BJT,Q0 (VSS VSS net7 0) pnp
1623_missing_Resistor.net,Resistor,RRF (VDD net1007) resistor
1624_missing_Resistor.net,Resistor,RRF (VDD net1007) resistor
1625_missing_MOSFET.net,MOSFET,MM0 (net11 net8 net16 VSS) nmos4
1626_missing_Resistor.net,Resistor,R0 (net8 net13) resistor
1627_missing_MOSFET.net,MOSFET,MM4 (net16 net1005 VSS VSS) nmos4
1628_missing_MOSFET.net,MOSFET,MM3 (VB2 VB2 VDD VDD) pmos4
1629_missing_BJT.net,BJT,Q0 (VSS VSS net7 0) pnp
163_missing_MOSFET.net,MOSFET,M4 (IB2 IB2 VDD VDD) pmos4
1630_missing_MOSFET.net,MOSFET,MM0 (net11 net8 net16 VSS) nmos4
1631_missing_MOSFET.net,MOSFET,MM3 (VB1 VB1 VDD VDD) pmos4
1632_missing_MOSFET.net,MOSFET,MM4 (net010 VB2 VDD VDD) pmos4
1633_missing_MOSFET.net,MOSFET,MM0 (net11 net8 net16 VSS) nmos4
1634_missing_MOSFET.net,MOSFET,MM10 (neta net1007 VSS VSS) nmos4
1635_missing_MOSFET.net,MOSFET,MM3 (VB1 VB1 VDD VDD) pmos4
1636_missing_MOSFET.net,MOSFET,MM7 (VOUT1 net9 VSS VSS) nmos4
1637_missing_MOSFET.net,MOSFET,MM1 (VB2 net1006 VDD VDD) pmos4
1638_missing_Resistor.net,Resistor,RR1 (net1006 VSS) resistor
1639_missing_BJT.net,BJT,Q0 (VSS VSS net7 0) pnp
1640_missing_MOSFET.net,MOSFET,MM0 (VB1 net1005 VSS VSS) nmos4
1641_missing_MOSFET.net,MOSFET,MM1 (VB3 net1006 VDD VDD) pmos4
1642_missing_MOSFET.net,MOSFET,MM1 (net36 net23 VDD VDD) pmos4
1643_missing_MOSFET.net,MOSFET,MM0 (net12 net26 net17 VSS) nmos4
1644_missing_Resistor.net,Resistor,RR1 (net1006 VSS) resistor
1645_missing_MOSFET.net,MOSFET,MM3 (net23 net24 net17 VSS) nmos4
1646_missing_MOSFET.net,MOSFET,MM5 (net34 net23 VDD VDD) pmos4
1647_missing_MOSFET.net,MOSFET,MM10 (net10 VB1 net35 VDD) pmos4
1648_missing_MOSFET.net,MOSFET,MM14 (net10 net1003 net33 VSS) nmos4
1649_missing_MOSFET.net,MOSFET,MM0 (net12 net26 net17 VSS) nmos4
165_missing_Resistor.net,Resistor,R0 (VOUT1 VSS) resistor
1650_missing_MOSFET.net,MOSFET,MM13 (net9 net1003 VSS VSS) nmos4
1651_missing_BJT.net,BJT,Q0 (VSS VSS net29 0) pnp
1652_missing_MOSFET.net,MOSFET,MM13 (net9 net1003 VSS VSS) nmos4
1653_missing_MOSFET.net,MOSFET,MM13 (net9 net1003 VSS VSS) nmos4
1654_missing_MOSFET.net,MOSFET,MM13 (net9 net1003 VSS VSS) nmos4
1655_missing_MOSFET.net,MOSFET,MM15 (net1003 net1003 net9 VSS) nmos4
1656_missing_MOSFET.net,MOSFET,MM11 (net023 net024 VB3 VSS) nmos4
1657_missing_MOSFET.net,MOSFET,MM4 (net15 net014 VSS VSS) nmos4
1658_missing_MOSFET.net,MOSFET,MM15 (net1003 net1003 net9 VSS) nmos4
1659_missing_MOSFET.net,MOSFET,MM9 (net21 net12 VSS VSS) nmos4
166_missing_MOSFET.net,MOSFET,M2 (VOUT1 net9 VDD VDD) pmos4
1660_missing_MOSFET.net,MOSFET,MM2 (net1006 VB3 VSS VSS) nmos4
1661_missing_Resistor.net,Resistor,R1 (VOUT1 net26) resistor
1662_missing_Resistor.net,Resistor,R0 (net26 net31) resistor
1663_missing_MOSFET.net,MOSFET,MM5 (VOUT1 VB2 net32 VDD) pmos4
1664_missing_MOSFET.net,MOSFET,MM14 (net1003 net1006 VDD VDD) pmos4
1665_missing_BJT.net,BJT,Q1 (VSS VSS net30 0) pnp
1666_missing_MOSFET.net,MOSFET,MM4 (net10 net1001 VSS VSS) nmos4
1667_missing_BJT.net,BJT,Q0 (VSS VSS net29 0) pnp
1668_missing_Resistor.net,Resistor,R0 (net26 net31) resistor
1669_missing_Resistor.net,Resistor,R0 (net26 net31) resistor
167_missing_MOSFET.net,MOSFET,M0 (VOUT1 net8 VSS VSS) nmos4
1670_missing_BJT.net,BJT,Q3 (net29 net29 net24 0) pnp
1671_missing_Resistor.net,Resistor,RR1 (net1006 VSS) resistor
1672_missing_Resistor.net,Resistor,R2 (VOUT1 net24) resistor
1673_missing_MOSFET.net,MOSFET,MM6 (net12 VB3 net26 VDD) pmos4
1674_missing_MOSFET.net,MOSFET,MM11 (net023 net024 VB4 VSS) nmos4
1675_missing_BJT.net,BJT,Q0 (VSS VSS net29 0) pnp
1676_missing_MOSFET.net,MOSFET,MM6 (net15 net1006 VDD VDD) pmos4
1677_missing_BJT.net,BJT,Q1 (VSS VSS net30 0) pnp
1678_missing_MOSFET.net,MOSFET,MM3 (net29 net24 net12 net22) pmos4
1679_missing_MOSFET.net,MOSFET,MM6 (net16 VB2 net25 VDD) pmos4
168_missing_MOSFET.net,MOSFET,M0 (net7 net13 VSS VSS) nmos4
1680_missing_Resistor.net,Resistor,R0 (net26 net31) resistor
1681_missing_MOSFET.net,MOSFET,MM0 (net12 VB1 VDD VDD) pmos4
1682_missing_MOSFET.net,MOSFET,MM0 (VB3 VB3 VSS VSS) nmos4
1683_missing_Resistor.net,Resistor,R2 (VOUT1 net24) resistor
1684_missing_MOSFET.net,MOSFET,MM4 (net28 net26 net12 net22) pmos4
1685_missing_MOSFET.net,MOSFET,MM6 (net16 VB2 net25 VDD) pmos4
1686_missing_MOSFET.net,MOSFET,MM0 (VB4 VB4 VSS VSS) nmos4
1687_missing_MOSFET.net,MOSFET,MM15 (net1003 net1003 net9 VSS) nmos4
1688_missing_MOSFET.net,MOSFET,MM15 (net1003 net1003 net9 VSS) nmos4
1689_missing_Resistor.net,Resistor,R0 (net26 net31) resistor
169_missing_Resistor.net,Resistor,R1 (VDD VOUT1) resistor
1690_missing_Resistor.net,Resistor,RR0 (VB4 VSS) resistor
1691_missing_Resistor.net,Resistor,R0 (net26 net31) resistor
1692_missing_Resistor.net,Resistor,R1 (VOUT1 net26) resistor
1693_missing_MOSFET.net,MOSFET,MM3 (net29 net24 net12 net22) pmos4
1694_missing_MOSFET.net,MOSFET,MM4 (VB4 net15 VSS VSS) nmos4
1695_missing_MOSFET.net,MOSFET,MM1 (net20 net20 VDD VDD) pmos4
1696_missing_MOSFET.net,MOSFET,MM1 (net20 net20 VDD VDD) pmos4
1697_missing_MOSFET.net,MOSFET,MM3 (net20 net24 net16 VSS) nmos4
1698_missing_BJT.net,BJT,Q2 (net30 net30 net31 0) pnp
1699_missing_MOSFET.net,MOSFET,MM1 (net20 net20 VDD VDD) pmos4
17_missing_MOSFET.net,MOSFET,M0 (VDD net2 VOUT1 VSS) nmos4
170_missing_Resistor.net,Resistor,R1 (VDD VOUT1) resistor
1700_missing_MOSFET.net,MOSFET,MM1 (VB1 net1006 VDD VDD) pmos4
1701_missing_MOSFET.net,MOSFET,MM1 (net1006 net1006 VDD VDD) pmos4
1702_missing_Resistor.net,Resistor,R0 (net26 net31) resistor
1703_missing_MOSFET.net,MOSFET,MM6 (net9 net11 VDD VDD) pmos4
1704_missing_MOSFET.net,MOSFET,MM0 (net11 net26 net16 VSS) nmos4
1705_missing_Resistor.net,Resistor,R0 (net26 net31) resistor
1706_missing_MOSFET.net,MOSFET,MM3 (net20 net24 net16 VSS) nmos4
1707_missing_MOSFET.net,MOSFET,MM3 (net20 net24 net16 VSS) nmos4
1708_missing_BJT.net,BJT,Q1 (VSS VSS net30 0) pnp
1709_missing_MOSFET.net,MOSFET,MM6 (net9 net11 VDD VDD) pmos4
171_missing_MOSFET.net,MOSFET,M0 (VOUT1 IB1 VSS VSS) nmos4
1710_missing_MOSFET.net,MOSFET,MM0 (net1007 net1007 VSS VSS) nmos4
1711_missing_BJT.net,BJT,Q3 (net29 net29 net24 0) pnp
1712_missing_MOSFET.net,MOSFET,MM6 (net9 net11 VDD VDD) pmos4
1713_missing_BJT.net,BJT,Q3 (net29 net29 net24 0) pnp
1714_missing_Resistor.net,Resistor,R2 (VOUT1 net24) resistor
1715_missing_BJT.net,BJT,Q2 (net30 net30 net31 0) pnp
1716_missing_MOSFET.net,MOSFET,MM3 (VB1 VB1 VDD VDD) pmos4
1717_missing_BJT.net,BJT,Q3 (net29 net29 net24 0) pnp
1718_missing_BJT.net,BJT,Q1 (VSS VSS net30 0) pnp
1719_missing_MOSFET.net,MOSFET,MM1 (net20 net20 VDD VDD) pmos4
172_missing_Resistor.net,Resistor,R1 (VDD VOUT1) resistor
1720_missing_Resistor.net,Resistor,R1 (VOUT1 net26) resistor
1721_missing_MOSFET.net,MOSFET,MM6 (net9 net11 VDD VDD) pmos4
1722_missing_MOSFET.net,MOSFET,MM0 (VB2 net025 VSS VSS) nmos4
1723_missing_MOSFET.net,MOSFET,MM6 (net9 net11 VDD VDD) pmos4
1724_missing_Resistor.net,Resistor,RRF (VDD net1007) resistor
1725_missing_MOSFET.net,MOSFET,MM3 (VB1 VB1 VDD VDD) pmos4
1726_missing_BJT.net,BJT,Q3 (net29 net29 net24 0) pnp
1727_missing_Resistor.net,Resistor,R1 (VOUT1 net26) resistor
1728_missing_Resistor.net,Resistor,RR1 (net1006 VSS) resistor
1729_missing_MOSFET.net,MOSFET,MM2 (net11 net11 VDD VDD) pmos4
1730_missing_Resistor.net,Resistor,R1 (VOUT1 net26) resistor
1731_missing_MOSFET.net,MOSFET,M0 (net5 net13 VDD VDD) pmos4
1732_missing_MOSFET.net,MOSFET,MM1 (VB3 net1006 VDD VDD) pmos4
1733_missing_MOSFET.net,MOSFET,M2 (VOUT1 net13 VDD VDD) pmos4
1734_missing_Resistor.net,Resistor,R1 (net10 net16) resistor
1735_missing_MOSFET.net,MOSFET,MM14 (net10 net1003 net33 VSS) nmos4
1736_missing_MOSFET.net,MOSFET,MM1 (VB3 net1006 VDD VDD) pmos4
1737_missing_MOSFET.net,MOSFET,MM10 (net024 net1006 VDD VDD) pmos4
1738_missing_MOSFET.net,MOSFET,M3 (net12 net13 VDD VDD) pmos4
1739_missing_MOSFET.net,MOSFET,MM3 (net23 net10 net17 VSS) nmos4
174_missing_Resistor.net,Resistor,R0 (VIN1 VB1) resistor
1740_missing_MOSFET.net,MOSFET,MM13 (net9 net1003 VSS VSS) nmos4
1741_missing_Resistor.net,Resistor,R1 (net10 net16) resistor
1742_missing_Resistor.net,Resistor,R0 (VOUT1 net10) resistor
1743_missing_MOSFET.net,MOSFET,MM1 (net13 net1003 net29 VSS) nmos4
1744_missing_MOSFET.net,MOSFET,MM11 (net32 net16 VSS VSS) nmos4
1745_missing_MOSFET.net,MOSFET,MM15 (net1003 net1003 net9 VSS) nmos4
1746_missing_MOSFET.net,MOSFET,MM0 (net1006 net025 VSS VSS) nmos4
1747_missing_MOSFET.net,MOSFET,MM5 (net014 net014 VSS VSS) nmos4
1748_missing_MOSFET.net,MOSFET,MM8 (net16 net1003 net26 VSS) nmos4
1749_missing_BJT.net,BJT,Q1 (VSS net5 net6 0) pnp
175_missing_Resistor.net,Resistor,R0 (VIN1 IB1) resistor
1750_missing_BJT.net,BJT,Q1 (VSS net5 net6 0) pnp
1751_missing_MOSFET.net,MOSFET,MM1 (net32 VB1 VDD VDD) pmos4
1752_missing_Resistor.net,Resistor,RR0 (VDD net6) resistor
1753_missing_MOSFET.net,MOSFET,M0 (net5 net13 VDD VDD) pmos4
1754_missing_MOSFET.net,MOSFET,MM0 (VB3 VB3 VSS VSS) nmos4
1755_missing_MOSFET.net,MOSFET,MM14 (net1003 net1006 VDD VDD) pmos4
1756_missing_MOSFET.net,MOSFET,MM3 (net1006 net1006 VDD VDD) pmos4
1757_missing_MOSFET.net,MOSFET,MM8 (net12 net1003 net27 VSS) nmos4
1758_missing_Resistor.net,Resistor,R0 (VOUT1 net10) resistor
1759_missing_MOSFET.net,MOSFET,M2 (VOUT1 net13 VDD VDD) pmos4
176_missing_Resistor.net,Resistor,R1 (VDD VOUT1) resistor
1760_missing_MOSFET.net,MOSFET,MM14 (net1003 net1006 VDD VDD) pmos4
1761_missing_MOSFET.net,MOSFET,MM15 (net1003 net1003 net9 VSS) nmos4
1762_missing_MOSFET.net,MOSFET,MM5 (net13 VB3 net32 VDD) pmos4
1763_missing_MOSFET.net,MOSFET,MM0 (VB4 VB4 VSS VSS) nmos4
1764_missing_MOSFET.net,MOSFET,MM10 (net27 net12 VSS VSS) nmos4
1765_missing_MOSFET.net,MOSFET,M1 (net6 net13 VDD VDD) pmos4
1766_missing_MOSFET.net,MOSFET,M0 (net5 net13 VDD VDD) pmos4
1767_missing_BJT.net,BJT,Q1 (VSS net5 net6 0) pnp
1768_missing_MOSFET.net,MOSFET,MM4 (net28 net6 net12 net22) pmos4
1769_missing_MOSFET.net,MOSFET,M0 (net5 net13 VDD VDD) pmos4
177_missing_MOSFET.net,MOSFET,M1 (VOUT1 net5 VDD VDD) pmos4
1770_missing_MOSFET.net,MOSFET,M3 (net12 net13 VDD VDD) pmos4
1771_missing_BJT.net,BJT,Q0 (VSS net12 net16 0) pnp
1772_missing_BJT.net,BJT,Q3 (VSS VSS net12 0) pnp
1773_missing_MOSFET.net,MOSFET,MM14 (net1003 net1006 VDD VDD) pmos4
1774_missing_MOSFET.net,MOSFET,MM10 (net29 net1001 VSS VSS) nmos4
1775_missing_MOSFET.net,MOSFET,M2 (VOUT1 net13 VDD VDD) pmos4
1776_missing_MOSFET.net,MOSFET,M0 (net5 net13 VDD VDD) pmos4
1777_missing_MOSFET.net,MOSFET,MM2 (net1006 VB4 VSS VSS) nmos4
1778_missing_BJT.net,BJT,Q2 (VSS VSS net5 0) pnp
1779_missing_BJT.net,BJT,Q3 (VSS VSS net12 0) pnp
178_missing_MOSFET.net,MOSFET,M1 (VOUT1 VB1 net6 VSS) nmos4
1780_missing_MOSFET.net,MOSFET,MM2 (net25 net16 VDD VDD) pmos4
1781_missing_Resistor.net,Resistor,RR1 (net1006 VSS) resistor
1782_missing_MOSFET.net,MOSFET,MM6 (net16 VIN1 net14 net27) pmos4
1783_missing_MOSFET.net,MOSFET,MM5 (VOUT1 VB2 net32 VDD) pmos4
1784_missing_MOSFET.net,MOSFET,MM1 (VB3 net1006 VDD VDD) pmos4
1785_missing_MOSFET.net,MOSFET,MM5 (VOUT1 VB2 net32 VDD) pmos4
1786_missing_Resistor.net,Resistor,RR1 (net1006 VSS) resistor
1787_missing_MOSFET.net,MOSFET,MM10 (net27 net12 VSS VSS) nmos4
1788_missing_MOSFET.net,MOSFET,MM2 (net1006 VB3 net15 VSS) nmos4
1789_missing_MOSFET.net,MOSFET,MM15 (net1003 net1003 net9 VSS) nmos4
179_missing_Capacitor.net,Capacitor,C1 (VSS net6) capacitor
1790_missing_MOSFET.net,MOSFET,MM5 (VOUT1 VB3 net32 VDD) pmos4
1791_missing_MOSFET.net,MOSFET,MM4 (net10 VB2 VSS VSS) nmos4
1792_missing_MOSFET.net,MOSFET,MM5 (VOUT1 VB3 net32 VDD) pmos4
1793_missing_MOSFET.net,MOSFET,MM6 (net12 VB3 net26 VDD) pmos4
1794_missing_MOSFET.net,MOSFET,MM0 (VB4 VB4 VSS VSS) nmos4
1795_missing_MOSFET.net,MOSFET,MM4 (net28 VIN2 net12 net22) pmos4
1796_missing_Resistor.net,Resistor,RR0 (VB3 net010) resistor
1797_missing_MOSFET.net,MOSFET,MM10 (net29 net1001 VSS VSS) nmos4
1798_missing_MOSFET.net,MOSFET,MM9 (net28 net1001 VSS VSS) nmos4
1799_missing_MOSFET.net,MOSFET,MM3 (net29 VIN1 net12 net22) pmos4
180_missing_Capacitor.net,Capacitor,C1 (net10 net8) capacitor
1800_missing_MOSFET.net,MOSFET,MM14 (net1003 net1006 VDD VDD) pmos4
1801_missing_MOSFET.net,MOSFET,MM2 (net25 net16 VDD VDD) pmos4
1802_missing_Resistor.net,Resistor,RR0 (VB4 net010) resistor
1803_missing_MOSFET.net,MOSFET,MM5 (VOUT1 VB3 net24 VDD) pmos4
1804_missing_MOSFET.net,MOSFET,MM8 (net16 net1003 net29 VSS) nmos4
1805_missing_MOSFET.net,MOSFET,MM8 (net16 net1003 net29 VSS) nmos4
1806_missing_MOSFET.net,MOSFET,MM3 (net1006 net1006 VDD VDD) pmos4
1807_missing_MOSFET.net,MOSFET,MM0 (net11 VIN2 net16 VSS) nmos4
1808_missing_MOSFET.net,MOSFET,MM3 (net1006 net1006 VDD VDD) pmos4
1809_missing_MOSFET.net,MOSFET,MM3 (net20 VIN1 net16 VSS) nmos4
181_missing_MOSFET.net,MOSFET,M3 (VOUT1 net45 VDD VDD) pmos4
1810_missing_MOSFET.net,MOSFET,MM3 (net20 VIN1 net16 VSS) nmos4
1811_missing_MOSFET.net,MOSFET,MM2 (net1006 net12 VB1 VSS) nmos4
1812_missing_MOSFET.net,MOSFET,MM1 (net20 net20 VDD VDD) pmos4
1813_missing_MOSFET.net,MOSFET,MM4 (net16 net1005 VSS VSS) nmos4
1814_missing_MOSFET.net,MOSFET,MM0 (VB2 VB1 VSS VSS) nmos4
1815_missing_MOSFET.net,MOSFET,MM3 (net9 net9 VDD VDD) pmos4
1816_missing_MOSFET.net,MOSFET,MM2 (net11 net11 VDD VDD) pmos4
1817_missing_MOSFET.net,MOSFET,MM0 (VB1 VB1 VDD VDD) pmos4
1818_missing_MOSFET.net,MOSFET,MM1 (net20 net20 VDD VDD) pmos4
1819_missing_MOSFET.net,MOSFET,MM1 (net20 net20 VDD VDD) pmos4
182_missing_Capacitor.net,Capacitor,C1 (VDD net29) capacitor
1820_missing_MOSFET.net,MOSFET,MM0 (net12 net1007 VSS VSS) nmos4
1821_missing_MOSFET.net,MOSFET,MM3 (VB2 VB2 VDD VDD) pmos4
1822_missing_MOSFET.net,MOSFET,MM4 (net16 net1005 VSS VSS) nmos4
1823_missing_MOSFET.net,MOSFET,MM2 (net1005 net1005 VSS VSS) nmos4
1824_missing_MOSFET.net,MOSFET,MM7 (VOUT1 net9 VSS VSS) nmos4
1825_missing_MOSFET.net,MOSFET,MM0 (net1007 net1007 VSS VSS) nmos4
1826_missing_MOSFET.net,MOSFET,MM7 (VOUT1 net9 VSS VSS) nmos4
1827_missing_MOSFET.net,MOSFET,MM6 (net9 net11 VDD VDD) pmos4
1828_missing_Resistor.net,Resistor,RR0 (net1007 net010) resistor
1829_missing_MOSFET.net,MOSFET,MM7 (VOUT1 net9 VSS VSS) nmos4
183_missing_Capacitor.net,Capacitor,C0 (VDD net36) capacitor
1830_missing_MOSFET.net,MOSFET,MM2 (net1005 net1005 VSS VSS) nmos4
1831_missing_MOSFET.net,MOSFET,MM3 (VB1 VB1 VDD VDD) pmos4
1832_missing_MOSFET.net,MOSFET,MM6 (net9 net11 VDD VDD) pmos4
1833_missing_MOSFET.net,MOSFET,MM8 (net9 net9 VSS VSS) nmos4
1834_missing_MOSFET.net,MOSFET,MM10 (net1005 net1006 VDD VDD) pmos4
1835_missing_MOSFET.net,MOSFET,MM10 (net1005 net1006 VDD VDD) pmos4
1836_missing_MOSFET.net,MOSFET,MM3 (VB1 VB1 VDD VDD) pmos4
1837_missing_Resistor.net,Resistor,RR1 (net1006 VSS) resistor
1838_missing_MOSFET.net,MOSFET,MM3 (net20 VIN1 net16 VSS) nmos4
1839_missing_MOSFET.net,MOSFET,MM10 (net1005 net1006 VDD VDD) pmos4
1840_missing_MOSFET.net,MOSFET,MM3 (net20 VIN1 net16 VSS) nmos4
1841_missing_MOSFET.net,MOSFET,MM3 (net1006 net1006 VDD VDD) pmos4
1842_missing_MOSFET.net,MOSFET,MM0 (VB2 VB2 VSS VSS) nmos4
1843_missing_MOSFET.net,MOSFET,MM6 (net9 net11 VDD VDD) pmos4
1844_missing_MOSFET.net,MOSFET,MM3 (net20 VIN1 net16 VSS) nmos4
1845_missing_MOSFET.net,MOSFET,MM1 (net1005 net1005 VSS VSS) nmos4
1846_missing_Resistor.net,Resistor,RR0 (VB2 VSS) resistor
1847_missing_MOSFET.net,MOSFET,MM2 (net11 net11 VDD VDD) pmos4
1848_missing_MOSFET.net,MOSFET,MM9 (net9 net9 VSS VSS) nmos4
1849_missing_MOSFET.net,MOSFET,MM0 (net1004 net1004 VDD VDD) pmos4
1850_missing_MOSFET.net,MOSFET,MM0 (net1007 net1007 VSS VSS) nmos4
1851_missing_MOSFET.net,MOSFET,MM2 (VB2 net1007 VSS VSS) nmos4
1852_missing_MOSFET.net,MOSFET,MM7 (net9 VIN2 net13 net22) pmos4
1853_missing_MOSFET.net,MOSFET,MM1 (net12 VB2 VDD VDD) pmos4
1854_missing_MOSFET.net,MOSFET,MM0 (net1004 net1004 VDD VDD) pmos4
1855_missing_MOSFET.net,MOSFET,MM6 (net15 VIN1 net13 net22) pmos4
1856_missing_MOSFET.net,MOSFET,MM1 (net7 net1007 VSS VSS) nmos4
1857_missing_MOSFET.net,MOSFET,MM1 (VB1 net1004 VDD VDD) pmos4
1858_missing_MOSFET.net,MOSFET,MM3 (net9 net9 VDD VDD) pmos4
1859_missing_MOSFET.net,MOSFET,MM6 (net15 VIN1 net13 net22) pmos4
186_missing_MOSFET.net,MOSFET,M2 (VOUT1 VB1 VIN1 VSS) nmos4
1860_missing_MOSFET.net,MOSFET,MM6 (net15 VIN1 net13 net22) pmos4
1861_missing_MOSFET.net,MOSFET,MM3 (net1004 net1004 VDD VDD) pmos4
1862_missing_MOSFET.net,MOSFET,MM5 (net13 net1004 VDD VDD) pmos4
1863_missing_MOSFET.net,MOSFET,MM10 (neta net1007 VSS VSS) nmos4
1864_missing_MOSFET.net,MOSFET,MM4 (net1004 VB1 VSS VSS) nmos4
1865_missing_Resistor.net,Resistor,RR0 (VDD net7) resistor
1866_missing_MOSFET.net,MOSFET,MM0 (net17 net15 VSS VSS) nmos4
1867_missing_MOSFET.net,MOSFET,MM3 (net1004 net1004 VDD VDD) pmos4
1868_missing_MOSFET.net,MOSFET,MM2 (net1007 net10 VDD VDD) pmos4
1869_missing_MOSFET.net,MOSFET,MM2 (VB1 net1007 VSS VSS) nmos4
187_missing_MOSFET.net,MOSFET,M0 (VOUT1 VB1 VIN1 VSS) nmos4
1870_missing_MOSFET.net,MOSFET,MM8 (net15 net15 VSS VSS) nmos4
1871_missing_Resistor.net,Resistor,RRF (VDD net1007) resistor
1872_missing_MOSFET.net,MOSFET,MM7 (net9 VIN2 net13 net22) pmos4
1873_missing_MOSFET.net,MOSFET,MM2 (VB1 net1007 net15 VSS) nmos4
1874_missing_MOSFET.net,MOSFET,MM9 (net9 net9 VSS VSS) nmos4
1875_missing_Resistor.net,Resistor,RRF (VDD net1007) resistor
1876_missing_Resistor.net,Resistor,RR1 (net05 VSS) resistor
1877_missing_MOSFET.net,MOSFET,MM8 (net15 net15 VSS VSS) nmos4
1878_missing_MOSFET.net,MOSFET,MM0 (net1004 VB1 VSS VSS) nmos4
1879_missing_MOSFET.net,MOSFET,MM7 (net9 VIN2 net13 net22) pmos4
188_missing_MOSFET.net,MOSFET,M1 (VIN1 VB2 VSS VSS) nmos4
1880_missing_MOSFET.net,MOSFET,MM8 (net15 net15 VSS VSS) nmos4
1881_missing_MOSFET.net,MOSFET,MM0 (net17 net15 VSS VSS) nmos4
1882_missing_MOSFET.net,MOSFET,MM1 (VOUT1 net9 VSS VSS) nmos4
1883_missing_MOSFET.net,MOSFET,MM8 (VB1 VB1 VSS VSS) nmos4
1884_missing_MOSFET.net,MOSFET,MM8 (VB1 VB1 VSS VSS) nmos4
1885_missing_MOSFET.net,MOSFET,MM2 (VB1 net1004 VDD VDD) pmos4
1886_missing_MOSFET.net,MOSFET,MM0 (net17 net15 VSS VSS) nmos4
1887_missing_MOSFET.net,MOSFET,MM2 (net17 net17 VDD VDD) pmos4
1888_missing_MOSFET.net,MOSFET,MM10 (net6 net1006 VDD VDD) pmos4
1889_missing_MOSFET.net,MOSFET,MM0 (net1004 net6 VSS VSS) nmos4
189_missing_Resistor.net,Resistor,R0 (VDD net6) resistor
1890_missing_MOSFET.net,MOSFET,MM1 (VB1 VB1 VSS VSS) nmos4
1891_missing_MOSFET.net,MOSFET,MM2 (VB1 VB1 VDD VDD) pmos4
1892_missing_MOSFET.net,MOSFET,MM1 (VOUT1 VB1 VDD VDD) pmos4
1893_missing_MOSFET.net,MOSFET,MM0 (VB1 VIN2 net16 VSS) nmos4
1894_missing_Resistor.net,Resistor,RR0 (VDD net6) resistor
1895_missing_MOSFET.net,MOSFET,MM8 (net1005 net1005 VSS VSS) nmos4
1896_missing_MOSFET.net,MOSFET,MM1 (VB2 net1006 VDD VDD) pmos4
1897_missing_MOSFET.net,MOSFET,MM1 (VOUT1 VB1 VDD VDD) pmos4
1898_missing_MOSFET.net,MOSFET,MM2 (net1006 VB2 net15 VSS) nmos4
1899_missing_MOSFET.net,MOSFET,MM1 (VOUT1 VB1 VDD VDD) pmos4
190_missing_Capacitor.net,Capacitor,C0 (net14 VSS) capacitor
1900_missing_MOSFET.net,MOSFET,MM0 (net1004 net1004 VDD VDD) pmos4
1901_missing_MOSFET.net,MOSFET,MM0 (net1007 net1007 VSS VSS) nmos4
1902_missing_MOSFET.net,MOSFET,MM10 (net1004 net1007 VSS VSS) nmos4
1903_missing_Resistor.net,Resistor,RR0 (net1007 net010) resistor
1904_missing_Resistor.net,Resistor,RRF (VDD net1007) resistor
1905_missing_MOSFET.net,MOSFET,MM3 (VB1 VB1 VDD VDD) pmos4
1906_missing_Resistor.net,Resistor,RR0 (net15 VSS) resistor
1907_missing_MOSFET.net,MOSFET,MM4 (net16 net1005 VSS VSS) nmos4
1908_missing_MOSFET.net,MOSFET,MM1 (VOUT1 net1004 VDD VDD) pmos4
1909_missing_MOSFET.net,MOSFET,MM3 (VOUT1 VIN1 net16 VSS) nmos4
191_missing_MOSFET.net,MOSFET,M1 (net18 net18 VSS VSS) nmos4
1910_missing_MOSFET.net,MOSFET,MM0 (net1004 net1004 VDD VDD) pmos4
1911_missing_Resistor.net,Resistor,RRF (VDD net1007) resistor
1912_missing_MOSFET.net,MOSFET,MM10 (neta net1007 VSS VSS) nmos4
1913_missing_MOSFET.net,MOSFET,MM4 (net1004 net1005 VSS VSS) nmos4
1914_missing_MOSFET.net,MOSFET,MM3 (net1004 net1004 VDD VDD) pmos4
1915_missing_MOSFET.net,MOSFET,MM4 (net1004 net1005 VSS VSS) nmos4
1916_missing_MOSFET.net,MOSFET,MM4 (net1004 net1005 VSS VSS) nmos4
1917_missing_MOSFET.net,MOSFET,MM10 (neta net1007 VSS VSS) nmos4
1918_missing_MOSFET.net,MOSFET,MM1 (VOUT1 net1004 VDD VDD) pmos4
1919_missing_MOSFET.net,MOSFET,MM0 (net1007 net1007 VSS VSS) nmos4
192_missing_MOSFET.net,MOSFET,M2 (VOUT1 VB1 VDD VDD) pmos4
1920_missing_MOSFET.net,MOSFET,MM2 (net1004 net1004 VDD VDD) pmos4
1921_missing_MOSFET.net,MOSFET,MM3 (VOUT1 VIN1 net16 VSS) nmos4
1922_missing_MOSFET.net,MOSFET,MM0 (net010 VB1 VSS VSS) nmos4
1923_missing_MOSFET.net,MOSFET,MM0 (net1004 VIN2 net16 VSS) nmos4
1924_missing_MOSFET.net,MOSFET,MM4 (net16 net1005 VSS VSS) nmos4
1925_missing_MOSFET.net,MOSFET,MM1 (VOUT1 net1004 VDD VDD) pmos4
1926_missing_MOSFET.net,MOSFET,MM3 (net1004 net1004 VDD VDD) pmos4
1927_missing_MOSFET.net,MOSFET,MM2 (VB1 VB1 VSS VSS) nmos4
1928_missing_MOSFET.net,MOSFET,MM3 (net1004 net1004 VDD VDD) pmos4
1929_missing_MOSFET.net,MOSFET,MM0 (net1004 net1005 VSS VSS) nmos4
193_missing_Resistor.net,Resistor,R0 (VDD VOUT1) resistor
1930_missing_MOSFET.net,MOSFET,MM3 (net1004 net1004 VDD VDD) pmos4
1931_missing_MOSFET.net,MOSFET,MM0 (net010 VB1 VSS VSS) nmos4
1932_missing_MOSFET.net,MOSFET,MM3 (net1004 net1004 VDD VDD) pmos4
1933_missing_MOSFET.net,MOSFET,MM8 (net6 net6 VSS VSS) nmos4
1934_missing_MOSFET.net,MOSFET,MM1 (net1005 net1005 VSS VSS) nmos4
1935_missing_MOSFET.net,MOSFET,MM5 (net014 net014 VSS VSS) nmos4
1936_missing_Resistor.net,Resistor,RR0 (VDD net6) resistor
1937_missing_MOSFET.net,MOSFET,MM1 (net1005 net1005 VSS VSS) nmos4
1938_missing_MOSFET.net,MOSFET,MM3 (net1006 net1006 VDD VDD) pmos4
1939_missing_MOSFET.net,MOSFET,MM6 (net11 net18 net19 VDD) pmos4
194_missing_MOSFET.net,MOSFET,M1 (VB2 net1 VSS VSS) nmos4
1940_missing_MOSFET.net,MOSFET,MM5 (VOUT1 net18 net20 VDD) pmos4
1941_missing_MOSFET.net,MOSFET,MM2 (net1006 net1006 net6 VDD) pmos4
1942_missing_MOSFET.net,MOSFET,MM0 (net12 VB1 VSS VSS) nmos4
1943_missing_MOSFET.net,MOSFET,MM1 (net20 net11 VDD VDD) pmos4
1944_missing_MOSFET.net,MOSFET,MM1 (net20 net11 VDD VDD) pmos4
1945_missing_MOSFET.net,MOSFET,MM2 (net19 net11 VDD VDD) pmos4
1946_missing_MOSFET.net,MOSFET,MM0 (net11 VIN2 net13 VSS) nmos4
1947_missing_MOSFET.net,MOSFET,MM1 (net20 net11 VDD VDD) pmos4
1948_missing_MOSFET.net,MOSFET,MM2 (net19 net11 VDD VDD) pmos4
1949_missing_MOSFET.net,MOSFET,MM4 (net13 net1005 VSS VSS) nmos4
195_missing_MOSFET.net,MOSFET,M1 (VOUT1 VIN1 VDD VDD) pmos4
1950_missing_MOSFET.net,MOSFET,MM1 (net1005 VB1 VDD VDD) pmos4
1951_missing_MOSFET.net,MOSFET,MM1 (net1005 VB1 VDD VDD) pmos4
1952_missing_MOSFET.net,MOSFET,MM3 (VB2 VB2 VDD VDD) pmos4
1953_missing_MOSFET.net,MOSFET,MM2 (net1005 net1005 VSS VSS) nmos4
1954_missing_MOSFET.net,MOSFET,MM0 (VB1 VB1 VDD VDD) pmos4
1955_missing_MOSFET.net,MOSFET,MM1 (net1005 VB1 VDD VDD) pmos4
1956_missing_MOSFET.net,MOSFET,MM10 (VB1 net1007 VSS VSS) nmos4
1957_missing_MOSFET.net,MOSFET,MM3 (VOUT1 VIN1 net13 VSS) nmos4
1958_missing_MOSFET.net,MOSFET,MM1 (net1005 neta VDD VDD) pmos4
1959_missing_MOSFET.net,MOSFET,MM3 (VB1 VB1 VDD VDD) pmos4
1960_missing_Resistor.net,Resistor,RR0 (net1007 net010) resistor
1961_missing_MOSFET.net,MOSFET,MM0 (net1007 net1007 VSS VSS) nmos4
1962_missing_MOSFET.net,MOSFET,MM2 (net19 net11 VDD VDD) pmos4
1963_missing_MOSFET.net,MOSFET,MM2 (VB2 net1007 net15 VSS) nmos4
1964_missing_MOSFET.net,MOSFET,MM3 (VB2 VB2 VDD VDD) pmos4
1965_missing_MOSFET.net,MOSFET,MM6 (net11 net18 net19 VDD) pmos4
1966_missing_MOSFET.net,MOSFET,MM3 (VOUT1 VIN1 net13 VSS) nmos4
1967_missing_MOSFET.net,MOSFET,MM6 (net11 net18 net19 VDD) pmos4
1968_missing_MOSFET.net,MOSFET,MM10 (net1005 net1006 VDD VDD) pmos4
1969_missing_MOSFET.net,MOSFET,MM3 (VOUT1 VIN1 net13 VSS) nmos4
1970_missing_MOSFET.net,MOSFET,MM3 (VB1 VB1 VDD VDD) pmos4
1971_missing_MOSFET.net,MOSFET,MM2 (net19 net11 VDD VDD) pmos4
1972_missing_MOSFET.net,MOSFET,MM3 (VOUT1 VIN1 net13 VSS) nmos4
1973_missing_MOSFET.net,MOSFET,MM2 (net1006 VB2 net15 VSS) nmos4
1974_missing_MOSFET.net,MOSFET,MM0 (VB3 VB2 VSS VSS) nmos4
1975_missing_MOSFET.net,MOSFET,MM0 (net11 VIN2 net13 VSS) nmos4
1976_missing_MOSFET.net,MOSFET,MM3 (VB1 VB1 VDD VDD) pmos4
1977_missing_MOSFET.net,MOSFET,MM3 (VOUT1 VIN1 net13 VSS) nmos4
1978_missing_MOSFET.net,MOSFET,MM4 (net13 net1005 VSS VSS) nmos4
1979_missing_MOSFET.net,MOSFET,MM4 (net13 net1005 VSS VSS) nmos4
198_missing_Resistor.net,Resistor,R2 (VOUT1 net5) resistor
1980_missing_MOSFET.net,MOSFET,MM3 (VOUT1 VIN1 net13 VSS) nmos4
1981_missing_MOSFET.net,MOSFET,MM1 (VB2 net1006 VDD VDD) pmos4
1982_missing_MOSFET.net,MOSFET,MM8 (net6 net6 VSS VSS) nmos4
1983_missing_MOSFET.net,MOSFET,MM9 (net20 net13 VSS VSS) nmos4
1984_missing_MOSFET.net,MOSFET,MM0 (net1007 net1007 VSS VSS) nmos4
1985_missing_MOSFET.net,MOSFET,MM5 (net11 net1004 VDD VDD) pmos4
1986_missing_MOSFET.net,MOSFET,MM2 (VB2 net1007 VSS VSS) nmos4
1987_missing_MOSFET.net,MOSFET,MM0 (net1004 net1004 VDD VDD) pmos4
1988_missing_MOSFET.net,MOSFET,MM8 (net19 net13 VSS VSS) nmos4
1989_missing_MOSFET.net,MOSFET,MM8 (net19 net13 VSS VSS) nmos4
199_missing_MOSFET.net,MOSFET,M1 (VOUT1 VOUT1 VDD VDD) pmos4
1990_missing_MOSFET.net,MOSFET,MM6 (net13 VIN1 net11 net18) pmos4
1991_missing_MOSFET.net,MOSFET,MM0 (net13 net17 net19 VSS) nmos4
1992_missing_Resistor.net,Resistor,RR1 (net05 VSS) resistor
1993_missing_MOSFET.net,MOSFET,MM2 (net1007 net9 VDD VDD) pmos4
1994_missing_MOSFET.net,MOSFET,MM1 (VOUT1 net17 net20 VSS) nmos4
1995_missing_MOSFET.net,MOSFET,MM1 (VOUT1 net17 net20 VSS) nmos4
1996_missing_MOSFET.net,MOSFET,MM0 (net13 net17 net19 VSS) nmos4
1997_missing_MOSFET.net,MOSFET,MM4 (net1004 VB1 VSS VSS) nmos4
1998_missing_MOSFET.net,MOSFET,MM3 (VB2 VB2 VDD VDD) pmos4
1999_missing_MOSFET.net,MOSFET,MM3 (net1004 net1004 VDD VDD) pmos4
20_missing_Resistor.net,Resistor,R0 (VOUT1 VSS) resistor
200_missing_Resistor.net,Resistor,R0 (VDD VOUT1) resistor
2000_missing_MOSFET.net,MOSFET,MM0 (net13 net17 net19 VSS) nmos4
2001_missing_MOSFET.net,MOSFET,MM2 (VB1 VB1 VSS VSS) nmos4
2002_missing_MOSFET.net,MOSFET,MM0 (net13 net17 net19 VSS) nmos4
2003_missing_Resistor.net,Resistor,RRF (VDD net1007) resistor
2004_missing_MOSFET.net,MOSFET,MM0 (net1007 net1007 VSS VSS) nmos4
2005_missing_MOSFET.net,MOSFET,MM1 (net1007 VB1 VDD VDD) pmos4
2006_missing_MOSFET.net,MOSFET,MM8 (net19 net13 VSS VSS) nmos4
2007_missing_MOSFET.net,MOSFET,MM9 (net20 net13 VSS VSS) nmos4
2008_missing_Resistor.net,Resistor,RR0 (net1007 VSS) resistor
2009_missing_MOSFET.net,MOSFET,MM1 (VOUT1 net17 net20 VSS) nmos4
201_missing_Resistor.net,Resistor,R0 (VDD net03) resistor
2010_missing_MOSFET.net,MOSFET,MM2 (net1007 net1007 VSS VSS) nmos4
2011_missing_MOSFET.net,MOSFET,MM5 (net014 net014 VSS VSS) nmos4
2012_missing_MOSFET.net,MOSFET,MM0 (net13 net17 net19 VSS) nmos4
2013_missing_MOSFET.net,MOSFET,MM1 (VOUT1 net17 net20 VSS) nmos4
2014_missing_MOSFET.net,MOSFET,MM6 (net13 VIN1 net11 net18) pmos4
2015_missing_MOSFET.net,MOSFET,MM0 (net010 VB2 VSS VSS) nmos4
2016_missing_Resistor.net,Resistor,RR1 (net1006 VSS) resistor
2017_missing_MOSFET.net,MOSFET,MM2 (net1006 net1006 net6 VDD) pmos4
2018_missing_MOSFET.net,MOSFET,MM10 (VB1 net1006 VDD VDD) pmos4
2019_missing_MOSFET.net,MOSFET,MM0 (VB2 VB2 VSS VSS) nmos4
202_missing_Resistor.net,Resistor,R2 (VOUT1 net1) resistor
2020_missing_MOSFET.net,MOSFET,MM0 (net1004 VB1 VSS VSS) nmos4
2021_missing_MOSFET.net,MOSFET,MM8 (VB1 VB1 VSS VSS) nmos4
2022_missing_MOSFET.net,MOSFET,MM1 (VB1 VB1 VSS VSS) nmos4
2023_missing_MOSFET.net,MOSFET,MM2 (net1006 net12 VB2 VSS) nmos4
2024_missing_MOSFET.net,MOSFET,MM7 (VOUT1 VIN2 net11 net18) pmos4
2025_missing_MOSFET.net,MOSFET,MM6 (net13 VIN1 net11 net18) pmos4
2026_missing_MOSFET.net,MOSFET,MM9 (net20 net13 VSS VSS) nmos4
2027_missing_MOSFET.net,MOSFET,MM3 (net1004 net1004 VDD VDD) pmos4
2028_missing_MOSFET.net,MOSFET,MM9 (net20 net13 VSS VSS) nmos4
2029_missing_MOSFET.net,MOSFET,MM2 (VB1 net1004 VDD VDD) pmos4
203_missing_MOSFET.net,MOSFET,M0 (VOUT1 VIN1 VDD VDD) pmos4
2030_missing_MOSFET.net,MOSFET,MM3 (net011 VIN1 net16 VSS) nmos4
2031_missing_MOSFET.net,MOSFET,MM0 (net07 VIN2 net16 VSS) nmos4
2032_missing_MOSFET.net,MOSFET,MM2 (net07 net07 VDD VDD) pmos4
2033_missing_Resistor.net,Resistor,RR1 (net1006 VSS) resistor
2034_missing_Resistor.net,Resistor,RR0 (VB1 VSS) resistor
2035_missing_MOSFET.net,MOSFET,MM8 (net1005 net1005 VSS VSS) nmos4
2036_missing_MOSFET.net,MOSFET,MM6 (VOUT1 net1005 VSS VSS) nmos4
2037_missing_MOSFET.net,MOSFET,MM6 (VOUT1 net1005 VSS VSS) nmos4
2038_missing_MOSFET.net,MOSFET,MM0 (VB2 VB1 VSS VSS) nmos4
2039_missing_MOSFET.net,MOSFET,MM0 (net07 VIN2 net16 VSS) nmos4
204_missing_MOSFET.net,MOSFET,M0 (VOUT1 net07 VDD VDD) pmos4
2040_missing_MOSFET.net,MOSFET,MM10 (VB1 net1007 VSS VSS) nmos4
2041_missing_MOSFET.net,MOSFET,MM1 (net1007 VB2 VDD VDD) pmos4
2042_missing_MOSFET.net,MOSFET,MM2 (net1005 net1005 VSS VSS) nmos4
2043_missing_Resistor.net,Resistor,RRF (VDD net1007) resistor
2044_missing_MOSFET.net,MOSFET,MM1 (net12 VB2 VDD VDD) pmos4
2045_missing_MOSFET.net,MOSFET,MM5 (VOUT1 net011 VDD VDD) pmos4
2046_missing_MOSFET.net,MOSFET,MM5 (VOUT1 net011 VDD VDD) pmos4
2047_missing_MOSFET.net,MOSFET,MM0 (net1007 net1007 VSS VSS) nmos4
2048_missing_MOSFET.net,MOSFET,MM6 (VOUT1 net1005 VSS VSS) nmos4
2049_missing_MOSFET.net,MOSFET,MM10 (neta net1007 VSS VSS) nmos4
205_missing_Resistor.net,Resistor,R0 (VDD VOUT1) resistor
2050_missing_MOSFET.net,MOSFET,MM2 (net1005 net1005 VSS VSS) nmos4
2051_missing_MOSFET.net,MOSFET,MM6 (VOUT1 net1005 VSS VSS) nmos4
2052_missing_MOSFET.net,MOSFET,MM0 (neta neta VDD VDD) pmos4
2053_missing_MOSFET.net,MOSFET,MM6 (VOUT1 net1005 VSS VSS) nmos4
2054_missing_MOSFET.net,MOSFET,MM0 (net12 net1007 VSS VSS) nmos4
2055_missing_MOSFET.net,MOSFET,MM2 (VB2 net1007 net15 VSS) nmos4
2056_missing_MOSFET.net,MOSFET,MM3 (VB1 VB1 VDD VDD) pmos4
2057_missing_Capacitor.net,Capacitor,CC0 (VOUT1 net011) capacitor
2058_missing_MOSFET.net,MOSFET,MM3 (net1006 net1006 VDD VDD) pmos4
2059_missing_Resistor.net,Resistor,RR0 (VB2 net010) resistor
206_missing_Resistor.net,Resistor,R0 (net03 VB1) resistor
2060_missing_MOSFET.net,MOSFET,MM8 (net1005 net1005 VSS VSS) nmos4
2061_missing_MOSFET.net,MOSFET,MM0 (VB1 net1005 VSS VSS) nmos4
2062_missing_MOSFET.net,MOSFET,MM1 (net011 net07 VDD VDD) pmos4
2063_missing_MOSFET.net,MOSFET,MM3 (net1006 net1006 VDD VDD) pmos4
2064_missing_MOSFET.net,MOSFET,MM3 (net1006 net1006 VDD VDD) pmos4
2065_missing_MOSFET.net,MOSFET,MM3 (net011 VIN1 net16 VSS) nmos4
2066_missing_MOSFET.net,MOSFET,MM5 (VOUT1 net011 VDD VDD) pmos4
2067_missing_MOSFET.net,MOSFET,MM4 (net16 net1005 VSS VSS) nmos4
2068_missing_Resistor.net,Resistor,RR1 (net1006 VSS) resistor
2069_missing_MOSFET.net,MOSFET,MM10 (net6 net1006 VDD VDD) pmos4
207_missing_MOSFET.net,MOSFET,M1 (VOUT1 VB1 VIN1 VSS) nmos4
2070_missing_MOSFET.net,MOSFET,MM2 (net1005 VB1 VDD VDD) pmos4
2071_missing_MOSFET.net,MOSFET,MM4 (net16 net1005 VSS VSS) nmos4
2072_missing_MOSFET.net,MOSFET,MM10 (net38 VIN2 net33 net39) pmos4
2073_missing_MOSFET.net,MOSFET,MM2 (net1007 net10 VDD VDD) pmos4
2074_missing_MOSFET.net,MOSFET,MM1 (VB1 net1004 VDD VDD) pmos4
2075_missing_MOSFET.net,MOSFET,MM2 (VB1 VB1 VSS VSS) nmos4
2076_missing_MOSFET.net,MOSFET,MM7 (net35 VIN1 net33 net39) pmos4
2077_missing_MOSFET.net,MOSFET,MM0 (net1004 net1004 VDD VDD) pmos4
2078_missing_MOSFET.net,MOSFET,MM12 (VOUT1 net1004 VDD VDD) pmos4
2079_missing_MOSFET.net,MOSFET,MM1 (VB1 net1004 VDD VDD) pmos4
208_missing_MOSFET.net,MOSFET,M1 (VOUT1 VIN1 VSS VSS) nmos4
2080_missing_MOSFET.net,MOSFET,MM1 (net7 net1007 VSS VSS) nmos4
2081_missing_Resistor.net,Resistor,RRF (VDD net1007) resistor
2082_missing_MOSFET.net,MOSFET,MM10 (net38 VIN2 net33 net39) pmos4
2083_missing_Capacitor.net,Capacitor,CC2 (VOUT1 net38) capacitor
2084_missing_MOSFET.net,MOSFET,MM9 (net38 net35 VSS VSS) nmos4
2085_missing_MOSFET.net,MOSFET,MM3 (VB2 VB2 VDD VDD) pmos4
2086_missing_MOSFET.net,MOSFET,MM10 (net38 VIN2 net33 net39) pmos4
2087_missing_Resistor.net,Resistor,RR0 (net1007 VSS) resistor
2088_missing_MOSFET.net,MOSFET,MM11 (net33 net1004 VDD VDD) pmos4
2089_missing_MOSFET.net,MOSFET,MM8 (net35 net35 VSS VSS) nmos4
209_missing_Resistor.net,Resistor,R2 (VSS net04) resistor
2090_missing_MOSFET.net,MOSFET,MM4 (net1004 VB1 VSS VSS) nmos4
2091_missing_MOSFET.net,MOSFET,MM3 (net1004 net1004 VDD VDD) pmos4
2092_missing_MOSFET.net,MOSFET,MM10 (net38 VIN2 net33 net39) pmos4
2093_missing_MOSFET.net,MOSFET,MM1 (net1007 VB1 VDD VDD) pmos4
2094_missing_MOSFET.net,MOSFET,MM12 (VOUT1 net1004 VDD VDD) pmos4
2095_missing_MOSFET.net,MOSFET,MM13 (VOUT1 net38 VSS VSS) nmos4
2096_missing_MOSFET.net,MOSFET,MM3 (net1004 net1004 VDD VDD) pmos4
2097_missing_MOSFET.net,MOSFET,MM3 (VB1 VB1 VDD VDD) pmos4
2098_missing_MOSFET.net,MOSFET,MM4 (net010 VB1 VDD VDD) pmos4
2099_missing_MOSFET.net,MOSFET,MM3 (VB1 VB1 VDD VDD) pmos4
210_missing_Resistor.net,Resistor,R2 (VSS VIN1) resistor
2100_missing_MOSFET.net,MOSFET,MM0 (net1007 net1007 VSS VSS) nmos4
2101_missing_MOSFET.net,MOSFET,MM13 (VOUT1 net38 VSS VSS) nmos4
2102_missing_MOSFET.net,MOSFET,MM1 (VB2 net1006 VDD VDD) pmos4
2103_missing_MOSFET.net,MOSFET,MM1 (VB2 net1006 VDD VDD) pmos4
2104_missing_Resistor.net,Resistor,RR1 (net1006 VSS) resistor
2105_missing_MOSFET.net,MOSFET,MM13 (VOUT1 net38 VSS VSS) nmos4
2106_missing_MOSFET.net,MOSFET,MM3 (net1006 net1006 VDD VDD) pmos4
2107_missing_MOSFET.net,MOSFET,MM0 (net1004 VB1 VSS VSS) nmos4
2108_missing_MOSFET.net,MOSFET,MM3 (net1004 net1004 VDD VDD) pmos4
2109_missing_MOSFET.net,MOSFET,MM13 (VOUT1 net38 VSS VSS) nmos4
211_missing_Resistor.net,Resistor,R2 (VSS VIN1) resistor
2110_missing_MOSFET.net,MOSFET,MM0 (net1004 net6 VSS VSS) nmos4
2111_missing_MOSFET.net,MOSFET,MM1 (VB1 VB1 VSS VSS) nmos4
2112_missing_MOSFET.net,MOSFET,MM2 (VB1 net1004 VDD VDD) pmos4
2113_missing_MOSFET.net,MOSFET,MM10 (net38 VIN2 net33 net39) pmos4
2114_missing_MOSFET.net,MOSFET,MM7 (net35 VIN1 net33 net39) pmos4
2115_missing_MOSFET.net,MOSFET,MM10 (net6 net1006 VDD VDD) pmos4
2116_missing_MOSFET.net,MOSFET,MM3 (net9 net9 VDD VDD) pmos4
2117_missing_MOSFET.net,MOSFET,MM2 (VB1 VB1 VSS VSS) nmos4
2118_missing_MOSFET.net,MOSFET,MM0 (net1007 net1007 VSS VSS) nmos4
2119_missing_MOSFET.net,MOSFET,MM2 (VB2 net1007 VSS VSS) nmos4
2120_missing_MOSFET.net,MOSFET,MM8 (net12 net12 VSS VSS) nmos4
2121_missing_MOSFET.net,MOSFET,MM2 (VB1 VB1 VSS VSS) nmos4
2122_missing_MOSFET.net,MOSFET,MM6 (net12 VIN1 net10 net14) pmos4
2123_missing_MOSFET.net,MOSFET,MM9 (VOUT1 net12 VSS VSS) nmos4
2124_missing_MOSFET.net,MOSFET,MM0 (net1007 net1007 VSS VSS) nmos4
2125_missing_MOSFET.net,MOSFET,MM10 (net1004 net1007 VSS VSS) nmos4
2126_missing_MOSFET.net,MOSFET,MM0 (net1007 net1007 net05 VSS) nmos4
2127_missing_MOSFET.net,MOSFET,MM9 (VOUT1 net12 VSS VSS) nmos4
2128_missing_Resistor.net,Resistor,RR0 (VDD net10) resistor
2129_missing_MOSFET.net,MOSFET,MM7 (VOUT1 VIN2 net10 net14) pmos4
213_missing_MOSFET.net,MOSFET,M2 (VDD VIN1 VOUT1 VSS) nmos4
2130_missing_MOSFET.net,MOSFET,MM1 (VB1 neta VDD VDD) pmos4
2131_missing_MOSFET.net,MOSFET,MM2 (VB1 VB1 VSS VSS) nmos4
2132_missing_MOSFET.net,MOSFET,MM1 (VB1 neta VDD VDD) pmos4
2133_missing_Resistor.net,Resistor,RR0 (net15 VSS) resistor
2134_missing_MOSFET.net,MOSFET,MM0 (neta neta VDD VDD) pmos4
2135_missing_Resistor.net,Resistor,RR0 (VDD net7) resistor
2136_missing_MOSFET.net,MOSFET,MM7 (VOUT1 VIN2 net10 net14) pmos4
2137_missing_MOSFET.net,MOSFET,MM7 (VOUT1 VIN2 net10 net14) pmos4
2138_missing_MOSFET.net,MOSFET,MM7 (VOUT1 VIN2 net10 net14) pmos4
2139_missing_MOSFET.net,MOSFET,MM9 (VOUT1 net12 VSS VSS) nmos4
214_missing_MOSFET.net,MOSFET,M1 (VDD VIN1 VOUT1 VSS) nmos4
2140_missing_MOSFET.net,MOSFET,MM1 (net1007 VB1 VDD VDD) pmos4
2141_missing_MOSFET.net,MOSFET,MM9 (VOUT1 net12 VSS VSS) nmos4
2142_missing_MOSFET.net,MOSFET,MM2 (VB1 net12 net1007 VSS) nmos4
2143_missing_MOSFET.net,MOSFET,MM8 (net12 net12 VSS VSS) nmos4
2144_missing_MOSFET.net,MOSFET,MM8 (net025 net010 net023 VSS) nmos4
2145_missing_MOSFET.net,MOSFET,MM5 (net10 net1004 VDD VDD) pmos4
2146_missing_MOSFET.net,MOSFET,MM6 (net12 VIN1 net10 net14) pmos4
2147_missing_MOSFET.net,MOSFET,MM0 (net1007 net1007 net05 VSS) nmos4
2148_missing_MOSFET.net,MOSFET,MM7 (VOUT1 VIN2 net10 net14) pmos4
2149_missing_MOSFET.net,MOSFET,MM9 (VOUT1 net12 VSS VSS) nmos4
215_missing_MOSFET.net,MOSFET,M8 (VOUT2 VOUT1 VDD VDD) pmos4
2150_missing_MOSFET.net,MOSFET,MM2 (net1006 net1006 VDD VDD) pmos4
2151_missing_MOSFET.net,MOSFET,MM9 (VOUT1 net12 VSS VSS) nmos4
2152_missing_MOSFET.net,MOSFET,MM3 (net1006 net1006 VDD VDD) pmos4
2153_missing_MOSFET.net,MOSFET,MM7 (VOUT1 VIN2 net10 net14) pmos4
2154_missing_MOSFET.net,MOSFET,MM0 (net1004 VB1 VSS VSS) nmos4
2155_missing_MOSFET.net,MOSFET,MM5 (net014 net014 VSS VSS) nmos4
2156_missing_MOSFET.net,MOSFET,MM6 (net12 VIN1 net10 net14) pmos4
2157_missing_MOSFET.net,MOSFET,MM7 (VOUT1 VIN2 net10 net14) pmos4
2158_missing_MOSFET.net,MOSFET,MM1 (VB2 net1006 VDD VDD) pmos4
2159_missing_MOSFET.net,MOSFET,MM6 (net12 VIN1 net10 net14) pmos4
2160_missing_MOSFET.net,MOSFET,MM2 (net1006 net1006 VDD VDD) pmos4
2161_missing_MOSFET.net,MOSFET,MM3 (net1004 net1004 VDD VDD) pmos4
2162_missing_MOSFET.net,MOSFET,MM1 (net12 net1006 VDD VDD) pmos4
2163_missing_MOSFET.net,MOSFET,MM2 (net1006 VB2 net15 VSS) nmos4
2164_missing_MOSFET.net,MOSFET,MM5 (net10 net1004 VDD VDD) pmos4
2165_missing_MOSFET.net,MOSFET,MM2 (net1007 net9 VDD VDD) pmos4
2166_missing_Resistor.net,Resistor,RRF (VDD net1007) resistor
2167_missing_MOSFET.net,MOSFET,MM1 (net014 net13 VDD VDD) pmos4
2168_missing_Resistor.net,Resistor,RR0 (net1007 net010) resistor
2169_missing_MOSFET.net,MOSFET,MM6 (net13 net1002 net016 VDD) pmos4
217_missing_Resistor.net,Resistor,R0 (VSS net04) resistor
2170_missing_MOSFET.net,MOSFET,MM0 (net1002 net1007 VSS VSS) nmos4
2171_missing_MOSFET.net,MOSFET,MM3 (VB2 VB2 VDD VDD) pmos4
2172_missing_MOSFET.net,MOSFET,MM2 (net1007 net1007 VSS VSS) nmos4
2173_missing_MOSFET.net,MOSFET,MM1 (net1007 VB3 VDD VDD) pmos4
2174_missing_MOSFET.net,MOSFET,MM1 (net014 net13 VDD VDD) pmos4
2175_missing_Resistor.net,Resistor,RR1 (net05 VSS) resistor
2176_missing_MOSFET.net,MOSFET,MM4 (net11 VB1 VSS VSS) nmos4
2177_missing_MOSFET.net,MOSFET,MM1 (net10 net1007 VSS VSS) nmos4
2178_missing_MOSFET.net,MOSFET,MM3 (VB2 VB2 VDD VDD) pmos4
2179_missing_MOSFET.net,MOSFET,MM0 (net13 VIN2 net11 VSS) nmos4
218_missing_Capacitor.net,Capacitor,C0 (VOUT1 VSS) capacitor
2180_missing_MOSFET.net,MOSFET,MM3 (net8 net1002 VDD VDD) pmos4
2181_missing_Resistor.net,Resistor,R1 (net7 VSS) resistor
2182_missing_MOSFET.net,MOSFET,MM14 (net10 net1003 net33 VSS) nmos4
2183_missing_MOSFET.net,MOSFET,MM10 (net10 VB1 net35 VDD) pmos4
2184_missing_MOSFET.net,MOSFET,MM13 (net9 net1003 VSS VSS) nmos4
2185_missing_Resistor.net,Resistor,R1 (net7 VSS) resistor
2186_missing_MOSFET.net,MOSFET,MM4 (net17 VB2 VSS VSS) nmos4
2187_missing_MOSFET.net,MOSFET,MM7 (net010 net010 net025 VSS) nmos4
2188_missing_MOSFET.net,MOSFET,MM0 (VB3 VB3 VSS VSS) nmos4
2189_missing_MOSFET.net,MOSFET,M0 (VIN1 net10 VOUT1 VOUT1) nmos4
219_missing_Resistor.net,Resistor,R1 (net04 VDD) resistor
2190_missing_MOSFET.net,MOSFET,MM3 (net1006 net1006 VDD VDD) pmos4
2191_missing_Resistor.net,Resistor,R2 (net11 VSS) resistor
2192_missing_Resistor.net,Resistor,R0 (VOUT1 net7) resistor
2193_missing_MOSFET.net,MOSFET,MM5 (net14 VB2 VDD VDD) pmos4
2194_missing_MOSFET.net,MOSFET,MM13 (net024 net012 VDD VDD) pmos4
2195_missing_MOSFET.net,MOSFET,MM8 (net16 net1003 net26 VSS) nmos4
2196_missing_MOSFET.net,MOSFET,MM7 (net010 net010 net025 VSS) nmos4
2197_missing_MOSFET.net,MOSFET,MM13 (net9 net1003 VSS VSS) nmos4
2198_missing_MOSFET.net,MOSFET,MM9 (net11 net1003 net33 VSS) nmos4
2199_missing_MOSFET.net,MOSFET,MM1 (VB3 net1006 VDD VDD) pmos4
22_missing_MOSFET.net,MOSFET,M1 (VSS VIN1 VOUT1 VOUT1) pmos4
220_missing_Resistor.net,Resistor,R1 (VOUT2 VDD) resistor
2200_missing_MOSFET.net,MOSFET,MM7 (net10 net1003 net21 VSS) nmos4
2201_missing_MOSFET.net,MOSFET,MM0 (net26 net7 net10 VSS) nmos4
2202_missing_Capacitor.net,Capacitor,C0 (VOUT1 net11) capacitor
2203_missing_MOSFET.net,MOSFET,MM3 (net1006 net1006 VDD VDD) pmos4
2204_missing_MOSFET.net,MOSFET,MM1 (net32 VB1 VDD VDD) pmos4
2205_missing_MOSFET.net,MOSFET,MM7 (net010 net010 net025 VSS) nmos4
2206_missing_MOSFET.net,MOSFET,MM7 (net10 net1003 net21 VSS) nmos4
2207_missing_MOSFET.net,MOSFET,MM2 (net1006 VB4 VB3 VSS) nmos4
2208_missing_MOSFET.net,MOSFET,MM0 (VB4 VB4 VSS VSS) nmos4
2209_missing_MOSFET.net,MOSFET,MM7 (net10 net1003 net21 VSS) nmos4
221_missing_MOSFET.net,MOSFET,M9 (VOUT1 VIN1 net04 VSS) nmos4
2210_missing_MOSFET.net,MOSFET,MM14 (net1003 net1006 VDD VDD) pmos4
2211_missing_MOSFET.net,MOSFET,MM9 (net21 net12 VSS VSS) nmos4
2212_missing_MOSFET.net,MOSFET,MM5 (net10 VB3 net32 VDD) pmos4
2213_missing_MOSFET.net,MOSFET,MM6 (net12 VB3 net26 VDD) pmos4
2214_missing_MOSFET.net,MOSFET,MM2 (VB4 VB4 VSS VSS) nmos4
2215_missing_MOSFET.net,MOSFET,MM0 (VB4 VB4 VSS VSS) nmos4
2216_missing_MOSFET.net,MOSFET,MM14 (net1003 net1006 VDD VDD) pmos4
2217_missing_MOSFET.net,MOSFET,MM4 (net28 net7 net12 net22) pmos4
2218_missing_Resistor.net,Resistor,R2 (net11 VSS) resistor
2219_missing_MOSFET.net,MOSFET,M0 (VIN1 net10 VOUT1 VOUT1) nmos4
222_missing_Resistor.net,Resistor,R1 (VOUT1 VDD) resistor
2220_missing_MOSFET.net,MOSFET,MM10 (net29 net1001 VSS VSS) nmos4
2221_missing_MOSFET.net,MOSFET,MM1 (net12 net1006 VDD VDD) pmos4
2222_missing_MOSFET.net,MOSFET,MM3 (net29 VREF1 net12 net22) pmos4
2223_missing_MOSFET.net,MOSFET,MM7 (net10 net1003 net28 VSS) nmos4
2224_missing_MOSFET.net,MOSFET,MM0 (net12 VB1 VDD VDD) pmos4
2225_missing_MOSFET.net,MOSFET,MM0 (VB4 VB3 VSS VSS) nmos4
2226_missing_MOSFET.net,MOSFET,M0 (VIN1 net10 VOUT1 VOUT1) nmos4
2227_missing_MOSFET.net,MOSFET,M0 (VIN1 net10 VOUT1 VOUT1) nmos4
2228_missing_MOSFET.net,MOSFET,MM5 (net10 VB3 net24 VDD) pmos4
2229_missing_Resistor.net,Resistor,RR1 (net1006 VSS) resistor
223_missing_Resistor.net,Resistor,R1 (net2 VDD) resistor
2230_missing_MOSFET.net,MOSFET,MM4 (net28 net7 net12 net22) pmos4
2231_missing_MOSFET.net,MOSFET,MM3 (net1006 net1006 VDD VDD) pmos4
2232_missing_MOSFET.net,MOSFET,MM11 (net023 net024 VB4 VSS) nmos4
2233_missing_Resistor.net,Resistor,R0 (VOUT1 net7) resistor
2234_missing_MOSFET.net,MOSFET,MM14 (net1003 net1006 VDD VDD) pmos4
2235_missing_MOSFET.net,MOSFET,MM10 (net1005 net1006 VDD VDD) pmos4
2236_missing_MOSFET.net,MOSFET,M0 (VIN1 net10 VOUT1 VOUT1) nmos4
2237_missing_MOSFET.net,MOSFET,MM8 (net1005 net1005 VSS VSS) nmos4
2238_missing_MOSFET.net,MOSFET,MM1 (net20 net20 VDD VDD) pmos4
2239_missing_MOSFET.net,MOSFET,MM6 (net9 net11 VDD VDD) pmos4
224_missing_Resistor.net,Resistor,R3 (net3 net6) resistor
2240_missing_Resistor.net,Resistor,RR0 (net15 VSS) resistor
2241_missing_MOSFET.net,MOSFET,MM1 (net1006 net1006 VDD VDD) pmos4
2242_missing_MOSFET.net,MOSFET,MM2 (net11 net11 VDD VDD) pmos4
2243_missing_MOSFET.net,MOSFET,MM3 (net1006 net1006 VDD VDD) pmos4
2244_missing_MOSFET.net,MOSFET,MM0 (net11 net7 net16 VSS) nmos4
2245_missing_MOSFET.net,MOSFET,MM0 (net1007 net1007 VSS VSS) nmos4
2246_missing_MOSFET.net,MOSFET,MM0 (net1007 net1007 VSS VSS) nmos4
2247_missing_MOSFET.net,MOSFET,MM5 (net10 net20 VDD VDD) pmos4
2248_missing_MOSFET.net,MOSFET,MM6 (net9 net11 VDD VDD) pmos4
2249_missing_MOSFET.net,MOSFET,MM4 (net16 net1005 VSS VSS) nmos4
2250_missing_MOSFET.net,MOSFET,MM0 (net1007 net1007 VSS VSS) nmos4
2251_missing_MOSFET.net,MOSFET,MM10 (VB1 net1007 VSS VSS) nmos4
2252_missing_Resistor.net,Resistor,R1 (net7 VSS) resistor
2253_missing_MOSFET.net,MOSFET,MM8 (net9 net9 VSS VSS) nmos4
2254_missing_MOSFET.net,MOSFET,MM0 (net1007 net1007 net05 VSS) nmos4
2255_missing_Resistor.net,Resistor,R1 (net7 VSS) resistor
2256_missing_MOSFET.net,MOSFET,MM8 (net9 net9 VSS VSS) nmos4
2257_missing_MOSFET.net,MOSFET,MM2 (net11 net11 VDD VDD) pmos4
2258_missing_MOSFET.net,MOSFET,MM3 (net20 VREF1 net16 VSS) nmos4
2259_missing_Capacitor.net,Capacitor,C0 (VOUT1 net11) capacitor
226_missing_MOSFET.net,MOSFET,M2 (VOUT1 net04 VSS VSS) nmos4
2260_missing_MOSFET.net,MOSFET,MM0 (net12 net1007 VSS VSS) nmos4
2261_missing_Capacitor.net,Capacitor,C0 (VOUT1 net11) capacitor
2262_missing_MOSFET.net,MOSFET,MM10 (neta net1007 VSS VSS) nmos4
2263_missing_Resistor.net,Resistor,R0 (VOUT1 net7) resistor
2264_missing_MOSFET.net,MOSFET,MM7 (net10 net9 VSS VSS) nmos4
2265_missing_MOSFET.net,MOSFET,MM1 (net1005 neta VDD VDD) pmos4
2266_missing_MOSFET.net,MOSFET,MM3 (VB1 VB1 VDD VDD) pmos4
2267_missing_Resistor.net,Resistor,RR0 (VB2 net010) resistor
2268_missing_Resistor.net,Resistor,RR1 (net1006 VSS) resistor
2269_missing_MOSFET.net,MOSFET,MM3 (VB1 VB1 VDD VDD) pmos4
227_missing_Capacitor.net,Capacitor,C0 (net04 VOUT1) capacitor
2270_missing_MOSFET.net,MOSFET,MM3 (net20 VREF1 net16 VSS) nmos4
2271_missing_MOSFET.net,MOSFET,MM6 (net35 net12 VDD VDD) pmos4
2272_missing_MOSFET.net,MOSFET,MM5 (net34 net23 VDD VDD) pmos4
2273_missing_MOSFET.net,MOSFET,MM11 (net23 VB1 net36 VDD) pmos4
2274_missing_MOSFET.net,MOSFET,MM15 (net1003 net1003 net9 VSS) nmos4
2275_missing_Capacitor.net,Capacitor,C0 (VOUT1 net44) capacitor
2276_missing_MOSFET.net,MOSFET,M4 (net24 net24 VDD VDD) pmos4
2277_missing_MOSFET.net,MOSFET,M2 (net16 net14 net17 VDD) pmos4
2278_missing_MOSFET.net,MOSFET,M9 (VSS IB1 net30 VSS) pmos4
2279_missing_MOSFET.net,MOSFET,MM3 (net1006 net1006 VDD VDD) pmos4
2280_missing_MOSFET.net,MOSFET,MM1 (net14 net1003 net29 VSS) nmos4
2281_missing_MOSFET.net,MOSFET,MM0 (net012 net1003 net32 VSS) nmos4
2282_missing_MOSFET.net,MOSFET,M0 (VIN1 net30 VOUT1 VOUT1) nmos4
2283_missing_Resistor.net,Resistor,R2 (net44 VSS) resistor
2284_missing_MOSFET.net,MOSFET,MM13 (net024 net012 VDD VDD) pmos4
2285_missing_MOSFET.net,MOSFET,MM11 (net32 net16 VSS VSS) nmos4
2286_missing_Capacitor.net,Capacitor,C0 (VOUT1 net44) capacitor
2287_missing_MOSFET.net,MOSFET,MM1 (net14 net1003 net29 VSS) nmos4
2288_missing_MOSFET.net,MOSFET,MM11 (net32 net16 VSS VSS) nmos4
2289_missing_MOSFET.net,MOSFET,MM9 (net21 net12 VSS VSS) nmos4
229_missing_Resistor.net,Resistor,R1 (VOUT1 VDD) resistor
2290_missing_MOSFET.net,MOSFET,MM3 (net1006 net1006 VDD VDD) pmos4
2291_missing_MOSFET.net,MOSFET,MM10 (net27 net12 VSS VSS) nmos4
2292_missing_MOSFET.net,MOSFET,M6 (net24 net14 IB1 IB1) nmos4
2293_missing_MOSFET.net,MOSFET,MM13 (net1001 net1001 VSS VSS) nmos4
2294_missing_MOSFET.net,MOSFET,MM1 (VB3 net1006 VDD VDD) pmos4
2295_missing_MOSFET.net,MOSFET,MM7 (net010 net010 net025 VSS) nmos4
2296_missing_MOSFET.net,MOSFET,M7 (net30 net16 VSS VSS) nmos4
2297_missing_MOSFET.net,MOSFET,MM4 (net10 net1001 VSS VSS) nmos4
2298_missing_MOSFET.net,MOSFET,M5 (VDD net17 net30 VSS) nmos4
2299_missing_MOSFET.net,MOSFET,MM13 (net9 net1003 VSS VSS) nmos4
230_missing_MOSFET.net,MOSFET,M0 (VIN1 net06 VSS VSS) nmos4
2300_missing_MOSFET.net,MOSFET,MM9 (net21 net12 VSS VSS) nmos4
2301_missing_MOSFET.net,MOSFET,M1 (net17 VB4 VDD VDD) pmos4
2302_missing_Capacitor.net,Capacitor,C0 (VOUT1 net44) capacitor
2303_missing_MOSFET.net,MOSFET,M7 (net30 net16 VSS VSS) nmos4
2304_missing_MOSFET.net,MOSFET,MM10 (net024 net1006 VDD VDD) pmos4
2305_missing_MOSFET.net,MOSFET,MM1 (VB4 net1006 VDD VDD) pmos4
2306_missing_MOSFET.net,MOSFET,MM0 (net26 net38 net10 VSS) nmos4
2307_missing_MOSFET.net,MOSFET,MM9 (net28 net1001 VSS VSS) nmos4
2308_missing_MOSFET.net,MOSFET,M3 (net16 net16 VSS VSS) nmos4
2309_missing_MOSFET.net,MOSFET,M1 (net17 VB3 VDD VDD) pmos4
231_missing_Capacitor.net,Capacitor,C2 (net08 VSS) capacitor
2310_missing_MOSFET.net,MOSFET,MM10 (net29 net1001 VSS VSS) nmos4
2311_missing_MOSFET.net,MOSFET,MM0 (net12 VB1 VDD VDD) pmos4
2312_missing_Resistor.net,Resistor,R2 (net44 VSS) resistor
2313_missing_Resistor.net,Resistor,R0 (VOUT1 net38) resistor
2314_missing_Resistor.net,Resistor,R2 (net44 VSS) resistor
2315_missing_MOSFET.net,MOSFET,M1 (net17 VB5 VDD VDD) pmos4
2316_missing_MOSFET.net,MOSFET,M0 (VIN1 net30 VOUT1 VOUT1) nmos4
2317_missing_MOSFET.net,MOSFET,MM4 (net28 net38 net12 net22) pmos4
2318_missing_MOSFET.net,MOSFET,M4 (net24 net24 VDD VDD) pmos4
2319_missing_MOSFET.net,MOSFET,M0 (VIN1 net30 VOUT1 VOUT1) nmos4
232_missing_Capacitor.net,Capacitor,C2 (VOUT1 net06) capacitor
2320_missing_MOSFET.net,MOSFET,M5 (VDD net17 net30 VSS) nmos4
2321_missing_MOSFET.net,MOSFET,M5 (VDD net17 net30 VSS) nmos4
2322_missing_MOSFET.net,MOSFET,MM9 (net024 net024 net023 VSS) nmos4
2323_missing_MOSFET.net,MOSFET,MM4 (net28 net38 net12 net22) pmos4
2324_missing_MOSFET.net,MOSFET,M1 (net17 VB6 VDD VDD) pmos4
2325_missing_MOSFET.net,MOSFET,MM3 (net1006 net1006 VDD VDD) pmos4
2326_missing_MOSFET.net,MOSFET,M8 (net30 net24 VDD VDD) pmos4
2327_missing_MOSFET.net,MOSFET,M0 (VIN1 net30 VOUT1 VOUT1) nmos4
2328_missing_MOSFET.net,MOSFET,M6 (net24 net14 IB1 IB1) nmos4
2329_missing_MOSFET.net,MOSFET,M3 (net16 net16 VSS VSS) nmos4
2330_missing_MOSFET.net,MOSFET,MM5 (net14 net20 VDD VDD) pmos4
2331_missing_Capacitor.net,Capacitor,C0 (VOUT1 net44) capacitor
2332_missing_MOSFET.net,MOSFET,M1 (net17 VB2 VDD VDD) pmos4
2333_missing_MOSFET.net,MOSFET,M0 (VIN1 net30 VOUT1 VOUT1) nmos4
2334_missing_MOSFET.net,MOSFET,MM1 (net20 net20 VDD VDD) pmos4
2335_missing_MOSFET.net,MOSFET,M9 (VSS IB1 net30 VSS) pmos4
2336_missing_MOSFET.net,MOSFET,MM3 (net20 VREF1 net16 VSS) nmos4
2337_missing_MOSFET.net,MOSFET,MM0 (VB1 VB1 VDD VDD) pmos4
2338_missing_MOSFET.net,MOSFET,M6 (net24 net14 IB1 IB1) nmos4
2339_missing_Resistor.net,Resistor,R0 (VOUT1 net38) resistor
2340_missing_MOSFET.net,MOSFET,M3 (net16 net16 VSS VSS) nmos4
2341_missing_MOSFET.net,MOSFET,MM1 (net20 net20 VDD VDD) pmos4
2342_missing_MOSFET.net,MOSFET,MM10 (VB1 net1007 VSS VSS) nmos4
2343_missing_MOSFET.net,MOSFET,MM0 (net1007 net1007 VSS VSS) nmos4
2344_missing_MOSFET.net,MOSFET,M0 (VIN1 net30 VOUT1 VOUT1) nmos4
2345_missing_Capacitor.net,Capacitor,C0 (VOUT1 net44) capacitor
2346_missing_MOSFET.net,MOSFET,MM6 (net9 net11 VDD VDD) pmos4
2347_missing_MOSFET.net,MOSFET,MM1 (net20 net20 VDD VDD) pmos4
2348_missing_MOSFET.net,MOSFET,M7 (net30 net16 VSS VSS) nmos4
2349_missing_MOSFET.net,MOSFET,M3 (net16 net16 VSS VSS) nmos4
235_missing_Resistor.net,Resistor,R0 (VOUT1 VDD) resistor
2350_missing_MOSFET.net,MOSFET,MM3 (VB1 VB1 VDD VDD) pmos4
2351_missing_MOSFET.net,MOSFET,MM2 (net1005 net1005 VSS VSS) nmos4
2352_missing_MOSFET.net,MOSFET,MM8 (net025 net010 net023 VSS) nmos4
2353_missing_Resistor.net,Resistor,R3 (VOUT1 VSS) resistor
2354_missing_Resistor.net,Resistor,RR0 (VDD net7) resistor
2355_missing_MOSFET.net,MOSFET,M1 (net17 VB2 VDD VDD) pmos4
2356_missing_MOSFET.net,MOSFET,MM8 (net1005 net1005 VSS VSS) nmos4
2357_missing_MOSFET.net,MOSFET,MM10 (net1005 net1006 VDD VDD) pmos4
2358_missing_Resistor.net,Resistor,RR1 (net1006 VSS) resistor
2359_missing_MOSFET.net,MOSFET,MM0 (net11 net38 net16 VSS) nmos4
236_missing_MOSFET.net,MOSFET,M1 (VOUT1 VB1 IIN1 VSS) nmos4
2360_missing_Capacitor.net,Capacitor,C0 (VOUT1 net44) capacitor
2361_missing_MOSFET.net,MOSFET,MM1 (VB3 net1006 VDD VDD) pmos4
2362_missing_MOSFET.net,MOSFET,M4 (net25 net9 net28 VDD) pmos4
2363_missing_MOSFET.net,MOSFET,MM12 (net12 VB1 net37 VDD) pmos4
2364_missing_MOSFET.net,MOSFET,MM14 (net10 net1003 net33 VSS) nmos4
2365_missing_MOSFET.net,MOSFET,M5 (net25 net25 VSS VSS) nmos4
2366_missing_MOSFET.net,MOSFET,M9 (VOUT2 net25 VSS VSS) nmos4
2367_missing_MOSFET.net,MOSFET,M7 (VOUT2 net12 VOUT1 VDD) pmos4
2368_missing_MOSFET.net,MOSFET,MM8 (net33 net10 VSS VSS) nmos4
2369_missing_MOSFET.net,MOSFET,MM14 (net10 net1003 net33 VSS) nmos4
237_missing_MOSFET.net,MOSFET,M0 (net06 VIN1 VOUT1 VSS) nmos4
2370_missing_MOSFET.net,MOSFET,M9 (VOUT2 net25 VSS VSS) nmos4
2371_missing_MOSFET.net,MOSFET,M6 (VOUT1 VOUT2 VIN1 VDD) pmos4
2372_missing_MOSFET.net,MOSFET,M4 (net25 net9 net28 VDD) pmos4
2373_missing_MOSFET.net,MOSFET,M4 (net25 net9 net28 VDD) pmos4
2374_missing_MOSFET.net,MOSFET,MM3 (net9 VB1 net025 VDD) pmos4
2375_missing_MOSFET.net,MOSFET,MM10 (net33 net11 VSS VSS) nmos4
2376_missing_MOSFET.net,MOSFET,MM1 (net1006 net1006 VDD VDD) pmos4
2377_missing_MOSFET.net,MOSFET,MM3 (net9 VB1 net025 VDD) pmos4
2378_missing_MOSFET.net,MOSFET,M7 (VOUT2 net12 VOUT1 VDD) pmos4
2379_missing_MOSFET.net,MOSFET,MM3 (net1006 net1006 VDD VDD) pmos4
238_missing_MOSFET.net,MOSFET,M2 (VDD net06 VOUT1 VSS) nmos4
2380_missing_MOSFET.net,MOSFET,MM3 (net32 VREF1 net10 VSS) nmos4
2381_missing_MOSFET.net,MOSFET,M1 (net12 net12 net29 VDD) pmos4
2382_missing_Resistor.net,Resistor,RR1 (net1006 VSS) resistor
2383_missing_MOSFET.net,MOSFET,M1 (net12 net12 net29 VDD) pmos4
2384_missing_MOSFET.net,MOSFET,M9 (VOUT2 net25 VSS VSS) nmos4
2385_missing_MOSFET.net,MOSFET,MM9 (net024 net024 net023 VSS) nmos4
2386_missing_MOSFET.net,MOSFET,M3 (net28 VB5 VIN1 VDD) pmos4
2387_missing_MOSFET.net,MOSFET,M2 (net12 VB5 VSS VSS) nmos4
2388_missing_MOSFET.net,MOSFET,MM1 (VB4 net1006 VDD VDD) pmos4
2389_missing_MOSFET.net,MOSFET,M7 (VOUT2 net12 VOUT1 VDD) pmos4
239_missing_MOSFET.net,MOSFET,M0 (net03 VIN1 VSS VSS) nmos4
2390_missing_MOSFET.net,MOSFET,M8 (VOUT2 VB4 VSS VSS) nmos4
2391_missing_MOSFET.net,MOSFET,MM9 (net21 net12 VSS VSS) nmos4
2392_missing_MOSFET.net,MOSFET,M1 (net12 net12 net29 VDD) pmos4
2393_missing_Resistor.net,Resistor,RR0 (net15 VSS) resistor
2394_missing_MOSFET.net,MOSFET,MM10 (net27 net12 VSS VSS) nmos4
2395_missing_MOSFET.net,MOSFET,M3 (net28 VB6 VIN1 VDD) pmos4
2396_missing_MOSFET.net,MOSFET,MM3 (net32 VREF1 net10 VSS) nmos4
2397_missing_MOSFET.net,MOSFET,MM8 (net16 net1003 net29 VSS) nmos4
2398_missing_MOSFET.net,MOSFET,MM6 (net16 VB2 net25 VDD) pmos4
2399_missing_MOSFET.net,MOSFET,MM3 (net29 VREF1 net12 net22) pmos4
24_missing_Resistor.net,Resistor,R0 (VOUT1 VSS) resistor
240_missing_MOSFET.net,MOSFET,M0 (net05 VB1 IIN1 VSS) nmos4
2400_missing_MOSFET.net,MOSFET,MM0 (net12 VB1 VDD VDD) pmos4
2401_missing_MOSFET.net,MOSFET,M0 (net29 net9 VIN1 VDD) pmos4
2402_missing_MOSFET.net,MOSFET,M5 (net25 net25 VSS VSS) nmos4
2403_missing_MOSFET.net,MOSFET,M8 (VOUT2 VB4 VSS VSS) nmos4
2404_missing_MOSFET.net,MOSFET,MM10 (net29 net1001 VSS VSS) nmos4
2405_missing_MOSFET.net,MOSFET,MM10 (net29 net1001 VSS VSS) nmos4
2406_missing_MOSFET.net,MOSFET,MM2 (net1006 VB4 VSS VSS) nmos4
2407_missing_MOSFET.net,MOSFET,M7 (VOUT2 net12 VOUT1 VDD) pmos4
2408_missing_MOSFET.net,MOSFET,M7 (VOUT2 net12 VOUT1 VDD) pmos4
2409_missing_MOSFET.net,MOSFET,MM3 (net29 VREF1 net12 net22) pmos4
2410_missing_MOSFET.net,MOSFET,MM10 (net29 VB2 VSS VSS) nmos4
2411_missing_MOSFET.net,MOSFET,MM2 (net1006 VB4 net15 VSS) nmos4
2412_missing_MOSFET.net,MOSFET,MM10 (net29 VB2 VSS VSS) nmos4
2413_missing_MOSFET.net,MOSFET,MM10 (net29 VB2 VSS VSS) nmos4
2414_missing_MOSFET.net,MOSFET,M6 (VOUT1 VOUT2 VIN1 VDD) pmos4
2415_missing_MOSFET.net,MOSFET,M9 (VOUT2 net25 VSS VSS) nmos4
2416_missing_MOSFET.net,MOSFET,MM2 (net1006 VB1 VSS VSS) nmos4
2417_missing_MOSFET.net,MOSFET,MM4 (net16 net1005 VSS VSS) nmos4
2418_missing_MOSFET.net,MOSFET,MM8 (net1005 net1005 VSS VSS) nmos4
2419_missing_MOSFET.net,MOSFET,MM2 (net11 net11 VDD VDD) pmos4
242_missing_MOSFET.net,MOSFET,M2 (VOUT1 net34 VDD VDD) pmos4
2420_missing_MOSFET.net,MOSFET,M9 (VOUT2 net25 VSS VSS) nmos4
2421_missing_MOSFET.net,MOSFET,M2 (net12 VB3 VSS VSS) nmos4
2422_missing_MOSFET.net,MOSFET,M2 (net12 VB3 VSS VSS) nmos4
2423_missing_MOSFET.net,MOSFET,M2 (net12 VB3 VSS VSS) nmos4
2424_missing_MOSFET.net,MOSFET,M4 (net25 net9 net28 VDD) pmos4
2425_missing_MOSFET.net,MOSFET,M2 (net12 VB3 VSS VSS) nmos4
2426_missing_MOSFET.net,MOSFET,M2 (net12 VB3 VSS VSS) nmos4
2427_missing_MOSFET.net,MOSFET,M4 (net25 net9 net28 VDD) pmos4
2428_missing_MOSFET.net,MOSFET,M8 (VOUT2 VB3 VSS VSS) nmos4
2429_missing_MOSFET.net,MOSFET,MM0 (VB1 VB1 VDD VDD) pmos4
243_missing_Capacitor.net,Capacitor,C1 (net1 VSS) capacitor
2430_missing_MOSFET.net,MOSFET,MM2 (net11 net11 VDD VDD) pmos4
2431_missing_MOSFET.net,MOSFET,MM7 (net010 net010 net025 VSS) nmos4
2432_missing_MOSFET.net,MOSFET,MM3 (VB2 VB2 VDD VDD) pmos4
2433_missing_MOSFET.net,MOSFET,MM3 (net20 VREF1 net16 VSS) nmos4
2434_missing_MOSFET.net,MOSFET,MM10 (VB1 net1007 VSS VSS) nmos4
2435_missing_Resistor.net,Resistor,RRF (VDD net1007) resistor
2436_missing_MOSFET.net,MOSFET,MM5 (net9 net20 VDD VDD) pmos4
2437_missing_MOSFET.net,MOSFET,MM2 (net11 net11 VDD VDD) pmos4
2438_missing_MOSFET.net,MOSFET,MM4 (net16 net1005 VSS VSS) nmos4
2439_missing_Resistor.net,Resistor,RRF (VDD net1007) resistor
2440_missing_MOSFET.net,MOSFET,M6 (VOUT1 VOUT2 VIN1 VDD) pmos4
2441_missing_MOSFET.net,MOSFET,M8 (VOUT2 VB3 VSS VSS) nmos4
2442_missing_MOSFET.net,MOSFET,M7 (VOUT2 net12 VOUT1 VDD) pmos4
2443_missing_MOSFET.net,MOSFET,MM3 (VB2 VB2 VDD VDD) pmos4
2444_missing_MOSFET.net,MOSFET,M5 (net25 net25 VSS VSS) nmos4
2445_missing_MOSFET.net,MOSFET,M8 (VOUT2 VB3 VSS VSS) nmos4
2446_missing_MOSFET.net,MOSFET,MM5 (net9 net20 VDD VDD) pmos4
2447_missing_MOSFET.net,MOSFET,MM3 (net20 VREF1 net16 VSS) nmos4
2448_missing_MOSFET.net,MOSFET,MM2 (net11 net11 VDD VDD) pmos4
2449_missing_MOSFET.net,MOSFET,MM4 (net16 net1005 VSS VSS) nmos4
245_missing_Resistor.net,Resistor,R0 (VDD VOUT1) resistor
2450_missing_MOSFET.net,MOSFET,MM5 (net9 net20 VDD VDD) pmos4
2451_missing_MOSFET.net,MOSFET,MM1 (VB3 net1006 VIN1 VIN1) pmos4
2452_missing_MOSFET.net,MOSFET,M7 (net26 net17 net25 VSS) nmos4
2453_missing_MOSFET.net,MOSFET,M14 (VOUT1 net36 VIN1 VIN1) pmos4
2454_missing_Resistor.net,Resistor,R1 (net38 VSS) resistor
2455_missing_MOSFET.net,MOSFET,MM1 (net36 net23 VIN1 VIN1) pmos4
2456_missing_MOSFET.net,MOSFET,M0 (net11 VB4 VIN1 VIN1) pmos4
2457_missing_MOSFET.net,MOSFET,MM4 (net010 net1006 VIN1 VIN1) pmos4
2458_missing_MOSFET.net,MOSFET,M8 (net20 VB6 net25 VSS) nmos4
2459_missing_MOSFET.net,MOSFET,MM8 (net33 net10 VSS VSS) nmos4
2460_missing_MOSFET.net,MOSFET,M2 (net11 net11 VSS VSS) nmos4
2461_missing_MOSFET.net,MOSFET,MM3 (net8 VB1 net025 VIN1) pmos4
2462_missing_MOSFET.net,MOSFET,M1 (net11 net8 VSS VSS) nmos4
2463_missing_MOSFET.net,MOSFET,M6 (net26 net26 VIN1 VIN1) pmos4
2464_missing_MOSFET.net,MOSFET,MM2 (net1006 net12 VB3 VSS) nmos4
2465_missing_MOSFET.net,MOSFET,M2 (net11 net11 VSS VSS) nmos4
2466_missing_MOSFET.net,MOSFET,M4 (net17 net8 VSS VSS) nmos4
2467_missing_MOSFET.net,MOSFET,M11 (net36 net34 VIN1 VIN1) pmos4
2468_missing_MOSFET.net,MOSFET,M7 (net26 net17 net25 VSS) nmos4
2469_missing_MOSFET.net,MOSFET,M4 (net17 net8 VSS VSS) nmos4
247_missing_Resistor.net,Resistor,R2 (VSS net7) resistor
2470_missing_MOSFET.net,MOSFET,MM14 (net1003 net1006 VIN1 VIN1) pmos4
2471_missing_MOSFET.net,MOSFET,MM1 (net32 VB1 VIN1 VIN1) pmos4
2472_missing_Resistor.net,Resistor,RR1 (net1006 VSS) resistor
2473_missing_MOSFET.net,MOSFET,MM9 (net21 net12 VSS VSS) nmos4
2474_missing_MOSFET.net,MOSFET,M0 (net11 VB4 VIN1 VIN1) pmos4
2475_missing_MOSFET.net,MOSFET,M6 (net26 net26 VIN1 VIN1) pmos4
2476_missing_MOSFET.net,MOSFET,MM9 (net21 net12 VSS VSS) nmos4
2477_missing_MOSFET.net,MOSFET,M12 (net34 net8 VSS VSS) nmos4
2478_missing_MOSFET.net,MOSFET,M6 (net26 net26 VIN1 VIN1) pmos4
2479_missing_MOSFET.net,MOSFET,M3 (net17 net20 VIN1 VIN1) pmos4
248_missing_Resistor.net,Resistor,R0 (VOUT1 net11) resistor
2480_missing_MOSFET.net,MOSFET,M3 (net17 net20 VIN1 VIN1) pmos4
2481_missing_Resistor.net,Resistor,RR0 (VIN1 net6) resistor
2482_missing_MOSFET.net,MOSFET,M12 (net34 net8 VSS VSS) nmos4
2483_missing_MOSFET.net,MOSFET,MM1 (net32 VB1 VIN1 VIN1) pmos4
2484_missing_MOSFET.net,MOSFET,M9 (net25 VB6 VSS VSS) nmos4
2485_missing_Resistor.net,Resistor,R1 (net38 VSS) resistor
2486_missing_MOSFET.net,MOSFET,M9 (net25 VB7 VSS VSS) nmos4
2487_missing_MOSFET.net,MOSFET,MM1 (net24 net16 VIN1 VIN1) pmos4
2488_missing_MOSFET.net,MOSFET,M8 (net20 VB6 net25 VSS) nmos4
2489_missing_MOSFET.net,MOSFET,M8 (net20 VB3 net25 VSS) nmos4
249_missing_Resistor.net,Resistor,R1 (net13 VOUT1) resistor
2490_missing_Capacitor.net,Capacitor,C2 (VOUT1 net38) capacitor
2491_missing_MOSFET.net,MOSFET,MM13 (net1001 net1001 VSS VSS) nmos4
2492_missing_MOSFET.net,MOSFET,M13 (net36 net11 VSS VSS) nmos4
2493_missing_Resistor.net,Resistor,R0 (VOUT1 net38) resistor
2494_missing_MOSFET.net,MOSFET,MM15 (net1003 net1003 net1001 VSS) nmos4
2495_missing_MOSFET.net,MOSFET,MM2 (net25 net16 VIN1 VIN1) pmos4
2496_missing_Capacitor.net,Capacitor,C0 (net8 net17) capacitor
2497_missing_MOSFET.net,MOSFET,M9 (net25 VB6 VSS VSS) nmos4
2498_missing_MOSFET.net,MOSFET,MM5 (net8 VB3 net24 VIN1) pmos4
2499_missing_Capacitor.net,Capacitor,C1 (VOUT1 net8) capacitor
2500_missing_MOSFET.net,MOSFET,MM2 (net25 net16 VIN1 VIN1) pmos4
2501_missing_MOSFET.net,MOSFET,M9 (net25 VB6 VSS VSS) nmos4
2502_missing_MOSFET.net,MOSFET,MM7 (net8 net1003 net28 VSS) nmos4
2503_missing_MOSFET.net,MOSFET,M8 (net20 VB7 net25 VSS) nmos4
2504_missing_MOSFET.net,MOSFET,MM5 (net15 net15 VSS VSS) nmos4
2505_missing_MOSFET.net,MOSFET,M9 (net25 VB2 VSS VSS) nmos4
2506_missing_Resistor.net,Resistor,R1 (net38 VSS) resistor
2507_missing_MOSFET.net,MOSFET,MM3 (net20 net38 net16 VSS) nmos4
2508_missing_MOSFET.net,MOSFET,M12 (net34 net8 VSS VSS) nmos4
2509_missing_MOSFET.net,MOSFET,M8 (net20 VB3 net25 VSS) nmos4
251_missing_Resistor.net,Resistor,R2 (net1 VSS) resistor
2510_missing_Capacitor.net,Capacitor,C2 (VOUT1 net38) capacitor
2511_missing_MOSFET.net,MOSFET,MM9 (net024 net024 net023 VSS) nmos4
2512_missing_Resistor.net,Resistor,R1 (net38 VSS) resistor
2513_missing_MOSFET.net,MOSFET,MM4 (VB1 net15 VSS VSS) nmos4
2514_missing_MOSFET.net,MOSFET,M7 (net26 net17 net25 VSS) nmos4
2515_missing_MOSFET.net,MOSFET,MM10 (VB1 net1007 VSS VSS) nmos4
2516_missing_MOSFET.net,MOSFET,MM0 (net11 VREF1 net16 VSS) nmos4
2517_missing_MOSFET.net,MOSFET,MM2 (net1005 net1005 VSS VSS) nmos4
2518_missing_MOSFET.net,MOSFET,MM0 (net11 VREF1 net16 VSS) nmos4
2519_missing_MOSFET.net,MOSFET,M3 (net17 net20 VIN1 VIN1) pmos4
252_missing_MOSFET.net,MOSFET,M1 (VDD net3 VOUT1 VSS) nmos4
2520_missing_MOSFET.net,MOSFET,MM2 (net11 net11 VIN1 VIN1) pmos4
2521_missing_MOSFET.net,MOSFET,MM10 (VB1 net1007 VSS VSS) nmos4
2522_missing_MOSFET.net,MOSFET,M2 (net11 net11 VSS VSS) nmos4
2523_missing_MOSFET.net,MOSFET,M0 (net11 VB4 VIN1 VIN1) pmos4
2524_missing_Capacitor.net,Capacitor,C1 (VOUT1 net8) capacitor
2525_missing_MOSFET.net,MOSFET,MM2 (net1007 net9 VIN1 VIN1) pmos4
2526_missing_Resistor.net,Resistor,RR0 (VIN1 net10) resistor
2527_missing_Capacitor.net,Capacitor,C0 (net8 net17) capacitor
2528_missing_MOSFET.net,MOSFET,M0 (net11 VB4 VIN1 VIN1) pmos4
2529_missing_MOSFET.net,MOSFET,MM4 (net16 net1005 VSS VSS) nmos4
2530_missing_MOSFET.net,MOSFET,MM8 (net9 net9 VSS VSS) nmos4
2531_missing_MOSFET.net,MOSFET,M7 (net26 net17 net25 VSS) nmos4
2532_missing_MOSFET.net,MOSFET,MM7 (net8 net9 VSS VSS) nmos4
2533_missing_Resistor.net,Resistor,R1 (net38 VSS) resistor
2534_missing_MOSFET.net,MOSFET,M2 (net11 net11 VSS VSS) nmos4
2535_missing_MOSFET.net,MOSFET,MM0 (net11 VREF1 net16 VSS) nmos4
2536_missing_MOSFET.net,MOSFET,MM2 (net1006 VB2 VSS VSS) nmos4
2537_missing_MOSFET.net,MOSFET,M7 (net26 net17 net25 VSS) nmos4
2538_missing_MOSFET.net,MOSFET,M7 (net26 net17 net25 VSS) nmos4
2539_missing_MOSFET.net,MOSFET,M13 (net36 net11 VSS VSS) nmos4
254_missing_MOSFET.net,MOSFET,M0 (net6 net5 VSS VSS) nmos4
2540_missing_MOSFET.net,MOSFET,M2 (net11 net11 VSS VSS) nmos4
2541_missing_Resistor.net,Resistor,R0 (VOUT1 net20) resistor
2542_missing_MOSFET.net,MOSFET,MM2 (net1006 VB3 VSS VSS) nmos4
2543_missing_MOSFET.net,MOSFET,MM10 (net10 VB1 net35 VDD) pmos4
2544_missing_Capacitor.net,Capacitor,C1 (net8 VSS) capacitor
2545_missing_Resistor.net,Resistor,RR0 (VB3 VSS) resistor
2546_missing_MOSFET.net,MOSFET,M2 (net12 VB5 net21 VSS) nmos4
2547_missing_MOSFET.net,MOSFET,MM7 (net010 net010 net025 VSS) nmos4
2548_missing_MOSFET.net,MOSFET,MM4 (net15 net014 VSS VSS) nmos4
2549_missing_Capacitor.net,Capacitor,C1 (net8 VSS) capacitor
2550_missing_MOSFET.net,MOSFET,M0 (net12 VB4 VDD VDD) pmos4
2551_missing_MOSFET.net,MOSFET,MM0 (net012 net1003 net32 VSS) nmos4
2552_missing_MOSFET.net,MOSFET,MM8 (net16 net1003 net26 VSS) nmos4
2553_missing_MOSFET.net,MOSFET,M1 (VOUT1 net12 VDD VDD) pmos4
2554_missing_MOSFET.net,MOSFET,MM0 (net12 VB3 VSS VSS) nmos4
2555_missing_MOSFET.net,MOSFET,MM9 (net11 net1003 net33 VSS) nmos4
2556_missing_MOSFET.net,MOSFET,MM9 (net024 net024 net023 VSS) nmos4
2557_missing_MOSFET.net,MOSFET,MM0 (VB3 VB3 VSS VSS) nmos4
2558_missing_MOSFET.net,MOSFET,MM1 (net8 net1003 net29 VSS) nmos4
2559_missing_MOSFET.net,MOSFET,MM7 (net8 net1003 net21 VSS) nmos4
2560_missing_MOSFET.net,MOSFET,MM5 (net8 VB2 net32 VDD) pmos4
2561_missing_MOSFET.net,MOSFET,MM9 (net21 net12 VSS VSS) nmos4
2562_missing_MOSFET.net,MOSFET,M0 (net12 VB4 VDD VDD) pmos4
2563_missing_MOSFET.net,MOSFET,MM9 (net21 net12 VSS VSS) nmos4
2564_missing_MOSFET.net,MOSFET,MM1 (net32 VB1 VDD VDD) pmos4
2565_missing_MOSFET.net,MOSFET,MM13 (net1001 net1001 VSS VSS) nmos4
2566_missing_Resistor.net,Resistor,R1 (net20 VSS) resistor
2567_missing_Capacitor.net,Capacitor,C1 (net8 VSS) capacitor
2568_missing_MOSFET.net,MOSFET,M4 (net21 VB7 VSS VSS) nmos4
2569_missing_MOSFET.net,MOSFET,MM14 (net1003 net1006 VDD VDD) pmos4
257_missing_Resistor.net,Resistor,R1 (IIN1 VOUT1) resistor
2570_missing_MOSFET.net,MOSFET,MM10 (net27 net12 VSS VSS) nmos4
2571_missing_MOSFET.net,MOSFET,MM2 (net1006 net1006 net6 VDD) pmos4
2572_missing_MOSFET.net,MOSFET,M3 (net21 net8 VOUT1 VDD) pmos4
2573_missing_MOSFET.net,MOSFET,M0 (net12 VB5 VDD VDD) pmos4
2574_missing_Capacitor.net,Capacitor,C1 (net8 VSS) capacitor
2575_missing_MOSFET.net,MOSFET,M1 (VOUT1 net12 VDD VDD) pmos4
2576_missing_MOSFET.net,MOSFET,MM4 (net10 VB2 VSS VSS) nmos4
2577_missing_MOSFET.net,MOSFET,MM2 (net25 net16 VDD VDD) pmos4
2578_missing_MOSFET.net,MOSFET,MM4 (net28 net20 net12 net22) pmos4
2579_missing_Resistor.net,Resistor,R1 (net20 VSS) resistor
2580_missing_Capacitor.net,Capacitor,C1 (net8 VSS) capacitor
2581_missing_MOSFET.net,MOSFET,MM0 (net12 VB3 VSS VSS) nmos4
2582_missing_Resistor.net,Resistor,RR0 (net15 VSS) resistor
2583_missing_MOSFET.net,MOSFET,MM4 (net010 net1006 VDD VDD) pmos4
2584_missing_MOSFET.net,MOSFET,MM4 (net15 net014 VSS VSS) nmos4
2585_missing_MOSFET.net,MOSFET,M0 (net12 VB5 VDD VDD) pmos4
2586_missing_MOSFET.net,MOSFET,M3 (net21 net8 VOUT1 VDD) pmos4
2587_missing_Capacitor.net,Capacitor,C0 (net12 VOUT1) capacitor
2588_missing_MOSFET.net,MOSFET,MM15 (net1003 net1003 net9 VSS) nmos4
2589_missing_Capacitor.net,Capacitor,C1 (net8 VSS) capacitor
259_missing_Resistor.net,Resistor,R2 (IIN1 VSS) resistor
2590_missing_MOSFET.net,MOSFET,MM1 (net12 net1006 VDD VDD) pmos4
2591_missing_MOSFET.net,MOSFET,MM7 (net8 net1003 net28 VSS) nmos4
2592_missing_Resistor.net,Resistor,R1 (net20 VSS) resistor
2593_missing_MOSFET.net,MOSFET,MM3 (net29 VREF1 net12 net22) pmos4
2594_missing_Capacitor.net,Capacitor,C1 (net8 VSS) capacitor
2595_missing_Resistor.net,Resistor,R1 (net20 VSS) resistor
2596_missing_MOSFET.net,MOSFET,MM1 (VB1 net1006 VDD VDD) pmos4
2597_missing_MOSFET.net,MOSFET,M2 (net12 VB2 net21 VSS) nmos4
2598_missing_MOSFET.net,MOSFET,MM8 (net9 net9 VSS VSS) nmos4
2599_missing_MOSFET.net,MOSFET,MM7 (net8 net9 VSS VSS) nmos4
260_missing_Resistor.net,Resistor,R1 (VSS IIN1) resistor
2600_missing_MOSFET.net,MOSFET,MM2 (net11 net11 VDD VDD) pmos4
2601_missing_MOSFET.net,MOSFET,MM4 (net010 net1006 VDD VDD) pmos4
2602_missing_MOSFET.net,MOSFET,M1 (VOUT1 net12 VDD VDD) pmos4
2603_missing_MOSFET.net,MOSFET,MM1 (net20 net20 VDD VDD) pmos4
2604_missing_MOSFET.net,MOSFET,MM1 (net9 net1007 VSS VSS) nmos4
2605_missing_Capacitor.net,Capacitor,C0 (net12 VOUT1) capacitor
2606_missing_MOSFET.net,MOSFET,MM5 (net8 net20 VDD VDD) pmos4
2607_missing_MOSFET.net,MOSFET,M4 (net21 VB3 VSS VSS) nmos4
2608_missing_MOSFET.net,MOSFET,MM2 (net1005 net1005 VSS VSS) nmos4
2609_missing_MOSFET.net,MOSFET,MM7 (net8 net9 VSS VSS) nmos4
261_missing_Resistor.net,Resistor,R0 (VDD net18) resistor
2610_missing_Resistor.net,Resistor,RR0 (net15 VSS) resistor
2611_missing_MOSFET.net,MOSFET,MM10 (net024 VB2 VDD VDD) pmos4
2612_missing_Capacitor.net,Capacitor,C0 (net12 VOUT1) capacitor
2613_missing_MOSFET.net,MOSFET,MM0 (VB1 VB1 VDD VDD) pmos4
2614_missing_MOSFET.net,MOSFET,MM10 (VB1 net1007 VSS VSS) nmos4
2615_missing_MOSFET.net,MOSFET,MM0 (net1007 net1007 VSS VSS) nmos4
2616_missing_MOSFET.net,MOSFET,M1 (VOUT1 net12 VDD VDD) pmos4
2617_missing_Resistor.net,Resistor,R1 (net20 VSS) resistor
2618_missing_MOSFET.net,MOSFET,MM3 (VB1 VB1 VDD VDD) pmos4
2619_missing_Resistor.net,Resistor,RRF (VDD net1007) resistor
262_missing_Resistor.net,Resistor,R2 (VSS VOUT1) resistor
2620_missing_MOSFET.net,MOSFET,MM2 (net11 net11 VDD VDD) pmos4
2621_missing_MOSFET.net,MOSFET,MM1 (net20 net20 VDD VDD) pmos4
2622_missing_MOSFET.net,MOSFET,MM11 (net023 net024 net1007 VSS) nmos4
2623_missing_MOSFET.net,MOSFET,MM0 (net11 net20 net16 VSS) nmos4
2624_missing_MOSFET.net,MOSFET,M0 (net12 VB4 VDD VDD) pmos4
2625_missing_MOSFET.net,MOSFET,MM0 (net1007 net1007 net05 VSS) nmos4
2626_missing_MOSFET.net,MOSFET,MM5 (net8 net20 VDD VDD) pmos4
2627_missing_MOSFET.net,MOSFET,M4 (net21 VB3 VSS VSS) nmos4
2628_missing_MOSFET.net,MOSFET,M4 (net21 VB3 VSS VSS) nmos4
2629_missing_MOSFET.net,MOSFET,MM8 (net9 net9 VSS VSS) nmos4
263_missing_Resistor.net,Resistor,R1 (VOUT1 VSS) resistor
2630_missing_MOSFET.net,MOSFET,MM7 (net8 net9 VSS VSS) nmos4
2631_missing_MOSFET.net,MOSFET,MM0 (VB3 VB3 VSS VSS) nmos4
2632_missing_MOSFET.net,MOSFET,MM4 (net17 VB2 VSS VSS) nmos4
2633_missing_Capacitor.net,Capacitor,C1 (net12 VOUT1) capacitor
2634_missing_MOSFET.net,MOSFET,MM5 (net34 net23 VDD VDD) pmos4
2635_missing_Capacitor.net,Capacitor,C0 (net11 VSS) capacitor
2636_missing_MOSFET.net,MOSFET,MM1 (net36 net23 VDD VDD) pmos4
2637_missing_MOSFET.net,MOSFET,MM12 (net12 VB1 net37 VDD) pmos4
2638_missing_MOSFET.net,MOSFET,MM6 (net35 net12 VDD VDD) pmos4
2639_missing_MOSFET.net,MOSFET,MM3 (VOUT1 VB1 net025 VDD) pmos4
264_missing_Resistor.net,Resistor,R0 (VDD net25) resistor
2640_missing_MOSFET.net,MOSFET,MM5 (net14 VB2 VDD VDD) pmos4
2641_missing_MOSFET.net,MOSFET,MM14 (net025 net012 VDD VDD) pmos4
2642_missing_MOSFET.net,MOSFET,MM4 (net26 net16 VSS VSS) nmos4
2643_missing_MOSFET.net,MOSFET,MM0 (net12 VB3 VSS VSS) nmos4
2644_missing_MOSFET.net,MOSFET,MM7 (net11 net12 net14 net27) pmos4
2645_missing_MOSFET.net,MOSFET,MM5 (net014 net014 VSS VSS) nmos4
2646_missing_MOSFET.net,MOSFET,MM3 (VOUT1 VB1 net025 VDD) pmos4
2647_missing_MOSFET.net,MOSFET,MM15 (net1003 net1003 net1001 VSS) nmos4
2648_missing_MOSFET.net,MOSFET,M13 (net11 VCLK2 net12 VSS) nmos4
2649_missing_MOSFET.net,MOSFET,MM15 (net1003 net1003 net1001 VSS) nmos4
265_missing_Resistor.net,Resistor,R2 (net23 VOUT1) resistor
2650_missing_MOSFET.net,MOSFET,M13 (net11 VCLK2 net12 VSS) nmos4
2651_missing_MOSFET.net,MOSFET,M12 (VIN1 VCLK1 net11 VSS) nmos4
2652_missing_MOSFET.net,MOSFET,MM0 (VB3 VB3 VSS VSS) nmos4
2653_missing_MOSFET.net,MOSFET,MM0 (net1006 net025 VSS VSS) nmos4
2654_missing_MOSFET.net,MOSFET,M12 (VIN1 VCLK1 net11 VSS) nmos4
2655_missing_MOSFET.net,MOSFET,MM9 (net21 net12 VSS VSS) nmos4
2656_missing_MOSFET.net,MOSFET,MM4 (net10 VB2 VSS VSS) nmos4
2657_missing_MOSFET.net,MOSFET,MM6 (net12 VB3 net26 VDD) pmos4
2658_missing_MOSFET.net,MOSFET,MM2 (net1006 net1006 VDD VDD) pmos4
2659_missing_MOSFET.net,MOSFET,MM3 (net32 VSS net10 VSS) nmos4
266_missing_MOSFET.net,MOSFET,M0 (net18 net14 VSS VSS) nmos4
2660_missing_MOSFET.net,MOSFET,MM9 (net21 net12 VSS VSS) nmos4
2661_missing_Resistor.net,Resistor,RR0 (net15 VSS) resistor
2662_missing_MOSFET.net,MOSFET,MM0 (net1006 net025 VSS VSS) nmos4
2663_missing_MOSFET.net,MOSFET,MM4 (net10 VB2 VSS VSS) nmos4
2664_missing_MOSFET.net,MOSFET,MM2 (net1006 VB5 VB4 VSS) nmos4
2665_missing_MOSFET.net,MOSFET,MM3 (net1006 net1006 VDD VDD) pmos4
2666_missing_MOSFET.net,MOSFET,MM3 (net1006 net1006 VDD VDD) pmos4
2667_missing_MOSFET.net,MOSFET,MM2 (net25 net16 VDD VDD) pmos4
2668_missing_MOSFET.net,MOSFET,MM8 (net16 net1003 net29 VSS) nmos4
2669_missing_MOSFET.net,MOSFET,MM5 (VOUT1 VB2 net24 VDD) pmos4
2670_missing_Capacitor.net,Capacitor,C1 (net12 VOUT1) capacitor
2671_missing_MOSFET.net,MOSFET,MM4 (net010 net1006 VDD VDD) pmos4
2672_missing_MOSFET.net,MOSFET,MM7 (VOUT1 net1003 net28 VSS) nmos4
2673_missing_MOSFET.net,MOSFET,MM6 (net16 VB2 net25 VDD) pmos4
2674_missing_MOSFET.net,MOSFET,MM1 (net24 net16 VDD VDD) pmos4
2675_missing_MOSFET.net,MOSFET,MM7 (VOUT1 net1003 net28 VSS) nmos4
2676_missing_MOSFET.net,MOSFET,MM5 (VOUT1 VB3 net24 VDD) pmos4
2677_missing_MOSFET.net,MOSFET,MM6 (net16 VB3 net25 VDD) pmos4
2678_missing_MOSFET.net,MOSFET,MM0 (net12 VB4 VSS VSS) nmos4
2679_missing_Resistor.net,Resistor,RR0 (net15 VSS) resistor
2680_missing_MOSFET.net,MOSFET,MM13 (net9 net1003 VSS VSS) nmos4
2681_missing_MOSFET.net,MOSFET,MM2 (net1006 VB4 net15 VSS) nmos4
2682_missing_Capacitor.net,Capacitor,C1 (net12 VOUT1) capacitor
2683_missing_MOSFET.net,MOSFET,MM0 (net11 net12 net16 VSS) nmos4
2684_missing_MOSFET.net,MOSFET,MM1 (net20 net20 VDD VDD) pmos4
2685_missing_MOSFET.net,MOSFET,MM2 (net1006 net1006 VDD VDD) pmos4
2686_missing_Resistor.net,Resistor,RR0 (VDD net6) resistor
2687_missing_MOSFET.net,MOSFET,M12 (VIN1 VCLK1 net11 VSS) nmos4
2688_missing_MOSFET.net,MOSFET,MM8 (net1005 net1005 VSS VSS) nmos4
2689_missing_MOSFET.net,MOSFET,MM0 (net11 net12 net16 VSS) nmos4
269_missing_Resistor.net,Resistor,R0 (VIN1 IB1) resistor
2690_missing_Capacitor.net,Capacitor,C1 (net12 VOUT1) capacitor
2691_missing_Capacitor.net,Capacitor,C0 (net11 VSS) capacitor
2692_missing_MOSFET.net,MOSFET,MM4 (net16 net1005 VSS VSS) nmos4
2693_missing_MOSFET.net,MOSFET,MM1 (net20 net20 VDD VDD) pmos4
2694_missing_MOSFET.net,MOSFET,MM0 (net11 net12 net16 VSS) nmos4
2695_missing_MOSFET.net,MOSFET,MM4 (net16 net1005 VSS VSS) nmos4
2696_missing_Resistor.net,Resistor,RRF (VDD net1007) resistor
2697_missing_MOSFET.net,MOSFET,MM2 (VB2 net12 net1007 VSS) nmos4
2698_missing_MOSFET.net,MOSFET,MM6 (net9 net11 VDD VDD) pmos4
2699_missing_MOSFET.net,MOSFET,MM9 (net024 net024 net023 VSS) nmos4
27_missing_MOSFET.net,MOSFET,M0 (VDD VIN1 IB1 VSS) nmos4
2700_missing_MOSFET.net,MOSFET,M12 (VIN1 VCLK1 net11 VSS) nmos4
2701_missing_Resistor.net,Resistor,RR1 (net1007 net7) resistor
2702_missing_MOSFET.net,MOSFET,MM7 (VOUT1 net9 VSS VSS) nmos4
2703_missing_MOSFET.net,MOSFET,MM2 (net11 net11 VDD VDD) pmos4
2704_missing_MOSFET.net,MOSFET,MM5 (VOUT1 net20 VDD VDD) pmos4
2705_missing_MOSFET.net,MOSFET,M12 (VIN1 VCLK1 net11 VSS) nmos4
2706_missing_MOSFET.net,MOSFET,MM7 (VOUT1 net9 VSS VSS) nmos4
2707_missing_Capacitor.net,Capacitor,C0 (net11 VSS) capacitor
2708_missing_MOSFET.net,MOSFET,MM4 (net16 net1005 VSS VSS) nmos4
2709_missing_MOSFET.net,MOSFET,MM5 (VOUT1 net20 VDD VDD) pmos4
271_missing_Capacitor.net,Capacitor,C1 (net5 VOUT1) capacitor
2710_missing_MOSFET.net,MOSFET,MM0 (VB2 net025 VSS VSS) nmos4
2711_missing_MOSFET.net,MOSFET,MM1 (net20 net20 VDD VDD) pmos4
2712_missing_MOSFET.net,MOSFET,MM4 (net16 net1005 VSS VSS) nmos4
2713_missing_MOSFET.net,MOSFET,MM2 (net11 net11 VDD VDD) pmos4
2714_missing_MOSFET.net,MOSFET,MM3 (net1006 net1006 VDD VDD) pmos4
2715_missing_MOSFET.net,MOSFET,MM3 (VB1 VB1 VDD VDD) pmos4
2716_missing_MOSFET.net,MOSFET,MM0 (VB1 net1005 VSS VSS) nmos4
2717_missing_Capacitor.net,Capacitor,C1 (net12 VOUT1) capacitor
2718_missing_MOSFET.net,MOSFET,MM3 (net1006 net1006 VDD VDD) pmos4
2719_missing_MOSFET.net,MOSFET,MM1 (net20 net20 VDD VDD) pmos4
2720_missing_MOSFET.net,MOSFET,MM1 (net1006 net1006 VDD VDD) pmos4
2721_missing_MOSFET.net,MOSFET,MM3 (net1006 net1006 VDD VDD) pmos4
2722_missing_MOSFET.net,MOSFET,MM3 (net20 VSS net16 VSS) nmos4
2723_missing_Capacitor.net,Capacitor,C1 (net12 VOUT1) capacitor
2724_missing_MOSFET.net,MOSFET,M12 (VIN1 VCLK1 net11 VSS) nmos4
2725_missing_MOSFET.net,MOSFET,MM3 (net20 VSS net16 VSS) nmos4
2726_missing_MOSFET.net,MOSFET,MM3 (VB1 VB1 VDD VDD) pmos4
2727_missing_MOSFET.net,MOSFET,MM8 (net6 net6 VSS VSS) nmos4
2728_missing_MOSFET.net,MOSFET,MM7 (VOUT1 net9 VSS VSS) nmos4
2729_missing_MOSFET.net,MOSFET,MM1 (net20 net20 VDD VDD) pmos4
273_missing_Capacitor.net,Capacitor,C1 (net6 VSS) capacitor
2730_missing_MOSFET.net,MOSFET,M13 (net11 VCLK2 net12 VSS) nmos4
2731_missing_MOSFET.net,MOSFET,MM5 (net15 net15 VSS VSS) nmos4
2732_missing_MOSFET.net,MOSFET,MM2 (net1007 net9 VDD VDD) pmos4
2733_missing_MOSFET.net,MOSFET,MM6 (net15 VSS net13 net22) pmos4
2734_missing_Capacitor.net,Capacitor,C0 (net11 VSS) capacitor
2735_missing_MOSFET.net,MOSFET,MM7 (net9 net12 net13 net22) pmos4
2736_missing_Capacitor.net,Capacitor,C0 (net11 VSS) capacitor
2737_missing_MOSFET.net,MOSFET,MM3 (VOUT1 net17 VDD VDD) pmos4
2738_missing_MOSFET.net,MOSFET,MM0 (net1004 net1004 VDD VDD) pmos4
2739_missing_MOSFET.net,MOSFET,MM10 (net024 VB2 VDD VDD) pmos4
274_missing_MOSFET.net,MOSFET,M2 (VOUT1 net5 VDD VDD) pmos4
2740_missing_MOSFET.net,MOSFET,MM2 (VB2 net1007 net15 VSS) nmos4
2741_missing_MOSFET.net,MOSFET,MM10 (net1004 net1007 VSS VSS) nmos4
2742_missing_MOSFET.net,MOSFET,MM1 (VOUT1 net9 VSS VSS) nmos4
2743_missing_MOSFET.net,MOSFET,MM5 (net13 net1004 VDD VDD) pmos4
2744_missing_MOSFET.net,MOSFET,MM5 (net13 net1004 VDD VDD) pmos4
2745_missing_MOSFET.net,MOSFET,MM0 (neta neta VDD VDD) pmos4
2746_missing_MOSFET.net,MOSFET,MM2 (VB2 net1007 VSS VSS) nmos4
2747_missing_MOSFET.net,MOSFET,MM9 (net9 net9 VSS VSS) nmos4
2748_missing_MOSFET.net,MOSFET,MM7 (net9 net12 net13 net22) pmos4
2749_missing_MOSFET.net,MOSFET,MM9 (net9 net9 VSS VSS) nmos4
275_missing_Resistor.net,Resistor,R1 (net17 VB2) resistor
2750_missing_MOSFET.net,MOSFET,MM8 (net15 net15 VSS VSS) nmos4
2751_missing_MOSFET.net,MOSFET,MM2 (VB2 net1007 net15 VSS) nmos4
2752_missing_MOSFET.net,MOSFET,MM1 (VOUT1 net9 VSS VSS) nmos4
2753_missing_MOSFET.net,MOSFET,MM0 (net1007 net1007 net05 VSS) nmos4
2754_missing_MOSFET.net,MOSFET,MM3 (net1004 net1004 VDD VDD) pmos4
2755_missing_MOSFET.net,MOSFET,MM9 (net9 net9 VSS VSS) nmos4
2756_missing_MOSFET.net,MOSFET,MM8 (net15 net15 VSS VSS) nmos4
2757_missing_MOSFET.net,MOSFET,MM5 (net13 net1004 VDD VDD) pmos4
2758_missing_MOSFET.net,MOSFET,MM0 (net1007 net1007 VSS VSS) nmos4
2759_missing_MOSFET.net,MOSFET,MM6 (net15 VSS net13 net22) pmos4
276_missing_MOSFET.net,MOSFET,M2 (net8 VB1 VDD VDD) pmos4
2760_missing_Resistor.net,Resistor,RR0 (net15 VSS) resistor
2761_missing_MOSFET.net,MOSFET,MM9 (net9 net9 VSS VSS) nmos4
2762_missing_MOSFET.net,MOSFET,MM1 (VOUT1 net9 VSS VSS) nmos4
2763_missing_MOSFET.net,MOSFET,MM0 (net1007 net1007 VSS VSS) nmos4
2764_missing_MOSFET.net,MOSFET,MM3 (net1004 net1004 VDD VDD) pmos4
2765_missing_MOSFET.net,MOSFET,MM2 (net17 net17 VDD VDD) pmos4
2766_missing_Capacitor.net,Capacitor,C1 (net12 VOUT1) capacitor
2767_missing_MOSFET.net,MOSFET,M13 (net11 VCLK2 net12 VSS) nmos4
2768_missing_MOSFET.net,MOSFET,MM8 (VB1 VB1 VSS VSS) nmos4
2769_missing_MOSFET.net,MOSFET,MM9 (net9 net9 VSS VSS) nmos4
277_missing_Resistor.net,Resistor,R3 (net1 VSS) resistor
2770_missing_MOSFET.net,MOSFET,MM0 (net17 net15 VSS VSS) nmos4
2771_missing_MOSFET.net,MOSFET,MM7 (net9 net12 net13 net22) pmos4
2772_missing_MOSFET.net,MOSFET,MM2 (net1006 VB2 net15 VSS) nmos4
2773_missing_MOSFET.net,MOSFET,M12 (VIN1 VCLK1 net11 VSS) nmos4
2774_missing_MOSFET.net,MOSFET,M12 (VIN1 VCLK1 net11 VSS) nmos4
2775_missing_MOSFET.net,MOSFET,MM3 (net1006 net1006 VDD VDD) pmos4
2776_missing_MOSFET.net,MOSFET,MM7 (net9 net12 net13 net22) pmos4
2777_missing_Resistor.net,Resistor,RR1 (net1006 VSS) resistor
2778_missing_MOSFET.net,MOSFET,M13 (net11 VCLK2 net12 VSS) nmos4
2779_missing_MOSFET.net,MOSFET,MM9 (net9 net9 VSS VSS) nmos4
278_missing_MOSFET.net,MOSFET,M0 (VOUT1 net17 VSS VSS) nmos4
2780_missing_MOSFET.net,MOSFET,MM2 (VB1 net1004 VDD VDD) pmos4
2781_missing_MOSFET.net,MOSFET,MM4 (net15 net014 VSS VSS) nmos4
2782_missing_MOSFET.net,MOSFET,MM6 (net15 VSS net13 net22) pmos4
2783_missing_MOSFET.net,MOSFET,MM1 (VB2 net1006 VDD VDD) pmos4
2784_missing_Capacitor.net,Capacitor,C1 (net12 VOUT1) capacitor
2785_missing_Capacitor.net,Capacitor,C0 (net11 VSS) capacitor
2786_missing_Capacitor.net,Capacitor,C0 (net11 VSS) capacitor
2787_missing_MOSFET.net,MOSFET,MM8 (net1005 net1005 VSS VSS) nmos4
2788_missing_Resistor.net,Resistor,RR0 (net15 VSS) resistor
2789_missing_MOSFET.net,MOSFET,MM1 (net1006 net1006 VDD VDD) pmos4
279_missing_MOSFET.net,MOSFET,M1 (VIN1 net2 VDD VDD) pmos4
2790_missing_Capacitor.net,Capacitor,C0 (net11 VSS) capacitor
2791_missing_MOSFET.net,MOSFET,MM5 (net15 net15 VSS VSS) nmos4
2792_missing_MOSFET.net,MOSFET,M13 (net11 VCLK2 net12 VSS) nmos4
2793_missing_Capacitor.net,Capacitor,C1 (net12 VOUT1) capacitor
2794_missing_MOSFET.net,MOSFET,MM3 (VOUT1 VSS net16 VSS) nmos4
2795_missing_Capacitor.net,Capacitor,C0 (net11 VSS) capacitor
2796_missing_MOSFET.net,MOSFET,MM4 (net16 net1005 VSS VSS) nmos4
2797_missing_MOSFET.net,MOSFET,MM3 (VB1 VB1 VDD VDD) pmos4
2798_missing_MOSFET.net,MOSFET,MM0 (net1004 net12 net16 VSS) nmos4
2799_missing_MOSFET.net,MOSFET,MM10 (net1004 net1007 VSS VSS) nmos4
280_missing_MOSFET.net,MOSFET,M0 (VOUT1 net5 VSS VSS) nmos4
2800_missing_MOSFET.net,MOSFET,MM6 (net014 VB1 VDD VDD) pmos4
2801_missing_Resistor.net,Resistor,RR1 (net1007 net7) resistor
2802_missing_Resistor.net,Resistor,RR1 (net05 VSS) resistor
2803_missing_MOSFET.net,MOSFET,MM1 (net1005 neta VDD VDD) pmos4
2804_missing_MOSFET.net,MOSFET,MM3 (net1004 net1004 VDD VDD) pmos4
2805_missing_MOSFET.net,MOSFET,MM1 (net1005 neta VDD VDD) pmos4
2806_missing_MOSFET.net,MOSFET,MM10 (neta net1007 VSS VSS) nmos4
2807_missing_MOSFET.net,MOSFET,MM3 (VOUT1 VSS net16 VSS) nmos4
2808_missing_MOSFET.net,MOSFET,MM4 (net1004 net1005 VSS VSS) nmos4
2809_missing_Capacitor.net,Capacitor,C0 (net11 VSS) capacitor
281_missing_MOSFET.net,MOSFET,M2 (VOUT2 VB1 net13 VSS) nmos4
2810_missing_MOSFET.net,MOSFET,MM9 (net024 net024 net023 VSS) nmos4
2811_missing_MOSFET.net,MOSFET,MM5 (net014 net014 VSS VSS) nmos4
2812_missing_Capacitor.net,Capacitor,C1 (net12 VOUT1) capacitor
2813_missing_MOSFET.net,MOSFET,MM0 (neta neta VDD VDD) pmos4
2814_missing_MOSFET.net,MOSFET,MM8 (net1005 net1005 VSS VSS) nmos4
2815_missing_Resistor.net,Resistor,RR0 (VB1 net010) resistor
2816_missing_MOSFET.net,MOSFET,M12 (VIN1 VCLK1 net11 VSS) nmos4
2817_missing_MOSFET.net,MOSFET,MM3 (net1004 net1004 VDD VDD) pmos4
2818_missing_MOSFET.net,MOSFET,MM1 (net12 net1006 VDD VDD) pmos4
2819_missing_MOSFET.net,MOSFET,MM3 (net1004 net1004 VDD VDD) pmos4
282_missing_MOSFET.net,MOSFET,M3 (VOUT1 VIN2 IB1 VSS) nmos4
2820_missing_MOSFET.net,MOSFET,M13 (net11 VCLK2 net12 VSS) nmos4
2821_missing_MOSFET.net,MOSFET,MM5 (net014 net014 VSS VSS) nmos4
2822_missing_MOSFET.net,MOSFET,MM4 (VB1 net15 VSS VSS) nmos4
2823_missing_MOSFET.net,MOSFET,M13 (net11 VCLK2 net12 VSS) nmos4
2824_missing_MOSFET.net,MOSFET,MM10 (net6 net1006 VDD VDD) pmos4
2825_missing_MOSFET.net,MOSFET,MM2 (net1004 net1004 VDD VDD) pmos4
2826_missing_MOSFET.net,MOSFET,MM3 (net1004 net1004 VDD VDD) pmos4
2827_missing_Resistor.net,Resistor,RR0 (net15 VSS) resistor
2828_missing_MOSFET.net,MOSFET,MM7 (net010 net010 net025 VSS) nmos4
2829_missing_MOSFET.net,MOSFET,MM3 (net1006 net1006 VDD VDD) pmos4
283_missing_Capacitor.net,Capacitor,C0 (VOUT2 VSS) capacitor
2830_missing_Resistor.net,Resistor,RR1 (net1006 VSS) resistor
2831_missing_MOSFET.net,MOSFET,MM2 (net1004 net1004 VDD VDD) pmos4
2832_missing_Capacitor.net,Capacitor,C1 (net12 VOUT1) capacitor
2833_missing_MOSFET.net,MOSFET,M12 (VIN1 VCLK1 net11 VSS) nmos4
2834_missing_MOSFET.net,MOSFET,MM10 (net1005 net1006 VDD VDD) pmos4
2835_missing_MOSFET.net,MOSFET,M12 (VIN1 VCLK1 net11 VSS) nmos4
2836_missing_MOSFET.net,MOSFET,MM1 (net20 net11 VDD VDD) pmos4
2837_missing_MOSFET.net,MOSFET,MM2 (net19 net11 VDD VDD) pmos4
2838_missing_MOSFET.net,MOSFET,MM10 (net1005 net1006 VDD VDD) pmos4
2839_missing_MOSFET.net,MOSFET,MM2 (net1006 VB1 net15 VSS) nmos4
284_missing_MOSFET.net,MOSFET,M8 (net013 net013 VDD VDD) pmos4
2840_missing_MOSFET.net,MOSFET,M12 (VIN1 VCLK1 net11 VSS) nmos4
2841_missing_Capacitor.net,Capacitor,C1 (net12 VOUT1) capacitor
2842_missing_Capacitor.net,Capacitor,C0 (net11 VSS) capacitor
2843_missing_MOSFET.net,MOSFET,MM2 (VB2 net1007 VSS VSS) nmos4
2844_missing_MOSFET.net,MOSFET,MM10 (VB1 net1007 VSS VSS) nmos4
2845_missing_MOSFET.net,MOSFET,MM0 (VB1 VB1 VDD VDD) pmos4
2846_missing_MOSFET.net,MOSFET,MM1 (net12 VB2 VDD VDD) pmos4
2847_missing_MOSFET.net,MOSFET,MM4 (net13 net1005 VSS VSS) nmos4
2848_missing_MOSFET.net,MOSFET,MM3 (VOUT1 VSS net13 VSS) nmos4
2849_missing_MOSFET.net,MOSFET,MM3 (VOUT1 VSS net13 VSS) nmos4
2850_missing_MOSFET.net,MOSFET,MM5 (VOUT1 net18 net20 VDD) pmos4
2851_missing_MOSFET.net,MOSFET,MM1 (net20 net11 VDD VDD) pmos4
2852_missing_Capacitor.net,Capacitor,C1 (net12 VOUT1) capacitor
2853_missing_MOSFET.net,MOSFET,MM4 (VB1 net1005 VSS VSS) nmos4
2854_missing_MOSFET.net,MOSFET,MM4 (net13 net1005 VSS VSS) nmos4
2855_missing_MOSFET.net,MOSFET,M13 (net11 VCLK2 net12 VSS) nmos4
2856_missing_MOSFET.net,MOSFET,MM0 (net1007 net1007 VSS VSS) nmos4
2857_missing_MOSFET.net,MOSFET,MM5 (VOUT1 net18 net20 VDD) pmos4
2858_missing_MOSFET.net,MOSFET,MM3 (VOUT1 VSS net13 VSS) nmos4
2859_missing_MOSFET.net,MOSFET,MM1 (VB2 VB2 VDD VDD) pmos4
2860_missing_MOSFET.net,MOSFET,MM6 (net11 net18 net19 VDD) pmos4
2861_missing_MOSFET.net,MOSFET,MM4 (VB1 net1005 VSS VSS) nmos4
2862_missing_Capacitor.net,Capacitor,C1 (net12 VOUT1) capacitor
2863_missing_MOSFET.net,MOSFET,M13 (net11 VCLK2 net12 VSS) nmos4
2864_missing_Capacitor.net,Capacitor,C1 (net12 VOUT1) capacitor
2865_missing_MOSFET.net,MOSFET,MM0 (VB1 net1005 VSS VSS) nmos4
2866_missing_Capacitor.net,Capacitor,C0 (net11 VSS) capacitor
2867_missing_MOSFET.net,MOSFET,MM3 (VOUT1 VSS net13 VSS) nmos4
2868_missing_MOSFET.net,MOSFET,M13 (net11 VCLK2 net12 VSS) nmos4
2869_missing_MOSFET.net,MOSFET,MM5 (VOUT1 net18 net20 VDD) pmos4
287_missing_MOSFET.net,MOSFET,M1 (net022 VIN1 IB1 VSS) nmos4
2870_missing_MOSFET.net,MOSFET,MM1 (VB2 net1006 VDD VDD) pmos4
2871_missing_MOSFET.net,MOSFET,MM1 (net20 net11 VDD VDD) pmos4
2872_missing_MOSFET.net,MOSFET,MM2 (net1006 VB2 VSS VSS) nmos4
2873_missing_MOSFET.net,MOSFET,MM8 (net6 net6 VSS VSS) nmos4
2874_missing_MOSFET.net,MOSFET,MM2 (net19 net11 VDD VDD) pmos4
2875_missing_MOSFET.net,MOSFET,MM10 (net6 net1006 VDD VDD) pmos4
2876_missing_MOSFET.net,MOSFET,M12 (VIN1 VCLK1 net11 VSS) nmos4
2877_missing_MOSFET.net,MOSFET,MM6 (net11 net18 net19 VDD) pmos4
2878_missing_MOSFET.net,MOSFET,MM8 (net6 net6 VSS VSS) nmos4
2879_missing_MOSFET.net,MOSFET,MM0 (net11 net12 net13 VSS) nmos4
2880_missing_MOSFET.net,MOSFET,MM0 (net11 net12 net13 VSS) nmos4
2881_missing_MOSFET.net,MOSFET,MM9 (net20 net13 VSS VSS) nmos4
2882_missing_MOSFET.net,MOSFET,MM6 (net13 VSS net11 net18) pmos4
2883_missing_MOSFET.net,MOSFET,MM5 (net11 net1004 VDD VDD) pmos4
2884_missing_Capacitor.net,Capacitor,C0 (net11 VSS) capacitor
2885_missing_MOSFET.net,MOSFET,MM8 (net19 net13 VSS VSS) nmos4
2886_missing_MOSFET.net,MOSFET,MM2 (VB1 VB1 VSS VSS) nmos4
2887_missing_MOSFET.net,MOSFET,MM6 (net13 VSS net11 net18) pmos4
2888_missing_MOSFET.net,MOSFET,MM5 (net11 net1004 VDD VDD) pmos4
2889_missing_MOSFET.net,MOSFET,MM9 (net20 net13 VSS VSS) nmos4
289_missing_Resistor.net,Resistor,R0 (VDD VOUT1) resistor
2890_missing_MOSFET.net,MOSFET,MM2 (VB1 VB1 VSS VSS) nmos4
2891_missing_Resistor.net,Resistor,RR1 (net05 VSS) resistor
2892_missing_MOSFET.net,MOSFET,MM0 (net1007 net1007 VSS VSS) nmos4
2893_missing_MOSFET.net,MOSFET,MM1 (net10 net1007 VSS VSS) nmos4
2894_missing_MOSFET.net,MOSFET,MM2 (VB2 net1007 VSS VSS) nmos4
2895_missing_MOSFET.net,MOSFET,MM10 (neta net1007 VSS VSS) nmos4
2896_missing_MOSFET.net,MOSFET,MM9 (net20 net13 VSS VSS) nmos4
2897_missing_Capacitor.net,Capacitor,C0 (net11 VSS) capacitor
2898_missing_MOSFET.net,MOSFET,MM8 (net19 net13 VSS VSS) nmos4
2899_missing_MOSFET.net,MOSFET,MM8 (net19 net13 VSS VSS) nmos4
29_missing_Capacitor.net,Capacitor,C0 (IB1 VIN1) capacitor
290_missing_Resistor.net,Resistor,R1 (VOUT1 VSS) resistor
2900_missing_MOSFET.net,MOSFET,MM4 (net15 net014 VSS VSS) nmos4
2901_missing_Capacitor.net,Capacitor,C1 (net12 VOUT1) capacitor
2902_missing_MOSFET.net,MOSFET,MM3 (net1004 net1004 VDD VDD) pmos4
2903_missing_MOSFET.net,MOSFET,M13 (net11 VCLK2 net12 VSS) nmos4
2904_missing_Resistor.net,Resistor,RRF (VDD net1007) resistor
2905_missing_Capacitor.net,Capacitor,C0 (net11 VSS) capacitor
2906_missing_MOSFET.net,MOSFET,MM3 (VB1 VB1 VDD VDD) pmos4
2907_missing_MOSFET.net,MOSFET,MM5 (net11 net1004 VDD VDD) pmos4
2908_missing_MOSFET.net,MOSFET,M12 (VIN1 VCLK1 net11 VSS) nmos4
2909_missing_MOSFET.net,MOSFET,MM10 (net1004 net1007 VSS VSS) nmos4
2910_missing_Capacitor.net,Capacitor,C0 (net11 VSS) capacitor
2911_missing_MOSFET.net,MOSFET,MM1 (VOUT1 net17 net20 VSS) nmos4
2912_missing_Capacitor.net,Capacitor,C1 (net12 VOUT1) capacitor
2913_missing_MOSFET.net,MOSFET,M12 (VIN1 VCLK1 net11 VSS) nmos4
2914_missing_MOSFET.net,MOSFET,M13 (net11 VCLK2 net12 VSS) nmos4
2915_missing_MOSFET.net,MOSFET,MM6 (net13 VSS net11 net18) pmos4
2916_missing_MOSFET.net,MOSFET,M13 (net11 VCLK2 net12 VSS) nmos4
2917_missing_MOSFET.net,MOSFET,M13 (net11 VCLK2 net12 VSS) nmos4
2918_missing_MOSFET.net,MOSFET,M13 (net11 VCLK2 net12 VSS) nmos4
2919_missing_MOSFET.net,MOSFET,MM0 (net13 net17 net19 VSS) nmos4
2920_missing_MOSFET.net,MOSFET,MM2 (VB2 VB2 VSS VSS) nmos4
2921_missing_MOSFET.net,MOSFET,MM5 (net11 net1004 VDD VDD) pmos4
2922_missing_MOSFET.net,MOSFET,MM6 (net13 VSS net11 net18) pmos4
2923_missing_MOSFET.net,MOSFET,M13 (net11 VCLK2 net12 VSS) nmos4
2924_missing_MOSFET.net,MOSFET,MM9 (net20 net13 VSS VSS) nmos4
2925_missing_MOSFET.net,MOSFET,MM10 (net6 net1006 VDD VDD) pmos4
2926_missing_Capacitor.net,Capacitor,C0 (net11 VSS) capacitor
2927_missing_MOSFET.net,MOSFET,MM6 (net13 VSS net11 net18) pmos4
2928_missing_MOSFET.net,MOSFET,MM2 (net1006 net1006 net6 VDD) pmos4
2929_missing_Capacitor.net,Capacitor,C0 (net11 VSS) capacitor
293_missing_MOSFET.net,MOSFET,M2 (IB2 VIN2 IB3 VDD) pmos4
2930_missing_MOSFET.net,MOSFET,MM0 (net1006 net025 VSS VSS) nmos4
2931_missing_MOSFET.net,MOSFET,MM8 (net6 net6 VSS VSS) nmos4
2932_missing_MOSFET.net,MOSFET,MM6 (VOUT1 net1005 VSS VSS) nmos4
2933_missing_Resistor.net,Resistor,RR0 (VB1 net010) resistor
2934_missing_MOSFET.net,MOSFET,MM5 (VOUT1 net011 VDD VDD) pmos4
2935_missing_MOSFET.net,MOSFET,MM0 (net07 net12 net16 VSS) nmos4
2936_missing_MOSFET.net,MOSFET,MM2 (net1006 net12 VB1 VSS) nmos4
2937_missing_MOSFET.net,MOSFET,MM8 (net1005 net1005 VSS VSS) nmos4
2938_missing_MOSFET.net,MOSFET,MM4 (net16 net1005 VSS VSS) nmos4
2939_missing_MOSFET.net,MOSFET,MM10 (net1005 net1006 VDD VDD) pmos4
294_missing_MOSFET.net,MOSFET,M5 (VOUT2 VB1 net018 VSS) nmos4
2940_missing_MOSFET.net,MOSFET,MM0 (VB2 VB1 VSS VSS) nmos4
2941_missing_MOSFET.net,MOSFET,MM2 (net1005 net1005 VSS VSS) nmos4
2942_missing_MOSFET.net,MOSFET,MM2 (net1007 net10 VDD VDD) pmos4
2943_missing_MOSFET.net,MOSFET,MM5 (VOUT1 net011 VDD VDD) pmos4
2944_missing_Resistor.net,Resistor,RR0 (net1007 net010) resistor
2945_missing_MOSFET.net,MOSFET,MM10 (VB1 net1007 VSS VSS) nmos4
2946_missing_Capacitor.net,Capacitor,CC0 (VOUT1 net011) capacitor
2947_missing_MOSFET.net,MOSFET,MM5 (VOUT1 net011 VDD VDD) pmos4
2948_missing_MOSFET.net,MOSFET,MM8 (net025 net010 net023 VSS) nmos4
2949_missing_MOSFET.net,MOSFET,MM2 (net1005 net1005 VSS VSS) nmos4
295_missing_Capacitor.net,Capacitor,C1 (net013 VDD) capacitor
2950_missing_MOSFET.net,MOSFET,MM6 (VOUT1 net1005 VSS VSS) nmos4
2951_missing_MOSFET.net,MOSFET,MM4 (net16 net1005 VSS VSS) nmos4
2952_missing_MOSFET.net,MOSFET,M13 (net11 VCLK2 net12 VSS) nmos4
2953_missing_MOSFET.net,MOSFET,MM4 (net16 net1005 VSS VSS) nmos4
2954_missing_MOSFET.net,MOSFET,MM3 (VB1 VB1 VDD VDD) pmos4
2955_missing_MOSFET.net,MOSFET,MM1 (net1005 neta VDD VDD) pmos4
2956_missing_MOSFET.net,MOSFET,MM4 (net16 net1005 VSS VSS) nmos4
2957_missing_Resistor.net,Resistor,RR0 (net1007 VSS) resistor
2958_missing_MOSFET.net,MOSFET,MM0 (neta neta VDD VDD) pmos4
2959_missing_MOSFET.net,MOSFET,MM11 (net023 net024 net1007 VSS) nmos4
296_missing_MOSFET.net,MOSFET,M8 (net019 net019 VDD VDD) pmos4
2960_missing_MOSFET.net,MOSFET,MM1 (net011 net07 VDD VDD) pmos4
2961_missing_MOSFET.net,MOSFET,MM6 (VOUT1 net1005 VSS VSS) nmos4
2962_missing_MOSFET.net,MOSFET,MM1 (net1005 neta VDD VDD) pmos4
2963_missing_MOSFET.net,MOSFET,MM3 (VB1 VB1 VDD VDD) pmos4
2964_missing_Capacitor.net,Capacitor,C0 (net11 VSS) capacitor
2965_missing_MOSFET.net,MOSFET,MM8 (net1005 net1005 VSS VSS) nmos4
2966_missing_Capacitor.net,Capacitor,C1 (net12 VOUT1) capacitor
2967_missing_MOSFET.net,MOSFET,MM0 (net12 VB2 VSS VSS) nmos4
2968_missing_Capacitor.net,Capacitor,C1 (net12 VOUT1) capacitor
2969_missing_Capacitor.net,Capacitor,C0 (net11 VSS) capacitor
297_missing_MOSFET.net,MOSFET,M4 (net019 VB1 net022 VSS) nmos4
2970_missing_MOSFET.net,MOSFET,MM1 (VB2 net1006 VDD VDD) pmos4
2971_missing_MOSFET.net,MOSFET,MM2 (net1006 VB3 VB2 VSS) nmos4
2972_missing_MOSFET.net,MOSFET,MM2 (net07 net07 VDD VDD) pmos4
2973_missing_MOSFET.net,MOSFET,MM2 (net1006 VB2 VSS VSS) nmos4
2974_missing_MOSFET.net,MOSFET,MM0 (net07 net12 net16 VSS) nmos4
2975_missing_MOSFET.net,MOSFET,MM1 (net011 net07 VDD VDD) pmos4
2976_missing_MOSFET.net,MOSFET,MM5 (VOUT1 net011 VDD VDD) pmos4
2977_missing_MOSFET.net,MOSFET,MM2 (net1005 VB1 VDD VDD) pmos4
2978_missing_MOSFET.net,MOSFET,MM2 (net1005 VB1 VDD VDD) pmos4
2979_missing_MOSFET.net,MOSFET,MM3 (net1006 net1006 VDD VDD) pmos4
2980_missing_MOSFET.net,MOSFET,MM8 (net6 net6 VSS VSS) nmos4
2981_missing_Capacitor.net,Capacitor,C0 (net11 VSS) capacitor
2982_missing_MOSFET.net,MOSFET,MM9 (net38 net35 VSS VSS) nmos4
2983_missing_Capacitor.net,Capacitor,C1 (net12 VOUT1) capacitor
2984_missing_MOSFET.net,MOSFET,MM0 (net1004 net1004 VDD VDD) pmos4
2985_missing_MOSFET.net,MOSFET,MM11 (net33 net1004 VDD VDD) pmos4
2986_missing_Capacitor.net,Capacitor,C0 (net11 VSS) capacitor
2987_missing_Capacitor.net,Capacitor,C1 (net12 VOUT1) capacitor
2988_missing_MOSFET.net,MOSFET,MM0 (net1004 net1004 VDD VDD) pmos4
2989_missing_Capacitor.net,Capacitor,C0 (net11 VSS) capacitor
299_missing_MOSFET.net,MOSFET,M10 (net032 VIN2 IB1 VSS) nmos4
2990_missing_MOSFET.net,MOSFET,MM2 (VB1 VB1 VSS VSS) nmos4
2991_missing_MOSFET.net,MOSFET,MM11 (net33 net1004 VDD VDD) pmos4
2992_missing_Capacitor.net,Capacitor,CC2 (VOUT1 net38) capacitor
2993_missing_Resistor.net,Resistor,RR0 (VDD net10) resistor
2994_missing_Capacitor.net,Capacitor,CC2 (VOUT1 net38) capacitor
2995_missing_Capacitor.net,Capacitor,C0 (net11 VSS) capacitor
2996_missing_Capacitor.net,Capacitor,C0 (net11 VSS) capacitor
2997_missing_MOSFET.net,MOSFET,M13 (net11 VCLK2 net12 VSS) nmos4
2998_missing_MOSFET.net,MOSFET,M13 (net11 VCLK2 net12 VSS) nmos4
2999_missing_MOSFET.net,MOSFET,MM2 (VB1 VB1 VSS VSS) nmos4
300_missing_MOSFET.net,MOSFET,M4 (VOUT1 net02 VSS VSS) nmos4
3000_missing_MOSFET.net,MOSFET,MM11 (net33 net1004 VDD VDD) pmos4
3001_missing_MOSFET.net,MOSFET,MM3 (net1004 net1004 VDD VDD) pmos4
3002_missing_MOSFET.net,MOSFET,MM1 (VB1 neta VDD VDD) pmos4
3003_missing_Resistor.net,Resistor,RRF (VDD net1007) resistor
3004_missing_MOSFET.net,MOSFET,MM8 (net35 net35 VSS VSS) nmos4
3005_missing_MOSFET.net,MOSFET,M13 (net11 VCLK2 net12 VSS) nmos4
3006_missing_MOSFET.net,MOSFET,MM3 (VB1 VB1 VDD VDD) pmos4
3007_missing_MOSFET.net,MOSFET,MM13 (VOUT1 net38 VSS VSS) nmos4
3008_missing_MOSFET.net,MOSFET,MM1 (net12 VB1 VDD VDD) pmos4
3009_missing_MOSFET.net,MOSFET,MM10 (net1004 net1007 VSS VSS) nmos4
3010_missing_MOSFET.net,MOSFET,MM3 (net1004 net1004 VDD VDD) pmos4
3011_missing_MOSFET.net,MOSFET,MM4 (net15 net014 VSS VSS) nmos4
3012_missing_MOSFET.net,MOSFET,MM8 (net35 net35 VSS VSS) nmos4
3013_missing_MOSFET.net,MOSFET,MM8 (net35 net35 VSS VSS) nmos4
3014_missing_Capacitor.net,Capacitor,C0 (net11 VSS) capacitor
3015_missing_MOSFET.net,MOSFET,MM10 (VB1 net1006 VDD VDD) pmos4
3016_missing_MOSFET.net,MOSFET,MM10 (net38 net12 net33 net39) pmos4
3017_missing_MOSFET.net,MOSFET,MM9 (net38 net35 VSS VSS) nmos4
3018_missing_Resistor.net,Resistor,RR0 (VB2 VSS) resistor
3019_missing_MOSFET.net,MOSFET,MM1 (VB2 net1006 VDD VDD) pmos4
302_missing_MOSFET.net,MOSFET,M0 (IB1 net013 VDD VDD) pmos4
3020_missing_MOSFET.net,MOSFET,MM10 (VB1 net1006 VDD VDD) pmos4
3021_missing_MOSFET.net,MOSFET,MM11 (net33 net1004 VDD VDD) pmos4
3022_missing_MOSFET.net,MOSFET,MM3 (net1004 net1004 VDD VDD) pmos4
3023_missing_MOSFET.net,MOSFET,MM9 (net38 net35 VSS VSS) nmos4
3024_missing_Resistor.net,Resistor,RR1 (net1006 VSS) resistor
3025_missing_Resistor.net,Resistor,RR1 (net1006 VSS) resistor
3026_missing_MOSFET.net,MOSFET,MM0 (net1004 net6 VSS VSS) nmos4
3027_missing_Capacitor.net,Capacitor,C0 (net11 VSS) capacitor
3028_missing_MOSFET.net,MOSFET,MM2 (VB1 net1004 VDD VDD) pmos4
3029_missing_MOSFET.net,MOSFET,MM13 (VOUT1 net38 VSS VSS) nmos4
303_missing_MOSFET.net,MOSFET,M3 (IB1 net012 VDD VDD) pmos4
3030_missing_MOSFET.net,MOSFET,MM7 (net35 VSS net33 net39) pmos4
3031_missing_MOSFET.net,MOSFET,MM1 (VB1 VB1 VSS VSS) nmos4
3032_missing_MOSFET.net,MOSFET,MM2 (net1007 net9 VDD VDD) pmos4
3033_missing_MOSFET.net,MOSFET,MM10 (net1004 net1007 VSS VSS) nmos4
3034_missing_MOSFET.net,MOSFET,MM5 (net10 net1004 VDD VDD) pmos4
3035_missing_MOSFET.net,MOSFET,MM2 (VB2 net1007 VSS VSS) nmos4
3036_missing_MOSFET.net,MOSFET,MM1 (VB1 net1004 VDD VDD) pmos4
3037_missing_Capacitor.net,Capacitor,C1 (net12 VOUT1) capacitor
3038_missing_MOSFET.net,MOSFET,MM9 (VOUT1 net12 VSS VSS) nmos4
3039_missing_MOSFET.net,MOSFET,MM7 (net010 net010 net025 VSS) nmos4
304_missing_MOSFET.net,MOSFET,M15 (net039 net06 VDD VDD) pmos4
3040_missing_MOSFET.net,MOSFET,MM0 (net1007 net1007 VSS VSS) nmos4
3041_missing_Resistor.net,Resistor,RRF (VDD net1007) resistor
3042_missing_MOSFET.net,MOSFET,M13 (net11 VCLK2 net12 VSS) nmos4
3043_missing_Resistor.net,Resistor,RRF (VDD net1007) resistor
3044_missing_MOSFET.net,MOSFET,MM7 (VOUT1 net12 net10 net14) pmos4
3045_missing_MOSFET.net,MOSFET,M13 (net11 VCLK2 net12 VSS) nmos4
3046_missing_MOSFET.net,MOSFET,MM5 (net10 net1004 VDD VDD) pmos4
3047_missing_MOSFET.net,MOSFET,MM9 (VOUT1 net12 VSS VSS) nmos4
3048_missing_MOSFET.net,MOSFET,MM2 (VB2 net12 net1007 VSS) nmos4
3049_missing_Resistor.net,Resistor,RR0 (net15 VSS) resistor
305_missing_MOSFET.net,MOSFET,M6 (VOUT1 VB2 net033 VDD) pmos4
3050_missing_MOSFET.net,MOSFET,MM9 (VOUT1 net12 VSS VSS) nmos4
3051_missing_MOSFET.net,MOSFET,MM0 (net1007 net1007 VSS VSS) nmos4
3052_missing_MOSFET.net,MOSFET,MM7 (VOUT1 net12 net10 net14) pmos4
3053_missing_Resistor.net,Resistor,RR1 (net05 VSS) resistor
3054_missing_MOSFET.net,MOSFET,MM9 (VOUT1 net12 VSS VSS) nmos4
3055_missing_Capacitor.net,Capacitor,C1 (net12 VOUT1) capacitor
3056_missing_MOSFET.net,MOSFET,MM0 (net1007 net1007 VSS VSS) nmos4
3057_missing_MOSFET.net,MOSFET,MM8 (net12 net12 VSS VSS) nmos4
3058_missing_MOSFET.net,MOSFET,M12 (VIN1 VCLK1 net11 VSS) nmos4
3059_missing_MOSFET.net,MOSFET,MM3 (VB1 VB1 VDD VDD) pmos4
306_missing_MOSFET.net,MOSFET,M1 (net029 VB4 VSS VSS) nmos4
3060_missing_Capacitor.net,Capacitor,C1 (net12 VOUT1) capacitor
3061_missing_MOSFET.net,MOSFET,MM1 (VB1 VB1 VDD VDD) pmos4
3062_missing_MOSFET.net,MOSFET,M13 (net11 VCLK2 net12 VSS) nmos4
3063_missing_Resistor.net,Resistor,RR0 (VDD net7) resistor
3064_missing_MOSFET.net,MOSFET,MM8 (net12 net12 VSS VSS) nmos4
3065_missing_MOSFET.net,MOSFET,MM0 (net1004 VB1 VSS VSS) nmos4
3066_missing_MOSFET.net,MOSFET,M12 (VIN1 VCLK1 net11 VSS) nmos4
3067_missing_MOSFET.net,MOSFET,MM7 (VOUT1 net12 net10 net14) pmos4
3068_missing_MOSFET.net,MOSFET,MM7 (VOUT1 net12 net10 net14) pmos4
3069_missing_MOSFET.net,MOSFET,MM8 (VB1 VB1 VSS VSS) nmos4
307_missing_MOSFET.net,MOSFET,M10 (VDD VOUT2 IB2 VSS) nmos4
3070_missing_Capacitor.net,Capacitor,C1 (net12 VOUT1) capacitor
3071_missing_MOSFET.net,MOSFET,M12 (VIN1 VCLK1 net11 VSS) nmos4
3072_missing_MOSFET.net,MOSFET,MM3 (net1004 net1004 VDD VDD) pmos4
3073_missing_MOSFET.net,MOSFET,MM0 (net1004 VB1 VSS VSS) nmos4
3074_missing_MOSFET.net,MOSFET,MM10 (net6 net1006 VDD VDD) pmos4
3075_missing_MOSFET.net,MOSFET,MM8 (net6 net6 VSS VSS) nmos4
3076_missing_MOSFET.net,MOSFET,MM1 (VB2 net1006 VDD VDD) pmos4
3077_missing_MOSFET.net,MOSFET,MM0 (net1004 net6 VSS VSS) nmos4
3078_missing_MOSFET.net,MOSFET,MM10 (net6 net1006 VDD VDD) pmos4
3079_missing_MOSFET.net,MOSFET,MM8 (net12 net12 VSS VSS) nmos4
308_missing_MOSFET.net,MOSFET,M9 (net028 VB3 VDD VDD) pmos4
3080_missing_MOSFET.net,MOSFET,MM5 (net10 net1004 VDD VDD) pmos4
3081_missing_MOSFET.net,MOSFET,MM3 (VB2 net1006 VDD VDD) pmos4
3082_missing_MOSFET.net,MOSFET,MM9 (VOUT1 net12 VSS VSS) nmos4
3083_missing_MOSFET.net,MOSFET,MM2 (net016 net13 VDD VDD) pmos4
3084_missing_MOSFET.net,MOSFET,MM1 (net014 net13 VDD VDD) pmos4
3085_missing_MOSFET.net,MOSFET,MM5 (VOUT1 net1002 net014 VDD) pmos4
3086_missing_MOSFET.net,MOSFET,MM0 (net1002 net1007 VSS VSS) nmos4
3087_missing_Resistor.net,Resistor,RRF (VDD net1007) resistor
3088_missing_MOSFET.net,MOSFET,MM2 (VB3 net12 net1007 VSS) nmos4
3089_missing_MOSFET.net,MOSFET,MM6 (net13 net1002 net016 VDD) pmos4
309_missing_MOSFET.net,MOSFET,M10 (net09 VOUT1 VSS VSS) nmos4
3090_missing_MOSFET.net,MOSFET,MM0 (VB3 net025 VSS VSS) nmos4
3091_missing_MOSFET.net,MOSFET,MM4 (net15 net014 VSS VSS) nmos4
3092_missing_MOSFET.net,MOSFET,MM1 (net014 net13 VDD VDD) pmos4
3093_missing_Resistor.net,Resistor,RR1 (net05 VSS) resistor
3094_missing_Capacitor.net,Capacitor,C0 (net11 VSS) capacitor
3095_missing_MOSFET.net,MOSFET,MM1 (net014 net13 VDD VDD) pmos4
3096_missing_MOSFET.net,MOSFET,MM1 (net1002 net1002 net8 VDD) pmos4
3097_missing_MOSFET.net,MOSFET,MM4 (net11 VB1 VSS VSS) nmos4
3098_missing_MOSFET.net,MOSFET,MM3 (net8 net1002 VDD VDD) pmos4
3099_missing_MOSFET.net,MOSFET,MM2 (VB2 net12 net1007 VSS) nmos4
31_missing_MOSFET.net,MOSFET,M0 (VOUT1 VB1 net6 VSS) nmos4
310_missing_MOSFET.net,MOSFET,M1 (net047 VB4 VSS VSS) nmos4
3100_missing_MOSFET.net,MOSFET,MM2 (net016 net13 VDD VDD) pmos4
3101_missing_MOSFET.net,MOSFET,MM7 (net010 net010 net025 VSS) nmos4
3102_missing_MOSFET.net,MOSFET,M12 (VIN1 VCLK1 net11 VSS) nmos4
3103_missing_MOSFET.net,MOSFET,MM1 (net1002 net1002 net8 VDD) pmos4
3104_missing_MOSFET.net,MOSFET,MM4 (net11 VB1 VSS VSS) nmos4
3105_missing_MOSFET.net,MOSFET,MM7 (VOUT1 net12 net12 net19) pmos4
3106_missing_MOSFET.net,MOSFET,MM1 (net14 net1003 net013 VSS) nmos4
3107_missing_MOSFET.net,MOSFET,MM13 (net9 net1003 VSS VSS) nmos4
3108_missing_MOSFET.net,MOSFET,MM5 (net12 VB1 VDD VDD) pmos4
3109_missing_MOSFET.net,MOSFET,M13 (net11 VCLK2 net12 VSS) nmos4
311_missing_MOSFET.net,MOSFET,M9 (VOUT2 VB2 net043 VDD) pmos4
3110_missing_MOSFET.net,MOSFET,MM0 (VB2 VB2 VSS VSS) nmos4
3111_missing_MOSFET.net,MOSFET,MM14 (net1003 net1006 VDD VDD) pmos4
3112_missing_MOSFET.net,MOSFET,M13 (net11 VCLK2 net12 VSS) nmos4
3113_missing_MOSFET.net,MOSFET,MM8 (net013 net14 VSS VSS) nmos4
3114_missing_MOSFET.net,MOSFET,M12 (VIN1 VCLK1 net11 VSS) nmos4
3115_missing_MOSFET.net,MOSFET,MM10 (net1005 net1006 VDD VDD) pmos4
3116_missing_MOSFET.net,MOSFET,MM6 (VOUT1 net9 VSS VSS) nmos4
3117_missing_MOSFET.net,MOSFET,MM4 (net15 net1005 VSS VSS) nmos4
3118_missing_MOSFET.net,MOSFET,MM5 (VOUT1 net16 VDD VDD) pmos4
3119_missing_MOSFET.net,MOSFET,MM3 (net16 VSS net15 VSS) nmos4
312_missing_MOSFET.net,MOSFET,M19 (net047 VIN1 net043 VSS) nmos4
3120_missing_MOSFET.net,MOSFET,MM11 (net023 net024 VB1 VSS) nmos4
3121_missing_MOSFET.net,MOSFET,MM7 (net9 net9 VSS VSS) nmos4
3122_missing_MOSFET.net,MOSFET,MM4 (net15 net1005 VSS VSS) nmos4
3123_missing_MOSFET.net,MOSFET,MM0 (VB1 VB1 VDD VDD) pmos4
3124_missing_MOSFET.net,MOSFET,MM7 (net9 net9 VSS VSS) nmos4
3125_missing_MOSFET.net,MOSFET,MM4 (net15 net1005 VSS VSS) nmos4
3126_missing_MOSFET.net,MOSFET,MM2 (net12 net20 VDD VDD) pmos4
3127_missing_MOSFET.net,MOSFET,MM2 (net12 net20 VDD VDD) pmos4
3128_missing_Resistor.net,Resistor,RR0 (net1007 VSS) resistor
3129_missing_MOSFET.net,MOSFET,MM2 (net1005 net1005 VSS VSS) nmos4
3130_missing_MOSFET.net,MOSFET,MM0 (net12 net12 net15 VSS) nmos4
3131_missing_MOSFET.net,MOSFET,MM7 (net9 net9 VSS VSS) nmos4
3132_missing_Resistor.net,Resistor,RRF (VDD net1007) resistor
3133_missing_MOSFET.net,MOSFET,MM4 (net15 net1005 VSS VSS) nmos4
3134_missing_MOSFET.net,MOSFET,MM4 (VB1 net1005 VSS VSS) nmos4
3135_missing_MOSFET.net,MOSFET,MM4 (net15 net1005 VSS VSS) nmos4
3136_missing_MOSFET.net,MOSFET,MM4 (net15 net1005 VSS VSS) nmos4
3137_missing_MOSFET.net,MOSFET,MM0 (net010 net1007 VSS VSS) nmos4
3138_missing_MOSFET.net,MOSFET,MM3 (net16 VSS net15 VSS) nmos4
3139_missing_MOSFET.net,MOSFET,MM1 (net12 VB2 VDD VDD) pmos4
314_missing_Resistor.net,Resistor,R0 (net5 VOUT1) resistor
3140_missing_MOSFET.net,MOSFET,MM2 (net1005 net1005 VSS VSS) nmos4
3141_missing_MOSFET.net,MOSFET,MM4 (VB1 net1005 VSS VSS) nmos4
3142_missing_Capacitor.net,Capacitor,C1 (net12 VOUT1) capacitor
3143_missing_MOSFET.net,MOSFET,MM3 (net16 VSS net15 VSS) nmos4
3144_missing_MOSFET.net,MOSFET,M13 (net11 VCLK2 net12 VSS) nmos4
3145_missing_MOSFET.net,MOSFET,MM8 (net1005 net1005 VSS VSS) nmos4
3146_missing_MOSFET.net,MOSFET,MM3 (net1006 net1006 VDD VDD) pmos4
3147_missing_MOSFET.net,MOSFET,MM6 (VOUT1 net9 VSS VSS) nmos4
3148_missing_MOSFET.net,MOSFET,MM2 (net12 net20 VDD VDD) pmos4
3149_missing_MOSFET.net,MOSFET,MM3 (VB1 VB1 VDD VDD) pmos4
315_missing_MOSFET.net,MOSFET,M3 (VOUT2 VIN2 net25 VSS) nmos4
3150_missing_MOSFET.net,MOSFET,MM1 (net16 net20 VDD VDD) pmos4
3151_missing_MOSFET.net,MOSFET,MM1 (net1006 net1006 VDD VDD) pmos4
3152_missing_Capacitor.net,Capacitor,C0 (net11 VSS) capacitor
3153_missing_MOSFET.net,MOSFET,M13 (net11 VCLK2 net12 VSS) nmos4
3155_missing_MOSFET.net,MOSFET,MM6 (VOUT1 net9 VSS VSS) nmos4
3156_missing_Capacitor.net,Capacitor,C1 (net12 VOUT1) capacitor
3157_missing_MOSFET.net,MOSFET,MM9 (net9 net12 VDD VDD) pmos4
3158_missing_MOSFET.net,MOSFET,MM1 (net1005 net1005 VSS VSS) nmos4
3159_missing_MOSFET.net,MOSFET,M12 (VIN1 VCLK1 net11 VSS) nmos4
316_missing_MOSFET.net,MOSFET,M4 (VOUT2 VB2 VSS VSS) nmos4
3160_missing_MOSFET.net,MOSFET,MM9 (net9 net12 VDD VDD) pmos4
3161_missing_MOSFET.net,MOSFET,MM7 (net9 net9 VSS VSS) nmos4
3162_missing_MOSFET.net,MOSFET,MM3 (VB1 VB1 VDD VDD) pmos4
3163_missing_MOSFET.net,MOSFET,MM2 (net12 net20 VDD VDD) pmos4
3164_missing_MOSFET.net,MOSFET,MM1 (net36 net23 VDD VDD) pmos4
3165_missing_MOSFET.net,MOSFET,MM5 (net34 net23 VDD VDD) pmos4
3166_missing_MOSFET.net,MOSFET,MM13 (VOUT1 net1003 net31 VSS) nmos4
3167_missing_Capacitor.net,Capacitor,C1 (net23 VOUT1) capacitor
3168_missing_MOSFET.net,MOSFET,MM14 (net1003 net1006 VDD VDD) pmos4
3169_missing_MOSFET.net,MOSFET,MM1 (VB3 net1006 VDD VDD) pmos4
317_missing_MOSFET.net,MOSFET,M5 (net032 VIN2 IB1 VSS) nmos4
3170_missing_MOSFET.net,MOSFET,MM14 (net025 net012 VDD VDD) pmos4
3171_missing_MOSFET.net,MOSFET,MM7 (net11 net23 net14 net27) pmos4
3172_missing_MOSFET.net,MOSFET,M12 (net21 VCLK2 VSS VSS) nmos4
3173_missing_MOSFET.net,MOSFET,M12 (net21 VCLK2 VSS VSS) nmos4
3174_missing_MOSFET.net,MOSFET,MM3 (VOUT1 VB1 net025 VDD) pmos4
3175_missing_MOSFET.net,MOSFET,MM2 (net1006 VB3 net15 VSS) nmos4
3176_missing_MOSFET.net,MOSFET,MM3 (net1006 net1006 VDD VDD) pmos4
3177_missing_Resistor.net,Resistor,RR0 (VB3 net010) resistor
3178_missing_MOSFET.net,MOSFET,M14 (VIN1 VCLK1 net21 VSS) nmos4
3179_missing_Resistor.net,Resistor,RR1 (net1006 VSS) resistor
318_missing_MOSFET.net,MOSFET,M3 (net038 VIN1 net06 VSS) nmos4
3180_missing_MOSFET.net,MOSFET,MM1 (net12 net1006 VDD VDD) pmos4
3181_missing_MOSFET.net,MOSFET,MM1 (VB3 net1006 VDD VDD) pmos4
3182_missing_MOSFET.net,MOSFET,MM15 (net1003 net1003 net1001 VSS) nmos4
3183_missing_MOSFET.net,MOSFET,MM5 (net014 net014 VSS VSS) nmos4
3184_missing_MOSFET.net,MOSFET,MM8 (net12 net1003 net27 VSS) nmos4
3185_missing_MOSFET.net,MOSFET,MM1 (net32 VB1 VDD VDD) pmos4
3186_missing_MOSFET.net,MOSFET,MM15 (net1003 net1003 net9 VSS) nmos4
3187_missing_MOSFET.net,MOSFET,MM0 (net26 net23 net10 VSS) nmos4
3188_missing_MOSFET.net,MOSFET,MM10 (net27 net12 VSS VSS) nmos4
3189_missing_MOSFET.net,MOSFET,MM2 (net1006 net12 VB4 VSS) nmos4
319_missing_MOSFET.net,MOSFET,M6 (net013 VB2 net024 VDD) pmos4
3190_missing_MOSFET.net,MOSFET,M12 (net21 VCLK2 VSS VSS) nmos4
3191_missing_MOSFET.net,MOSFET,MM15 (net1003 net1003 net9 VSS) nmos4
3192_missing_MOSFET.net,MOSFET,MM0 (net26 net23 net10 VSS) nmos4
3193_missing_MOSFET.net,MOSFET,MM0 (VB5 VB4 VSS VSS) nmos4
3194_missing_MOSFET.net,MOSFET,MM0 (net12 VB1 VDD VDD) pmos4
3195_missing_MOSFET.net,MOSFET,MM3 (net1006 net1006 VDD VDD) pmos4
3196_missing_Resistor.net,Resistor,RR1 (net1006 VSS) resistor
3197_missing_MOSFET.net,MOSFET,MM0 (net12 VB1 VDD VDD) pmos4
3198_missing_MOSFET.net,MOSFET,MM5 (VOUT1 VB2 net24 VDD) pmos4
3199_missing_MOSFET.net,MOSFET,MM0 (VB3 VB3 VSS VSS) nmos4
320_missing_MOSFET.net,MOSFET,M4 (net040 VB1 net042 VSS) nmos4
3200_missing_MOSFET.net,MOSFET,MM1 (net1006 net1006 VDD VDD) pmos4
3201_missing_MOSFET.net,MOSFET,MM0 (net12 VB1 VDD VDD) pmos4
3202_missing_MOSFET.net,MOSFET,MM2 (net1006 VB4 VB3 VSS) nmos4
3203_missing_MOSFET.net,MOSFET,MM6 (net16 VB3 net25 VDD) pmos4
3204_missing_MOSFET.net,MOSFET,MM10 (net29 VB2 VSS VSS) nmos4
3205_missing_MOSFET.net,MOSFET,MM0 (net12 VB1 VDD VDD) pmos4
3206_missing_MOSFET.net,MOSFET,MM5 (VOUT1 VB3 net24 VDD) pmos4
3207_missing_MOSFET.net,MOSFET,M15 (net22 VCLK2 net23 VSS) nmos4
3208_missing_MOSFET.net,MOSFET,MM6 (net16 VB3 net25 VDD) pmos4
3209_missing_MOSFET.net,MOSFET,MM8 (net025 net010 net023 VSS) nmos4
321_missing_MOSFET.net,MOSFET,M10 (net013 net013 VDD VDD) pmos4
3210_missing_MOSFET.net,MOSFET,MM5 (net014 net014 VSS VSS) nmos4
3211_missing_MOSFET.net,MOSFET,MM1 (net24 net16 VDD VDD) pmos4
3212_missing_MOSFET.net,MOSFET,M13 (net22 VCLK1 VSS VSS) nmos4
3213_missing_MOSFET.net,MOSFET,M15 (net22 VCLK2 net23 VSS) nmos4
3214_missing_Capacitor.net,Capacitor,C0 (net22 net21) capacitor
3215_missing_MOSFET.net,MOSFET,M12 (net21 VCLK2 VSS VSS) nmos4
3216_missing_MOSFET.net,MOSFET,M13 (net22 VCLK1 VSS VSS) nmos4
3217_missing_MOSFET.net,MOSFET,MM0 (VB1 VB1 VSS VSS) nmos4
3218_missing_Capacitor.net,Capacitor,C1 (net23 VOUT1) capacitor
3219_missing_MOSFET.net,MOSFET,MM8 (net9 net9 VSS VSS) nmos4
322_missing_Capacitor.net,Capacitor,C2 (VOUT1 net017) capacitor
3220_missing_MOSFET.net,MOSFET,MM5 (net15 net15 VSS VSS) nmos4
3221_missing_MOSFET.net,MOSFET,MM2 (net1007 net9 VDD VDD) pmos4
3222_missing_Capacitor.net,Capacitor,C0 (net22 net21) capacitor
3223_missing_MOSFET.net,MOSFET,MM1 (net1007 VB2 VDD VDD) pmos4
3224_missing_MOSFET.net,MOSFET,MM10 (VB1 net1007 VSS VSS) nmos4
3225_missing_MOSFET.net,MOSFET,M14 (VIN1 VCLK1 net21 VSS) nmos4
3226_missing_MOSFET.net,MOSFET,MM2 (net1005 net1005 VSS VSS) nmos4
3227_missing_MOSFET.net,MOSFET,MM2 (VB2 net1007 net15 VSS) nmos4
3228_missing_Capacitor.net,Capacitor,C0 (net22 net21) capacitor
3229_missing_MOSFET.net,MOSFET,MM7 (VOUT1 net9 VSS VSS) nmos4
323_missing_MOSFET.net,MOSFET,M5 (net016 VIN1 IB1 VSS) nmos4
3230_missing_MOSFET.net,MOSFET,MM0 (VB1 VB1 VDD VDD) pmos4
3231_missing_Capacitor.net,Capacitor,C0 (net22 net21) capacitor
3232_missing_MOSFET.net,MOSFET,MM4 (net16 net1005 VSS VSS) nmos4
3233_missing_MOSFET.net,MOSFET,MM5 (VOUT1 net20 VDD VDD) pmos4
3234_missing_MOSFET.net,MOSFET,MM4 (VB1 net1005 VSS VSS) nmos4
3235_missing_MOSFET.net,MOSFET,MM2 (VB2 net1007 VSS VSS) nmos4
3236_missing_MOSFET.net,MOSFET,MM10 (neta net1007 VSS VSS) nmos4
3237_missing_MOSFET.net,MOSFET,MM8 (net9 net9 VSS VSS) nmos4
3238_missing_MOSFET.net,MOSFET,MM6 (net9 net11 VDD VDD) pmos4
3239_missing_MOSFET.net,MOSFET,MM6 (net014 VB2 VDD VDD) pmos4
324_missing_MOSFET.net,MOSFET,M7 (VOUT1 VB2 net029 VDD) pmos4
3240_missing_MOSFET.net,MOSFET,MM3 (VB1 VB1 VDD VDD) pmos4
3241_missing_MOSFET.net,MOSFET,MM8 (net9 net9 VSS VSS) nmos4
3242_missing_Capacitor.net,Capacitor,C1 (net23 VOUT1) capacitor
3243_missing_MOSFET.net,MOSFET,MM8 (net9 net9 VSS VSS) nmos4
3244_missing_MOSFET.net,MOSFET,MM0 (net11 net23 net16 VSS) nmos4
3245_missing_MOSFET.net,MOSFET,MM4 (net16 net1005 VSS VSS) nmos4
3246_missing_MOSFET.net,MOSFET,MM8 (net1005 net1005 VSS VSS) nmos4
3247_missing_MOSFET.net,MOSFET,MM8 (net1005 net1005 VSS VSS) nmos4
3248_missing_MOSFET.net,MOSFET,M12 (net21 VCLK2 VSS VSS) nmos4
3249_missing_MOSFET.net,MOSFET,MM5 (net014 net014 VSS VSS) nmos4
325_missing_MOSFET.net,MOSFET,M3 (VOUT1 VIN1 VSS VSS) nmos4
3250_missing_MOSFET.net,MOSFET,MM6 (net15 net1006 VDD VDD) pmos4
3251_missing_MOSFET.net,MOSFET,MM1 (VB2 net1006 VDD VDD) pmos4
3252_missing_MOSFET.net,MOSFET,MM8 (net6 net6 VSS VSS) nmos4
3253_missing_Resistor.net,Resistor,RR1 (net1006 VSS) resistor
3254_missing_MOSFET.net,MOSFET,MM0 (net11 net23 net16 VSS) nmos4
3255_missing_MOSFET.net,MOSFET,MM8 (net9 net9 VSS VSS) nmos4
3256_missing_MOSFET.net,MOSFET,M15 (net22 VCLK2 net23 VSS) nmos4
3257_missing_MOSFET.net,MOSFET,MM3 (net20 VSS net16 VSS) nmos4
3258_missing_MOSFET.net,MOSFET,MM3 (net20 VSS net16 VSS) nmos4
3259_missing_Capacitor.net,Capacitor,C0 (net22 net21) capacitor
326_missing_Capacitor.net,Capacitor,C0 (net026 VSS) capacitor
3260_missing_MOSFET.net,MOSFET,M13 (net22 VCLK1 VSS VSS) nmos4
3261_missing_MOSFET.net,MOSFET,MM3 (VB2 VB2 VDD VDD) pmos4
3262_missing_MOSFET.net,MOSFET,M15 (net22 VCLK2 net23 VSS) nmos4
3263_missing_MOSFET.net,MOSFET,MM0 (net17 net15 VSS VSS) nmos4
3264_missing_MOSFET.net,MOSFET,M13 (net22 VCLK1 VSS VSS) nmos4
3265_missing_MOSFET.net,MOSFET,MM1 (net1007 VB2 VDD VDD) pmos4
3266_missing_MOSFET.net,MOSFET,MM1 (VB1 net1004 VDD VDD) pmos4
3267_missing_MOSFET.net,MOSFET,MM7 (net9 net23 net13 net22) pmos4
3268_missing_MOSFET.net,MOSFET,MM3 (VOUT1 net17 VDD VDD) pmos4
3269_missing_MOSFET.net,MOSFET,MM5 (net13 net1004 VDD VDD) pmos4
327_missing_MOSFET.net,MOSFET,M4 (VOUT1 VIN2 IB1 VSS) nmos4
3270_missing_MOSFET.net,MOSFET,MM1 (net9 net1007 VSS VSS) nmos4
3271_missing_MOSFET.net,MOSFET,MM1 (VB1 neta VDD VDD) pmos4
3272_missing_MOSFET.net,MOSFET,MM9 (net9 net9 VSS VSS) nmos4
3273_missing_MOSFET.net,MOSFET,MM1 (VOUT1 net9 VSS VSS) nmos4
3274_missing_MOSFET.net,MOSFET,M15 (net22 VCLK2 net23 VSS) nmos4
3275_missing_MOSFET.net,MOSFET,MM3 (net1004 net1004 VDD VDD) pmos4
3276_missing_MOSFET.net,MOSFET,MM2 (VB1 VB1 VSS VSS) nmos4
3277_missing_MOSFET.net,MOSFET,M12 (net21 VCLK2 VSS VSS) nmos4
3278_missing_MOSFET.net,MOSFET,MM1 (VOUT1 net9 VSS VSS) nmos4
3279_missing_MOSFET.net,MOSFET,MM0 (net1007 net1007 net05 VSS) nmos4
328_missing_MOSFET.net,MOSFET,M6 (net040 net040 VDD VDD) pmos4
3280_missing_MOSFET.net,MOSFET,MM5 (net13 net1004 VDD VDD) pmos4
3281_missing_Resistor.net,Resistor,RR0 (VDD net10) resistor
3282_missing_MOSFET.net,MOSFET,M12 (net21 VCLK2 VSS VSS) nmos4
3283_missing_MOSFET.net,MOSFET,M15 (net22 VCLK2 net23 VSS) nmos4
3284_missing_MOSFET.net,MOSFET,MM0 (net17 net15 VSS VSS) nmos4
3285_missing_MOSFET.net,MOSFET,M15 (net22 VCLK2 net23 VSS) nmos4
3286_missing_MOSFET.net,MOSFET,MM1 (net1007 VB1 VDD VDD) pmos4
3287_missing_MOSFET.net,MOSFET,MM11 (net023 net024 net1007 VSS) nmos4
3288_missing_MOSFET.net,MOSFET,MM2 (net17 net17 VDD VDD) pmos4
3289_missing_Resistor.net,Resistor,RRF (VDD net1007) resistor
329_missing_MOSFET.net,MOSFET,M1 (net034 VB4 VSS VSS) nmos4
3290_missing_MOSFET.net,MOSFET,MM7 (net9 net23 net13 net22) pmos4
3291_missing_Capacitor.net,Capacitor,C0 (net22 net21) capacitor
3292_missing_MOSFET.net,MOSFET,MM9 (net9 net9 VSS VSS) nmos4
3293_missing_MOSFET.net,MOSFET,MM0 (net1004 VB1 VSS VSS) nmos4
3294_missing_MOSFET.net,MOSFET,MM5 (net13 net1004 VDD VDD) pmos4
3295_missing_MOSFET.net,MOSFET,MM9 (net9 net9 VSS VSS) nmos4
3296_missing_MOSFET.net,MOSFET,MM2 (net1006 VB2 net15 VSS) nmos4
3297_missing_MOSFET.net,MOSFET,MM0 (net1004 VB1 VSS VSS) nmos4
3298_missing_Capacitor.net,Capacitor,C1 (net23 VOUT1) capacitor
3299_missing_MOSFET.net,MOSFET,MM10 (VB1 net1006 VDD VDD) pmos4
3300_missing_MOSFET.net,MOSFET,MM6 (net15 VSS net13 net22) pmos4
3301_missing_MOSFET.net,MOSFET,M14 (VIN1 VCLK1 net21 VSS) nmos4
3302_missing_Capacitor.net,Capacitor,C0 (net22 net21) capacitor
3303_missing_MOSFET.net,MOSFET,MM0 (net1004 net6 VSS VSS) nmos4
3304_missing_MOSFET.net,MOSFET,MM8 (net6 net6 VSS VSS) nmos4
3305_missing_MOSFET.net,MOSFET,MM5 (net13 net1004 VDD VDD) pmos4
3306_missing_MOSFET.net,MOSFET,MM2 (VB1 net1004 VDD VDD) pmos4
3307_missing_MOSFET.net,MOSFET,MM1 (VB1 VB1 VSS VSS) nmos4
3308_missing_MOSFET.net,MOSFET,MM1 (VB2 net1006 VDD VDD) pmos4
3309_missing_MOSFET.net,MOSFET,MM2 (net1006 VB2 VSS VSS) nmos4
331_missing_MOSFET.net,MOSFET,M9 (net032 net032 VDD VDD) pmos4
3310_missing_MOSFET.net,MOSFET,MM4 (net16 net1005 VSS VSS) nmos4
3311_missing_MOSFET.net,MOSFET,MM2 (VB1 VB1 VDD VDD) pmos4
3312_missing_MOSFET.net,MOSFET,MM3 (net1006 net1006 VDD VDD) pmos4
3313_missing_MOSFET.net,MOSFET,MM3 (net1006 net1006 VDD VDD) pmos4
3314_missing_MOSFET.net,MOSFET,MM8 (net1005 net1005 VSS VSS) nmos4
3315_missing_MOSFET.net,MOSFET,M14 (VIN1 VCLK1 net21 VSS) nmos4
3316_missing_MOSFET.net,MOSFET,MM5 (net15 net15 VSS VSS) nmos4
3317_missing_MOSFET.net,MOSFET,M15 (net22 VCLK2 net23 VSS) nmos4
3318_missing_Resistor.net,Resistor,RR0 (VDD net10) resistor
3319_missing_MOSFET.net,MOSFET,MM2 (VB1 net1007 VSS VSS) nmos4
332_missing_MOSFET.net,MOSFET,M2 (VOUT1 IB1 net03 VSS) nmos4
3320_missing_MOSFET.net,MOSFET,MM1 (VOUT1 net1004 VDD VDD) pmos4
3321_missing_MOSFET.net,MOSFET,MM2 (net1004 net1004 VDD VDD) pmos4
3322_missing_MOSFET.net,MOSFET,MM1 (net1005 net1004 VDD VDD) pmos4
3323_missing_MOSFET.net,MOSFET,MM1 (net1005 net1004 VDD VDD) pmos4
3324_missing_MOSFET.net,MOSFET,MM2 (net1004 net1004 VDD VDD) pmos4
3325_missing_MOSFET.net,MOSFET,MM2 (net1004 net1004 VDD VDD) pmos4
3326_missing_MOSFET.net,MOSFET,MM2 (net1004 net1004 VDD VDD) pmos4
3327_missing_MOSFET.net,MOSFET,M15 (net22 VCLK2 net23 VSS) nmos4
3328_missing_MOSFET.net,MOSFET,MM0 (neta neta VDD VDD) pmos4
3329_missing_MOSFET.net,MOSFET,MM4 (net16 net1005 VSS VSS) nmos4
333_missing_MOSFET.net,MOSFET,M6 (net4 VIN1 net1 VDD) pmos4
3330_missing_MOSFET.net,MOSFET,MM2 (VB1 net1007 VSS VSS) nmos4
3331_missing_MOSFET.net,MOSFET,MM3 (net1004 net1004 VDD VDD) pmos4
3332_missing_MOSFET.net,MOSFET,M12 (net21 VCLK2 VSS VSS) nmos4
3333_missing_MOSFET.net,MOSFET,M12 (net21 VCLK2 VSS VSS) nmos4
3334_missing_MOSFET.net,MOSFET,MM0 (neta neta VDD VDD) pmos4
3335_missing_MOSFET.net,MOSFET,M15 (net22 VCLK2 net23 VSS) nmos4
3336_missing_MOSFET.net,MOSFET,M12 (net21 VCLK2 VSS VSS) nmos4
3337_missing_MOSFET.net,MOSFET,MM1 (VOUT1 net1004 VDD VDD) pmos4
3338_missing_MOSFET.net,MOSFET,MM2 (net1004 net1004 VDD VDD) pmos4
3339_missing_Capacitor.net,Capacitor,C0 (net22 net21) capacitor
334_missing_MOSFET.net,MOSFET,M7 (VOUT2 VB1 VDD VIN2) pmos4
3340_missing_Capacitor.net,Capacitor,C1 (net23 VOUT1) capacitor
3341_missing_MOSFET.net,MOSFET,M13 (net22 VCLK1 VSS VSS) nmos4
3342_missing_MOSFET.net,MOSFET,MM3 (VOUT1 VSS net16 VSS) nmos4
3343_missing_MOSFET.net,MOSFET,MM8 (net1005 net1005 VSS VSS) nmos4
3344_missing_MOSFET.net,MOSFET,M15 (net22 VCLK2 net23 VSS) nmos4
3345_missing_Capacitor.net,Capacitor,C1 (net23 VOUT1) capacitor
3346_missing_MOSFET.net,MOSFET,MM3 (VOUT1 VSS net16 VSS) nmos4
3347_missing_MOSFET.net,MOSFET,MM0 (VB2 VB1 VSS VSS) nmos4
3348_missing_MOSFET.net,MOSFET,MM0 (net1004 net23 net16 VSS) nmos4
3349_missing_MOSFET.net,MOSFET,MM2 (net1006 VB1 VSS VSS) nmos4
335_missing_MOSFET.net,MOSFET,M10 (VOUT2 net015 VSS VSS) nmos4
3350_missing_MOSFET.net,MOSFET,M12 (net21 VCLK2 VSS VSS) nmos4
3351_missing_MOSFET.net,MOSFET,M12 (net21 VCLK2 VSS VSS) nmos4
3352_missing_Resistor.net,Resistor,RR0 (net15 VSS) resistor
3353_missing_MOSFET.net,MOSFET,MM2 (net1005 net1004 VDD VDD) pmos4
3354_missing_MOSFET.net,MOSFET,MM3 (VOUT1 VSS net16 VSS) nmos4
3355_missing_Capacitor.net,Capacitor,C1 (net23 VOUT1) capacitor
3356_missing_MOSFET.net,MOSFET,MM8 (net6 net6 VSS VSS) nmos4
3357_missing_MOSFET.net,MOSFET,MM8 (net1005 net1005 VSS VSS) nmos4
3358_missing_MOSFET.net,MOSFET,MM10 (net1005 net1006 VDD VDD) pmos4
3359_missing_MOSFET.net,MOSFET,MM3 (VOUT1 VSS net13 VSS) nmos4
336_missing_MOSFET.net,MOSFET,M6 (net046 VIN1 IB1 VDD) pmos4
3360_missing_Resistor.net,Resistor,RR0 (VDD net6) resistor
3361_missing_MOSFET.net,MOSFET,MM6 (net11 net18 net19 VDD) pmos4
3362_missing_MOSFET.net,MOSFET,M12 (net21 VCLK2 VSS VSS) nmos4
3363_missing_MOSFET.net,MOSFET,M12 (net21 VCLK2 VSS VSS) nmos4
3364_missing_MOSFET.net,MOSFET,MM4 (net15 net014 VSS VSS) nmos4
3365_missing_MOSFET.net,MOSFET,MM6 (net15 net1006 VDD VDD) pmos4
3366_missing_MOSFET.net,MOSFET,MM1 (net20 net11 VDD VDD) pmos4
3367_missing_Resistor.net,Resistor,RR0 (VDD net10) resistor
3368_missing_MOSFET.net,MOSFET,M15 (net22 VCLK2 net23 VSS) nmos4
3369_missing_MOSFET.net,MOSFET,MM3 (VOUT1 VSS net13 VSS) nmos4
337_missing_Resistor.net,Resistor,R1 (net015 VSS) capacitor
3370_missing_Resistor.net,Resistor,RRF (VDD net1007) resistor
3371_missing_MOSFET.net,MOSFET,MM3 (VOUT1 VSS net13 VSS) nmos4
3372_missing_MOSFET.net,MOSFET,M12 (net21 VCLK2 VSS VSS) nmos4
3373_missing_MOSFET.net,MOSFET,MM1 (net1005 VB1 VDD VDD) pmos4
3374_missing_MOSFET.net,MOSFET,M12 (net21 VCLK2 VSS VSS) nmos4
3375_missing_MOSFET.net,MOSFET,MM3 (VOUT1 VSS net13 VSS) nmos4
3376_missing_MOSFET.net,MOSFET,M15 (net22 VCLK2 net23 VSS) nmos4
3377_missing_MOSFET.net,MOSFET,MM0 (neta neta VDD VDD) pmos4
3378_missing_MOSFET.net,MOSFET,MM1 (net20 net11 VDD VDD) pmos4
3379_missing_MOSFET.net,MOSFET,MM0 (net1007 net1007 VSS VSS) nmos4
338_missing_MOSFET.net,MOSFET,M8 (VOUT1 VB2 net018 VDD) pmos4
3380_missing_MOSFET.net,MOSFET,MM1 (net20 net11 VDD VDD) pmos4
3381_missing_MOSFET.net,MOSFET,MM4 (VB1 net1005 VSS VSS) nmos4
3382_missing_MOSFET.net,MOSFET,MM10 (neta net1007 VSS VSS) nmos4
3383_missing_MOSFET.net,MOSFET,MM0 (neta neta VDD VDD) pmos4
3384_missing_MOSFET.net,MOSFET,M14 (VIN1 VCLK1 net21 VSS) nmos4
3385_missing_MOSFET.net,MOSFET,MM0 (net11 net23 net13 VSS) nmos4
3386_missing_MOSFET.net,MOSFET,MM0 (net1007 net1007 VSS VSS) nmos4
3387_missing_MOSFET.net,MOSFET,MM0 (net11 net23 net13 VSS) nmos4
3388_missing_MOSFET.net,MOSFET,MM0 (VB2 VB2 VSS VSS) nmos4
3389_missing_MOSFET.net,MOSFET,MM6 (net11 net18 net19 VDD) pmos4
3390_missing_MOSFET.net,MOSFET,M13 (net22 VCLK1 VSS VSS) nmos4
3391_missing_MOSFET.net,MOSFET,M13 (net22 VCLK1 VSS VSS) nmos4
3392_missing_MOSFET.net,MOSFET,MM2 (net19 net11 VDD VDD) pmos4
3393_missing_MOSFET.net,MOSFET,MM6 (net11 net18 net19 VDD) pmos4
3394_missing_MOSFET.net,MOSFET,MM3 (VB2 net1006 VDD VDD) pmos4
3395_missing_MOSFET.net,MOSFET,MM10 (net1005 net1006 VDD VDD) pmos4
3396_missing_MOSFET.net,MOSFET,M15 (net22 VCLK2 net23 VSS) nmos4
3397_missing_MOSFET.net,MOSFET,MM8 (net6 net6 VSS VSS) nmos4
3398_missing_MOSFET.net,MOSFET,MM1 (net20 net11 VDD VDD) pmos4
3399_missing_Capacitor.net,Capacitor,C0 (net22 net21) capacitor
340_missing_MOSFET.net,MOSFET,M11 (VOUT2 VB4 VSS VSS) nmos4
3400_missing_MOSFET.net,MOSFET,MM3 (VOUT1 VSS net13 VSS) nmos4
3401_missing_MOSFET.net,MOSFET,MM5 (VOUT1 net18 net20 VDD) pmos4
3402_missing_MOSFET.net,MOSFET,MM3 (net1006 net1006 VDD VDD) pmos4
3403_missing_MOSFET.net,MOSFET,MM6 (net11 net18 net19 VDD) pmos4
3404_missing_MOSFET.net,MOSFET,MM0 (net1006 net025 VSS VSS) nmos4
3405_missing_MOSFET.net,MOSFET,MM8 (net6 net6 VSS VSS) nmos4
3406_missing_MOSFET.net,MOSFET,MM3 (net9 net9 VDD VDD) pmos4
3407_missing_MOSFET.net,MOSFET,MM1 (VB1 net1004 VDD VDD) pmos4
3408_missing_MOSFET.net,MOSFET,MM0 (net1004 net1004 VDD VDD) pmos4
3409_missing_MOSFET.net,MOSFET,MM2 (VB1 VB1 VSS VSS) nmos4
341_missing_Capacitor.net,Capacitor,C0 (VDD net05) capacitor
3410_missing_MOSFET.net,MOSFET,MM6 (net13 VSS net11 net18) pmos4
3411_missing_MOSFET.net,MOSFET,MM5 (net11 net1004 VDD VDD) pmos4
3412_missing_Resistor.net,Resistor,RR0 (net15 VSS) resistor
3413_missing_MOSFET.net,MOSFET,M12 (net21 VCLK2 VSS VSS) nmos4
3414_missing_MOSFET.net,MOSFET,M15 (net22 VCLK2 net23 VSS) nmos4
3415_missing_Resistor.net,Resistor,RR0 (VDD net7) resistor
3416_missing_MOSFET.net,MOSFET,MM8 (net19 net13 VSS VSS) nmos4
3417_missing_MOSFET.net,MOSFET,MM1 (net9 net1007 VSS VSS) nmos4
3418_missing_MOSFET.net,MOSFET,MM0 (net1007 net1007 VSS VSS) nmos4
3419_missing_MOSFET.net,MOSFET,M12 (net21 VCLK2 VSS VSS) nmos4
342_missing_Resistor.net,Resistor,R0 (net010 VIN1) resistor
3420_missing_MOSFET.net,MOSFET,MM2 (VB1 VB1 VSS VSS) nmos4
3421_missing_MOSFET.net,MOSFET,M12 (net21 VCLK2 VSS VSS) nmos4
3422_missing_Capacitor.net,Capacitor,C1 (net23 VOUT1) capacitor
3423_missing_MOSFET.net,MOSFET,MM6 (net13 VSS net11 net18) pmos4
3424_missing_MOSFET.net,MOSFET,MM1 (VB1 neta VDD VDD) pmos4
3425_missing_MOSFET.net,MOSFET,MM1 (VOUT1 net17 net20 VSS) nmos4
3426_missing_MOSFET.net,MOSFET,M12 (net21 VCLK2 VSS VSS) nmos4
3427_missing_MOSFET.net,MOSFET,MM2 (VB1 VB1 VSS VSS) nmos4
3428_missing_MOSFET.net,MOSFET,MM6 (net13 VSS net11 net18) pmos4
3429_missing_Resistor.net,Resistor,RR0 (VDD net10) resistor
343_missing_MOSFET.net,MOSFET,M1 (VOUT1 VIN1 VDD VDD) pmos4
3430_missing_MOSFET.net,MOSFET,M12 (net21 VCLK2 VSS VSS) nmos4
3431_missing_MOSFET.net,MOSFET,MM2 (VB1 net1007 VSS VSS) nmos4
3432_missing_MOSFET.net,MOSFET,MM8 (net19 net13 VSS VSS) nmos4
3433_missing_Capacitor.net,Capacitor,C1 (net23 VOUT1) capacitor
3434_missing_MOSFET.net,MOSFET,MM0 (net13 net17 net19 VSS) nmos4
3435_missing_MOSFET.net,MOSFET,MM11 (net023 net024 net1007 VSS) nmos4
3436_missing_MOSFET.net,MOSFET,M14 (VIN1 VCLK1 net21 VSS) nmos4
3437_missing_MOSFET.net,MOSFET,MM15 (net1003 net1003 net9 VSS) nmos4
3438_missing_MOSFET.net,MOSFET,MM0 (net12 VOUT1 net17 VSS) nmos4
3439_missing_MOSFET.net,MOSFET,MM2 (net1006 VB3 net15 VSS) nmos4
344_missing_Capacitor.net,Capacitor,C6 (VOUT1 net011) capacitor
3440_missing_MOSFET.net,MOSFET,M14 (net96 VCLK1 VSS VSS) nmos4
3441_missing_MOSFET.net,MOSFET,M13 (net94 VCLK2 VSS VSS) nmos4
3442_missing_MOSFET.net,MOSFET,MM3 (net23 net93 net17 VSS) nmos4
3443_missing_MOSFET.net,MOSFET,MM5 (net14 VB2 VDD VDD) pmos4
3444_missing_MOSFET.net,MOSFET,M20 (net92 VCLK1 VSS VSS) nmos4
3445_missing_MOSFET.net,MOSFET,MM14 (net025 net012 VDD VDD) pmos4
3446_missing_Capacitor.net,Capacitor,C1 (VOUT1 net94) capacitor
3447_missing_Capacitor.net,Capacitor,C6 (net92 net93) capacitor
3448_missing_MOSFET.net,MOSFET,MM5 (net14 VB2 VDD VDD) pmos4
3449_missing_Capacitor.net,Capacitor,C2 (VOUT1 net95) capacitor
345_missing_Capacitor.net,Capacitor,C0 (IIN1 VOUT1) capacitor
3450_missing_Capacitor.net,Capacitor,C6 (net92 net93) capacitor
3451_missing_MOSFET.net,MOSFET,MM8 (net16 net1003 net29 VSS) nmos4
3452_missing_MOSFET.net,MOSFET,MM14 (net1003 net1006 VDD VDD) pmos4
3453_missing_MOSFET.net,MOSFET,MM4 (net16 net1005 VSS VSS) nmos4
3454_missing_Capacitor.net,Capacitor,C2 (VOUT1 net95) capacitor
3455_missing_MOSFET.net,MOSFET,MM1 (net20 net20 VDD VDD) pmos4
3456_missing_MOSFET.net,MOSFET,MM3 (VB1 VB1 VDD VDD) pmos4
3457_missing_MOSFET.net,MOSFET,MM7 (net010 net010 net025 VSS) nmos4
3458_missing_MOSFET.net,MOSFET,M21 (net92 VCLK2 VSS VSS) nmos4
3459_missing_MOSFET.net,MOSFET,M13 (net94 VCLK2 VSS VSS) nmos4
346_missing_MOSFET.net,MOSFET,M1 (net08 VIN1 IB1 VSS) nmos4
3460_missing_MOSFET.net,MOSFET,MM8 (net15 net15 VSS VSS) nmos4
3461_missing_MOSFET.net,MOSFET,MM4 (net010 VB2 VDD VDD) pmos4
3462_missing_MOSFET.net,MOSFET,MM10 (net024 net1006 VDD VDD) pmos4
3463_missing_MOSFET.net,MOSFET,M11 (net97 VCLK4 VOUT1 VSS) nmos4
3464_missing_MOSFET.net,MOSFET,M15 (net94 VCLK1 VOUT1 VOUT1) nmos4
3465_missing_Capacitor.net,Capacitor,C6 (net92 net93) capacitor
3466_missing_Capacitor.net,Capacitor,C3 (net97 VOUT1) capacitor
3467_missing_MOSFET.net,MOSFET,M13 (net94 VCLK2 VSS VSS) nmos4
3468_missing_MOSFET.net,MOSFET,M17 (VIN2 VCLK2 net96 VSS) nmos4
3469_missing_MOSFET.net,MOSFET,MM2 (net12 net20 VDD VDD) pmos4
3470_missing_MOSFET.net,MOSFET,MM3 (net1007 VB2 VDD VDD) pmos4
3471_missing_MOSFET.net,MOSFET,MM3 (net16 net93 net15 VSS) nmos4
3472_missing_Capacitor.net,Capacitor,C5 (net93 net96) capacitor
3473_missing_MOSFET.net,MOSFET,M11 (net38 VCLK2 VSS VSS) nmos4
3474_missing_MOSFET.net,MOSFET,M12 (net31 VCLK2 VSS VSS) nmos4
3475_missing_MOSFET.net,MOSFET,M12 (net71 VSS net67 VSS) nmos4
3476_missing_Capacitor.net,Capacitor,C1 (net62 net63) capacitor
3477_missing_MOSFET.net,MOSFET,MM2 (net1006 VB3 net15 VSS) nmos4
3478_missing_MOSFET.net,MOSFET,M22 (net60 VCLK3 net62 VSS) nmos4
3479_missing_MOSFET.net,MOSFET,MM1 (net36 net23 VDD VDD) pmos4
348_missing_Resistor.net,Resistor,R0 (VDD VOUT1) resistor
3480_missing_MOSFET.net,MOSFET,MM0 (VB4 VB3 VSS VSS) nmos4
3481_missing_MOSFET.net,MOSFET,MM10 (net33 net11 VSS VSS) nmos4
3482_missing_MOSFET.net,MOSFET,M22 (net60 VCLK3 net62 VSS) nmos4
3483_missing_MOSFET.net,MOSFET,MM11 (net32 net16 VSS VSS) nmos4
3484_missing_MOSFET.net,MOSFET,M20 (net68 VCLK1 VDD VDD) pmos4
3485_missing_MOSFET.net,MOSFET,MM0 (VB3 VB3 VSS VSS) nmos4
3486_missing_MOSFET.net,MOSFET,M21 (net71 VCLK1 VDD VDD) pmos4
3487_missing_MOSFET.net,MOSFET,MM6 (net12 VB2 net26 VDD) pmos4
3488_missing_MOSFET.net,MOSFET,M19 (VOUT1 VCLK1 VDD VDD) pmos4
3489_missing_MOSFET.net,MOSFET,M10 (net67 VCLK1 VSS VSS) nmos4
349_missing_MOSFET.net,MOSFET,M2 (IB1 IB1 VDD VDD) pmos4
3490_missing_MOSFET.net,MOSFET,MM2 (net25 net16 VDD VDD) pmos4
3491_missing_MOSFET.net,MOSFET,MM6 (net9 net11 VDD VDD) pmos4
3492_missing_Capacitor.net,Capacitor,C2 (net60 net75) capacitor
3493_missing_MOSFET.net,MOSFET,M15 (VOUT1 net72 net68 VSS) nmos4
3494_missing_MOSFET.net,MOSFET,M20 (net68 VCLK1 VDD VDD) pmos4
3495_missing_MOSFET.net,MOSFET,MM7 (net010 net010 net025 VSS) nmos4
3496_missing_MOSFET.net,MOSFET,MM10 (net024 VB2 VDD VDD) pmos4
3497_missing_MOSFET.net,MOSFET,MM1 (net75 net9 VSS VSS) nmos4
3498_missing_MOSFET.net,MOSFET,MM4 (net010 net1006 VDD VDD) pmos4
3499_missing_MOSFET.net,MOSFET,MM8 (net025 net010 net023 VSS) nmos4
35_missing_Resistor.net,Resistor,R0 (VDD VOUT1) resistor 
350_missing_MOSFET.net,MOSFET,M11 (net037 VB1 net048 VSS) nmos4
3500_missing_MOSFET.net,MOSFET,M22 (net60 VCLK3 net62 VSS) nmos4
3501_missing_MOSFET.net,MOSFET,MM2 (net1007 net1007 VSS VSS) nmos4
3502_missing_MOSFET.net,MOSFET,M16 (net72 VCLK1 VDD VDD) pmos4
351_missing_Capacitor.net,Capacitor,C1 (net010 VSS) capacitor
352_missing_Capacitor.net,Capacitor,C1 (net012 VSS) capacitor
353_missing_MOSFET.net,MOSFET,M9 (net033 VB1 VDD VDD) pmos4
354_missing_Resistor.net,Resistor,R1 (IIN1 VDD) resistor
355_missing_MOSFET.net,MOSFET,M12 (net031 VB3 VDD VDD) pmos4
356_missing_MOSFET.net,MOSFET,M5 (VOUT2 VB1 net025 VSS) nmos4
357_missing_MOSFET.net,MOSFET,M1 (net019 VIN1 IB1 VSS) nmos4
358_missing_MOSFET.net,MOSFET,M11 (net07 IB1 VSS VSS) nmos4
359_missing_MOSFET.net,MOSFET,M10 (net06 IB1 VSS VSS) nmos4
360_missing_MOSFET.net,MOSFET,M15 (net013 net013 net021 VSS) nmos4
361_missing_MOSFET.net,MOSFET,M9 (net029 net08 VDD VDD) pmos4
362_missing_Resistor.net,Resistor,R2 (net9 IB3) resistor
363_missing_MOSFET.net,MOSFET,M4 (VOUT1 VB1 net021 VSS) nmos4
364_missing_MOSFET.net,MOSFET,M4 (net035 VB1 net040 VSS) nmos4
365_missing_MOSFET.net,MOSFET,M8 (net050 VB4 VSS VSS) nmos4
366_missing_Resistor.net,Resistor,R2 (net051 VOUT2) resistor
367_missing_MOSFET.net,MOSFET,M6 (VOUT2 IB2 VSS VSS) nmos4
368_missing_MOSFET.net,MOSFET,M1 (net7 net10 VDD VDD) pmos4
369_missing_MOSFET.net,MOSFET,M1 (net012 net012 VSS VSS) nmos4
37_missing_MOSFET.net,MOSFET,M1 (VOUT1 VB1 net02 VSS) nmos4
370_missing_MOSFET.net,MOSFET,M3 (net017 net017 VDD VDD) pmos4
371_missing_MOSFET.net,MOSFET,M13 (net015 net015 VDD VDD) pmos4
372_missing_BJT.net,BJT,Q1 (VOUT2 VOUT2 VSS 0) npn
373_missing_Resistor.net,Resistor,R2 (VDD VOUT2) resistor
374_missing_BJT.net,BJT,Q1 (net03 net03 VSS 0) npn
375_missing_BJT.net,BJT,Q0 (VSS VSS net02 0) pnp
376_missing_MOSFET.net,MOSFET,M3 (net03 net03 net011 VSS) nmos4
377_missing_MOSFET.net,MOSFET,M4 (net015 net013 net25 VSS) nmos4
378_missing_MOSFET.net,MOSFET,M7 (net018 net019 VDD VDD) pmos4
379_missing_BJT.net,BJT,Q2 (VSS VSS net032 0) pnp
38_missing_MOSFET.net,MOSFET,M3 (net9 VIN1 VSS VSS) nmos4
380_missing_MOSFET.net,MOSFET,M4 (net026 net018 net016 VSS) nmos4
381_missing_MOSFET.net,MOSFET,M3 (net08 net025 net031 VSS) nmos4
382_missing_MOSFET.net,MOSFET,M4 (net09 net012 VSS VSS) nmos4
383_missing_MOSFET.net,MOSFET,M0 (net015 net012 VSS VSS) nmos4
384_missing_Resistor.net,Resistor,R0 (net7 net8) resistor
385_missing_Capacitor.net,Capacitor,C0 (VOUT1 VSS) capacitor
386_missing_Capacitor.net,Capacitor,C0 (VOUT1 VSS) capacitor
387_missing_CurrentSource.net,CurrentSource,I5 (VCLK1 net08 VDD VSS) INVERTER
387_full_missing_MOSFET.net,MOSFET,M4 (net04 VDD VCLK1 VSS) nmos4
388_missing_Capacitor.net,Capacitor,C0 (VOUT1 VSS) capacitor
389_missing_Capacitor.net,Capacitor,C0 (VOUT1 VSS) capacitor
390_missing_MOSFET.net,MOSFET,M4 (net07 VB1 net018 VSS) nmos4
391_missing_Capacitor.net,Capacitor,C0 (VOUT1 net013) capacitor
392_missing_MOSFET.net,MOSFET,M2 (VDD net017 net22 VSS) nmos4
392_full_missing_MOSFET.net,MOSFET,M4 (VDD net014 net22 VSS) nmos4
393_missing_CurrentSource.net,CurrentSource,I6 (net025 net011 VCLK2 VDD VSS) TRANSMISSION_GATE
394_missing_MOSFET.net,MOSFET,M4 (net2 VCLK2 VOUT1 VSS) nmos4
395_missing_CurrentSource.net,CurrentSource,I10 (VCM1 net44 VCLK1 VDD VSS) TRANSMISSION_GATE
396_missing_Resistor.net,Resistor,R0 (VOUT1 VDD) resistor
397_missing_MOSFET.net,MOSFET,M9 (VDD VDD VOUT2 VDD) nmos4
398_missing_MOSFET.net,MOSFET,M2 (IB1 IB3 VDD VDD) pmos4
399_missing_MOSFET.net,MOSFET,M6 (VOUT1 IB3 VDD VDD) pmos4
4_missing_MOSFET.net,MOSFET,M0 (VDD VDD VIN1 VSS) nmos4
400_missing_MOSFET.net,MOSFET,M5 (net8 VB3 VSS VSS) nmos4
400_full_missing_CurrentSource.net,CurrentSource,I14 (net035 net034 VCLK2 VDD VSS) TRANSMISSION_GATE
401_missing_Resistor.net,Resistor,R3 (VDD net6) resistor
402_missing_Resistor.net,Resistor,R1 (VDD VOUT2) resistor
403_missing_Resistor.net,Resistor,R0 (VDD VOUT1) resistor
404_missing_Capacitor.net,Capacitor,C0 (net21 VSS) capacitor
405_missing_Capacitor.net,Capacitor,C1 (net31 VSS) capacitor
406_missing_Resistor.net,Resistor,R4 (VDD net15) resistor
407_missing_MOSFET.net,MOSFET,M1 (net24 VIN2 net23 VSS) nmos4
408_missing_MOSFET.net,MOSFET,M1 (net9 VIN2 IB1 VSS) nmos4
409_missing_MOSFET.net,MOSFET,M3 (VOUT2 VOUT2 VDD VDD) pmos4
41_missing_MOSFET.net,MOSFET,M5 (net07 VB3 VDD VDD) pmos4
410_missing_MOSFET.net,MOSFET,M4 (VDD VOUT1 IB2 VSS) nmos4
412_missing_Resistor.net,Resistor,R0 (VDD VOUT1) resistor
413_missing_Capacitor.net,Capacitor,C1 (VDD VOUT1) capacitor
417_missing_Capacitor.net,Capacitor,C1 (VOUT1 IB1) capacitor
418_missing_MOSFET.net,MOSFET,M0 (VOUT1 VB1 IIN1 VSS) nmos4
419_missing_Resistor.net,Resistor,R0 (VDD VOUT1) resistor
420_missing_Inductor.net,Inductor,L0 (VDD VOUT1) inductor
421_missing_MOSFET.net,MOSFET,M1 (VDD IB2 IB1 VSS) nmos4
422_missing_MOSFET.net,MOSFET,M1 (VDD net11 IB1 VSS) nmos4
424_missing_Inductor.net,Inductor,L0 (IIN1 VSS) inductor
425_missing_Capacitor.net,Capacitor,C0 (net2 net3) capacitor
426_missing_MOSFET.net,MOSFET,M0 (VDD net11 IB1 VSS) nmos4
427_missing_MOSFET.net,MOSFET,M0 (net6 VB1 IB1 VSS) nmos4
428_missing_Resistor.net,Resistor,R0 (VDD net5) resistor
429_missing_MOSFET.net,MOSFET,M3 (VOUT2 VIN2 IB1 VSS) nmos4
43_missing_MOSFET.net,MOSFET,M0 (VOUT1 VIN1 VSS VSS) nmos4
430_missing_MOSFET.net,MOSFET,M3 (net16 VCONT2 IB2 VSS) nmos4
431_missing_MOSFET.net,MOSFET,M0 (net8 VIN1 IB1 VDD) pmos4
432_missing_MOSFET.net,MOSFET,M8 (net14 net15 net16 VSS) nmos4
433_missing_MOSFET.net,MOSFET,M2 (net25 VCONT2 IB2 VSS) nmos4
434_missing_MOSFET.net,MOSFET,M6 (VOUT2 net5 net8 VSS) nmos4
435_missing_MOSFET.net,MOSFET,M6 (net23 VCONT1 IB1 VSS) nmos4
436_missing_MOSFET.net,MOSFET,M1 (net12 net10 IB1 VSS) nmos4
437_missing_MOSFET.net,MOSFET,M1 (net12 net9 IB1 VDD) pmos4
438_missing_MOSFET.net,MOSFET,M1 (VOUT2 VOUT1 IB1 VSS) nmos4
438_full_missing_CurrentSource.net,CurrentSource,I0 (VIN1 VOUT2 VDD VSS net20) XOR
439_missing_CurrentSource.net,CurrentSource,I1 (net7 net4 VDD VSS) INVERTER
440_missing_MOSFET.net,MOSFET,M6 (net34 VDD net31 VSS) nmos4
440_full_missing_MOSFET.net,MOSFET,M5 (net31 VSS net34 VDD) pmos4
441_missing_Resistor.net,Resistor,R0 (net5 net8) resistor
442_missing_MOSFET.net,MOSFET,M6 (net2 net2 net12 VSS) nmos4
443_missing_Diode.net,Diode,D1 (VSS VOUT1) diode
444_missing_MOSFET.net,MOSFET,M0 (net3 IB1 net13 net13) nmos4
446_missing_MOSFET.net,MOSFET,M3 (VOUT1 VOUT1 VDD VDD) pmos4
447_missing_MOSFET.net,MOSFET,M4 (VOUT1 VIN1 VSS VSS) nmos4
448_missing_MOSFET.net,MOSFET,M3 (VOUT1 VIN1 VDD VDD) pmos4
449_missing_Resistor.net,Resistor,R0 (net012 VOUT1) resistor
450_missing_MOSFET.net,MOSFET,M0 (VOUT1 VOUT1 VDD VDD) pmos4
451_missing_MOSFET.net,MOSFET,M0 (net4 VOUT1 VDD VDD) pmos4
452_missing_Resistor.net,Resistor,R2 (VIN1 VSS) resistor
453_missing_MOSFET.net,MOSFET,M2 (net3 VB1 VDD VDD) pmos4
454_missing_MOSFET.net,MOSFET,M3 (VOUT1 VB1 VIN1 VDD) pmos4
455_missing_Resistor.net,Resistor,R0 (VDD VOUT1) resistor
456_missing_MOSFET.net,MOSFET,M2 (VIN1 VOUT1 VDD VDD) pmos4
457_missing_MOSFET.net,MOSFET,M0 (VOUT1 VIN1 VDD VDD) pmos4
458_missing_Capacitor.net,Capacitor,C1 (VOUT1 VIN1) capacitor
459_missing_Resistor.net,Resistor,R2 (IB3 IB4) resistor
46_missing_Resistor.net,Resistor,R0 (VOUT1 VSS) resistor
460_missing_Capacitor.net,Capacitor,C6 (VOUT4 VSS) capacitor
461_missing_Resistor.net,Resistor,R2 (VIN1 net8) resistor
462_missing_MOSFET.net,MOSFET,M0 (VOUT1 VIN1 VSS VSS) nmos4
463_missing_Capacitor.net,Capacitor,C0 (VOUT1 VSS) capacitor
464_missing_Inductor.net,Inductor,L0 (VDD VOUT1) inductor
465_missing_Resistor.net,Resistor,R1 (net2 VOUT1) resistor
466_missing_MOSFET.net,MOSFET,M2 (VOUT1 net07 IB1 VDD) pmos4
467_missing_Resistor.net,Resistor,R0 (VIN1 net7) resistor
468_missing_Resistor.net,Resistor,R0 (VIN1 net09) resistor
469_missing_Capacitor.net,Capacitor,C0 (net07 net06) capacitor
470_missing_Resistor.net,Resistor,R2 (net07 VSS) resistor
471_missing_MOSFET.net,MOSFET,M2 (VOUT1 VB2 net07 VSS) nmos4
472_missing_Capacitor.net,Capacitor,C0 (VDD net02) capacitor
473_missing_Capacitor.net,Capacitor,C2 (net9 VSS) capacitor
474_missing_MOSFET.net,MOSFET,M2 (VOUT1 VDD net022 VSS) nmos4
475_missing_Resistor.net,Resistor,R1 (net013 IB1) resistor
476_missing_Capacitor.net,Capacitor,C1 (IB1 VSS) capacitor
477_missing_Capacitor.net,Capacitor,C2 (net011 net013) capacitor
478_missing_Resistor.net,Resistor,R1 (VDD VOUT2) resistor
479_missing_MOSFET.net,MOSFET,M1 (net1 IB1 VSS VSS) nmos4
48_missing_Resistor.net,Resistor,R0 (VDD VOUT1) resistor
480_missing_Resistor.net,Resistor,R1 (VDD VOUT1) resistor
481_missing_MOSFET.net,MOSFET,M0 (net011 net013 net012 VSS) nmos4
482_missing_MOSFET.net,MOSFET,M2 (VOUT1 VDD net012 VSS) nmos4
483_missing_Inductor.net,Inductor,L0 (VDD VOUT2) inductor
484_missing_MOSFET.net,MOSFET,M3 (VOUT1 VDD net010 VSS) nmos4
485_missing_MOSFET.net,MOSFET,M0 (VOUT1 VIN1 IB1 VSS) nmos4
486_missing_Resistor.net,Resistor,R1 (net3 VSS) resistor
487_missing_Resistor.net,Resistor,R1 (VDD VOUT1) resistor
488_missing_MOSFET.net,MOSFET,M1 (VOUT1 VIN1 VSS VSS) nmos4
489_missing_MOSFET.net,MOSFET,M2 (VIN1 VB1 VOUT1 VDD) pmos4
491_missing_Inductor.net,Inductor,L1 (VOUT1 VSS) inductor
492_missing_Inductor.net,Inductor,L0 (net4 VIN1) inductor
493_missing_Capacitor.net,Capacitor,C2 (net14 VIN2) capacitor
494_missing_Capacitor.net,Capacitor,C1 (VLO1 VRF1) capacitor
495_missing_Resistor.net,Resistor,R0 (VOUT1 VSS) resistor
496_missing_MOSFET.net,MOSFET,M2 (VOUT1 VLO2 VRF2 VSS) nmos4
497_missing_Resistor.net,Resistor,R1 (VDD VOUT2) resistor
498_missing_Resistor.net,Resistor,R0 (VDD VIF1) resistor
50_missing_Resistor.net,Resistor,R0 (VIN1 net3) resistor
500_missing_Resistor.net,Resistor,R2 (VDD VIF1) resistor
501_missing_MOSFET.net,MOSFET,M1 (net7 VRF1 VSS VSS) nmos4
503_missing_Resistor.net,Resistor,R1 (VDD VIF2) resistor
504_missing_MOSFET.net,MOSFET,M0 (net13 VRF1 VSS VSS) nmos4
505_missing_Resistor.net,Resistor,R1 (VDD VIF2) resistor
506_missing_MOSFET.net,MOSFET,M4 (VIF2 VB1 VDD VDD) pmos4
507_missing_Resistor.net,Resistor,R1 (VDD VIF2) resistor
508_missing_MOSFET.net,MOSFET,M1 (net06 VB1 VDD VDD) pmos4
509_missing_MOSFET.net,MOSFET,M1 (net09 VRF1 net06 net06) nmos4
510_missing_Capacitor.net,Capacitor,C1 (IB1 IIN1) capacitor
511_missing_MOSFET.net,MOSFET,M6 (VOUT1 VLO1 VBB2 VSS) nmos4
512_missing_MOSFET.net,MOSFET,M0 (VOUT2 VLO2 VBB2 VSS) nmos4
513_missing_Inductor.net,Inductor,L2 (VOUT2 VDD) inductor
514_missing_Capacitor.net,Capacitor,C0 (VSS VOUT1) capacitor
515_missing_MOSFET.net,MOSFET,M7 (VRF1 VLO2 net012 VSS) nmos4
516_missing_MOSFET.net,MOSFET,M8 (VRF2 VLO1 net014 VSS) nmos4
517_missing_MOSFET.net,MOSFET,M5 (VRF2 VLO2 net015 VSS) nmos4
518_missing_Inductor.net,Inductor,L3 (VDD VOUT2) inductor
519_missing_MOSFET.net,MOSFET,M4 (VIF2 VLO2 net01 VSS) nmos4
52_missing_MOSFET.net,MOSFET,M0 (net18 VIN1 VSS VSS) nmos4
520_missing_MOSFET.net,MOSFET,M1 (net013 VLO1 VSS VSS) nmos4
521_missing_Capacitor.net,Capacitor,C1 (VDD VOUT2) capacitor
522_missing_Capacitor.net,Capacitor,C0 (VDD VOUT1) capacitor
524_missing_Inductor.net,Inductor,L0 (VDD net016) inductor
525_missing_Inductor.net,Inductor,L0 (VDD net016) inductor
526_missing_MOSFET.net,MOSFET,M0 (VDD net013 IB2 VSS) nmos4
527_missing_MOSFET.net,MOSFET,M1 (VCONT1 net013 VCONT1 VSS) nmos4
528_missing_MOSFET.net,MOSFET,M0 (net023 net021 VSS VSS) nmos4
529_missing_MOSFET.net,MOSFET,M0 (net023 net021 IB1 VSS) nmos4
530_missing_MOSFET.net,MOSFET,M3 (IB1 IB1 VSS VSS) nmos4
531_missing_Inductor.net,Inductor,L2 (VDD net021) inductor
532_missing_MOSFET.net,MOSFET,M2 (net022 net023 VDD VDD) pmos4
533_missing_Inductor.net,Inductor,L0 (net026 net025) inductor
534_missing_MOSFET.net,MOSFET,M1 (net06 VCONT1 VSS VSS) nmos4
535_missing_MOSFET.net,MOSFET,M1 (VCONT1 net1 VCONT1 VSS) nmos4
536_missing_MOSFET.net,MOSFET,M0 (net015 net013 VDD VDD) pmos4
537_missing_Inductor.net,Inductor,L2 (VDD net09) inductor
538_missing_Capacitor.net,Capacitor,C0 (IB1 VSS) capacitor
539_missing_MOSFET.net,MOSFET,M0 (net013 net011 net02 VSS) nmos4
54_missing_MOSFET.net,MOSFET,M1 (net33 VB1 VOUT1 VSS) nmos4
540_missing_Capacitor.net,Capacitor,C1 (IB1 VSS) capacitor
541_missing_MOSFET.net,MOSFET,M0 (net07 net010 IB1 VSS) nmos4
542_missing_MOSFET.net,MOSFET,M0 (net016 net018 IB1 VSS) nmos4
543_missing_MOSFET.net,MOSFET,M8 (net028 net037 IB3 VSS) nmos4
544_missing_MOSFET.net,MOSFET,M1 (VCONT1 net019 VCONT1 VSS) nmos4
545_missing_Capacitor.net,Capacitor,C0 (net8 VSS) capacitor
545_full_missing_MOSFET.net,MOSFET,M3 (VOUT1 VOUT2 VSS VSS) nmos4
546_missing_Inductor.net,Inductor,L1 (VDD VOUT2) inductor
547_missing_MOSFET.net,MOSFET,M4 (VCONT1 VOUT2 VCONT1 VSS) nmos4
548_missing_Capacitor.net,Capacitor,C0 (VCONT1 VSS) capacitor
549_missing_Resistor.net,Resistor,R0 (net11 VCONT1) resistor
549_full_missing_MOSFET.net,MOSFET,M0 (VCONT1 LOGICQB1 net7 VSS) nmos4
550_missing_MOSFET.net,MOSFET,M13 (net34 VSS LOGICQB1 VDD) pmos4
550_full_missing_CurrentSource.net,CurrentSource,I5 (LOGICQA1 net028 VDD VSS) INVERTER
551_missing_Capacitor.net,Capacitor,C1 (net039 VSS) capacitor
552_missing_MOSFET.net,MOSFET,M0 (VCONT3 VB2 IB2 VSS) nmos4
553_missing_Capacitor.net,Capacitor,C1 (net025 VSS) capacitor
554_missing_Resistor.net,Resistor,R0 (VDD VOUT1) resistor
555_missing_MOSFET.net,MOSFET,M1 (net016 net26 IB1 VSS) nmos4
556_missing_MOSFET.net,MOSFET,M0 (VOUT1 LOGICA1 IB1 VSS) nmos4
557_missing_MOSFET.net,MOSFET,M1 (VOUT1 LOGICA2 net012 VSS) nmos4
558_missing_MOSFET.net,MOSFET,M1 (VOUT1 VB1 IB2 VSS) nmos4
559_missing_MOSFET.net,MOSFET,M0 (net16 VCLK1 IB1 VSS) nmos4
560_missing_MOSFET.net,MOSFET,M3 (net13 net16 net029 VSS) nmos4
561_missing_Resistor.net,Resistor,R1 (VDD net6) resistor
562_missing_MOSFET.net,MOSFET,M2 (net46 net51 IB2 VSS) nmos4
563_missing_MOSFET.net,MOSFET,M0 (net19 LOGICD1 net23 VSS) nmos4
564_missing_Capacitor.net,Capacitor,C0 (VSS net5) capacitor
565_missing_MOSFET.net,MOSFET,M3 (net9 net42 net4 VSS) nmos4
566_missing_MOSFET.net,MOSFET,M1 (net3 VCLK1 net2 VSS) nmos4
567_missing_MOSFET.net,MOSFET,M3 (net52 VCLK1 VDD VDD) pmos4
568_missing_MOSFET.net,MOSFET,M0 (net32 LOGICB1 VDD VDD) pmos4
569_missing_MOSFET.net,MOSFET,M0 (net8 LOGICD1 VDD VDD) pmos4
57_missing_MOSFET.net,MOSFET,M1 (VDD VIN1 VOUT1 VSS) nmos4
570_missing_MOSFET.net,MOSFET,M5 (VOUT1 VIN2 net3 VSS) nmos4
571_missing_MOSFET.net,MOSFET,M0 (net40 VIN1 VSS VSS) nmos4
572_missing_Inductor.net,Inductor,L0 (VDD VOUT1) inductor
573_missing_Inductor.net,Inductor,L0 (VDD VOUT1) inductor
574_missing_Capacitor.net,Capacitor,C0 (VOUT1 net1) capacitor
575_missing_Inductor.net,Inductor,L0 (VDD VOUT1) inductor
576_missing_MOSFET.net,MOSFET,M2 (net028 IREF1 VSS VSS) nmos4
576_full_missing_CurrentSource.net,CurrentSource,I11 (net15 IOUT1 VCONT3 VDD VSS) TRANSMISSION_GATE
577_missing_Resistor.net,Resistor,R6 (VDD net032) resistor
578_missing_MOSFET.net,MOSFET,M0 (net4 VIN1 VSS VSS) nmos4
579_missing_Capacitor.net,Capacitor,C0 (net12 net13) capacitor
580_missing_Capacitor.net,Capacitor,C1 (net14 VSS) capacitor
581_missing_Capacitor.net,Capacitor,C1 (net7 net12) capacitor
582_missing_MOSFET.net,MOSFET,M0 (net9 VIN1 VSS VSS) nmos4
583_missing_MOSFET.net,MOSFET,M1 (net4 VIN1 VSS VSS) nmos4
584_missing_Inductor.net,Inductor,L0 (VDD VOUT1) inductor
585_missing_Inductor.net,Inductor,L0 (VDD net5) inductor
586_missing_Capacitor.net,Capacitor,C0 (net13 net18) capacitor
587_missing_MOSFET.net,MOSFET,M3 (net10 net7 VDD VDD) pmos4
588_missing_MOSFET.net,MOSFET,M1 (VOUT1 net5 net7 VSS) nmos4
589_missing_Resistor.net,Resistor,R0 (net19 VOUT1) resistor
59_missing_Resistor.net,Resistor,R0 (net7 VSS) resistor
590_missing_Capacitor.net,Capacitor,C3 (net13 VIN2) capacitor
591_missing_MOSFET.net,MOSFET,M5 (net6 net17 VSS VSS) nmos4
592_missing_MOSFET.net,MOSFET,M3 (net8 net5 VSS VSS) nmos4
593_missing_Capacitor.net,Capacitor,C1 (net7 net1) capacitor
594_missing_Resistor.net,Resistor,R3 (VDD VOUT1) resistor
595_missing_Capacitor.net,Capacitor,C1 (net33 net30) capacitor
596_missing_Capacitor.net,Capacitor,C0 (VIN1 net1) capacitor
597_missing_MOSFET.net,MOSFET,M14 (VBB3 net045 IB4 IB4) pmos4
598_missing_Resistor.net,Resistor,R0 (VOUT2 VSS) resistor
599_missing_Resistor.net,Resistor,R6 (net24 IB2) resistor
6_missing_Capacitor.net,Capacitor,C0 (VOUT1 VSS) capacitor
600_missing_MOSFET.net,MOSFET,M1 (LOGICQ1 LOGICD2 net10 VSS) nmos4
601_missing_MOSFET.net,MOSFET,M7 (net15 VCLK1 VSS VSS) nmos4
602_missing_MOSFET.net,MOSFET,M13 (net029 VCLK1 net054 VSS) nmos4
602_full_missing_MOSFET.net,MOSFET,M4 (net041 VCLK1 net045 VSS) nmos4
603_missing_MOSFET.net,MOSFET,M7 (net12 VCONT4 VSS VSS) nmos4
604_missing_BJT.net,BJT,Q0 (IOUT1 IB1 VSS 0) npn
605_missing_Resistor.net,Resistor,R0 (net7 VSS) resistor
606_missing_BJT.net,BJT,Q3 (net05 net05 VSS 0) npn
607_missing_BJT.net,BJT,Q2 (net04 net05 VSS 0) npn
608_missing_BJT.net,BJT,Q2 (VDD IB1 net02 0) npn
609_missing_MOSFET.net,MOSFET,M3 (IOUT3 IB1 VSS VSS) nmos4
61_missing_MOSFET.net,MOSFET,M2 (VOUT1 VOUT1 VDD VDD) pmos4
610_missing_MOSFET.net,MOSFET,M4 (net8 net8 VSS VSS) nmos4
611_missing_MOSFET.net,MOSFET,M1 (net011 IB2 VSS VSS) nmos4
612_missing_MOSFET.net,MOSFET,M3 (IOUT1 IB1 net011 VSS) nmos4
613_missing_MOSFET.net,MOSFET,M3 (IOUT1 IB1 net018 VSS) nmos4
614_missing_Resistor.net,Resistor,R0 (net5 VSS) resistor
615_missing_MOSFET.net,MOSFET,M0 (IOUT1 VIN1 IB1 VSS) nmos4
616_missing_BJT.net,BJT,Q0 (VOUT1 VIN1 net1 0) npn
617_missing_BJT.net,BJT,Q1 (VOUT2 VIN2 net7 0) npn
618_missing_Resistor.net,Resistor,R2 (VDD VOUT2) resistor
619_missing_MOSFET.net,MOSFET,M3 (net10 net10 VDD VDD) pmos4
620_missing_Resistor.net,Resistor,R0 (net01 VSS) resistor
621_missing_BJT.net,BJT,Q3 (VSS VSS net6 0) pnp
622_missing_BJT.net,BJT,Q3 (net5 net5 net4 0) npn
623_missing_Resistor.net,Resistor,R0 (net03 VSS) resistor
624_missing_BJT.net,BJT,Q14 (net40 net40 net39 0) npn
625_missing_Resistor.net,Resistor,R3 (VDD VOUT1) resistor
626_missing_Resistor.net,Resistor,R2 (net2 VSS) resistor
628_missing_MOSFET.net,MOSFET,M2 (IB1 IB1 net40 VDD) pmos4
629_missing_MOSFET.net,MOSFET,M22 (net074 net036 net038 VSS) nmos4
63_missing_MOSFET.net,MOSFET,M1 (VOUT1 VIN1 net28 VSS) nmos4
630_missing_MOSFET.net,MOSFET,M19 (net0106 net0106 net0107 VDD) pmos4
632_missing_MOSFET.net,MOSFET,M5 (net10 VB1 net9 net22) nmos4
633_missing_MOSFET.net,MOSFET,M0 (net10 net10 VDD VDD) pmos4
634_missing_MOSFET.net,MOSFET,M3 (net4 net4 VDD VDD) pmos4
635_missing_MOSFET.net,MOSFET,M3 (IIN1 IIN1 VSS VSS) nmos4
636_missing_BJT.net,BJT,Q11 (net8 net15 net07 0) npn
637_missing_Resistor.net,Resistor,R4 (VIN2 VSS) resistor
638_missing_MOSFET.net,MOSFET,M12 (net045 net045 net056 VSS) nmos4
640_missing_MOSFET.net,MOSFET,M21 (net017 net035 VSS VSS) nmos4
641_missing_BJT.net,BJT,Q4 (VSS net13 net3 0) pnp
642_missing_Capacitor.net,Capacitor,C0 (net3 VSS) capacitor
643_missing_MOSFET.net,MOSFET,M2 (net35 net31 VIN1 VIN1) pmos4
645_missing_MOSFET.net,MOSFET,M4 (net14 net12 VSS VSS) nmos4
646_missing_Capacitor.net,Capacitor,C3 (net1 net09) capacitor
647_missing_Resistor.net,Resistor,R1 (VDD VOUT2) resistor
648_missing_MOSFET.net,MOSFET,M10 (net36 net38 VDD VDD) pmos4
649_missing_MOSFET.net,MOSFET,M9 (net13 net79 VDD VDD) pmos4
65_missing_MOSFET.net,MOSFET,M1 (VOUT1 VB1 net5 VSS) nmos4
650_missing_Resistor.net,Resistor,R0 (VDD net5) resistor
651_missing_Capacitor.net,Capacitor,C0 (VOUT1 VSS) capacitor
652_missing_MOSFET.net,MOSFET,M5 (net10 VB1 net9 VSS) nmos4
653_missing_Capacitor.net,Capacitor,C0 (net7 IB2) capacitor
654_missing_BJT.net,BJT,Q0 (IOUT1 IB1 IB3 0) npn
655_missing_BJT.net,BJT,Q3 (VSS VSS IB3 0) npn
656_missing_BJT.net,BJT,Q2 (IOUT1 IB3 IB1 0) npn
657_missing_BJT.net,BJT,Q3 (VDD VB1 net22 0) npn
658_missing_BJT.net,BJT,Q3 (VOUT1 VIN2 net012 0) npn
659_missing_Resistor.net,Resistor,R5 (IB2 IB1) resistor
660_missing_BJT.net,BJT,Q6 (net07 VIN1 net031 VSS) nmos4
661_missing_MOSFET.net,MOSFET,M5 (VDD IB2 net012 VSS) nmos4
662_missing_MOSFET.net,MOSFET,M8 (VDD IB4 VOUT1 VSS) nmos4
663_missing_MOSFET.net,MOSFET,M3 (net038 net036 VSS VSS) nmos4
664_missing_Resistor.net,Resistor,R0 (net8 net6) resistor
665_missing_MOSFET.net,MOSFET,M13 (net11 net11 VSS VSS) nmos4
666_missing_Resistor.net,Resistor,R0 (VIN1 VOUT1) resistor
667_missing_Capacitor.net,Capacitor,C0 (VOUT1 VSS) capacitor
668_missing_MOSFET.net,MOSFET,M0 (VOUT1 IB1 VDD VDD) pmos4
67_missing_MOSFET.net,MOSFET,M2 (net1 VOUT1 VDD VDD) pmos4
670_missing_MOSFET.net,MOSFET,M0 (VOUT1 IB1 VDD VDD) pmos4
671_missing_MOSFET.net,MOSFET,M0 (IOUT1 IIN1 net8 VSS) nmos4
672_missing_MOSFET.net,MOSFET,M3 (IIN1 IIN1 net6 VSS) nmos4
674_missing_MOSFET.net,MOSFET,M1 (net8 VB1 IB1 VDD) pmos4
675_missing_MOSFET.net,MOSFET,M2 (net9 VIN2 IB1 VSS) nmos4
676_missing_Resistor.net,Resistor,R0 (IIN1 net6) resistor
677_missing_MOSFET.net,MOSFET,M2 (net13 net13 VSS VSS) nmos4
678_missing_MOSFET.net,MOSFET,M1 (VOUT1 VIN1 VSS VSS) nmos4
679_missing_MOSFET.net,MOSFET,M0 (VOUT1 VOUT1 VDD VDD) pmos4
680_missing_MOSFET.net,MOSFET,M1 (net5 net5 VSS VSS) nmos4
681_missing_MOSFET.net,MOSFET,M2 (net7 IB1 net14 VDD) pmos4
682_missing_MOSFET.net,MOSFET,M5 (IB1 IB1 net02 VSS) nmos4
683_missing_MOSFET.net,MOSFET,M4 (net046 net046 VSS VSS) nmos4
684_missing_MOSFET.net,MOSFET,M7 (VDD VDD VDD VDD) pmos4
687_missing_MOSFET.net,MOSFET,M1 (VOUT1 VOUT1 VDD VDD) pmos4
688_missing_Resistor.net,Resistor,R1 (VOUT1 VIN1) resistor
689_missing_MOSFET.net,MOSFET,M7 (VOUT1 IB1 VDD VDD) pmos4
69_missing_Resistor.net,Resistor,R0 (VDD VOUT1) resistor
690_missing_MOSFET.net,MOSFET,M0 (net06 net05 VSS VSS) nmos4
691_missing_Capacitor.net,Capacitor,C0 (VOUT1 VSS) capacitor
692_missing_MOSFET.net,MOSFET,M5 (VOUT1 VSS IB1 VSS) nmos4
693_missing_Resistor.net,Resistor,R0 (VIN1 VOUT1) resistor
694_missing_MOSFET.net,MOSFET,M0 (VOUT1 VIN1 net2 VSS) nmos4
695_missing_Capacitor.net,Capacitor,C0 (VOUT1 VSS) capacitor
696_missing_Resistor.net,Resistor,R0 (VOUT1 VSS) resistor
697_missing_Capacitor.net,Capacitor,C0 (net2 IB1) capacitor
698_missing_MOSFET.net,MOSFET,M0 (IOUT1 IIN1 VSS VSS) nmos4
699_missing_Capacitor.net,Capacitor,C1 (VDD VOUT2) capacitor
700_missing_MOSFET.net,MOSFET,M2 (net09 net08 IB1 VSS) nmos4
701_missing_MOSFET.net,MOSFET,M1 (VOUT2 net13 IB1 VSS) nmos4
702_missing_Capacitor.net,Capacitor,C0 (VOUT1 VSS) capacitor
703_missing_Resistor.net,Resistor,R3 (IIN1 VSS) resistor
704_missing_Resistor.net,Resistor,R4 (VOUT2 VIN2) resistor
705_missing_Capacitor.net,Capacitor,C0 (net022 VOUT1) capacitor
706_missing_Resistor.net,Resistor,R0 (VIN1 net011) resistor
707_missing_MOSFET.net,MOSFET,M18 (VOUT1 VIN1 VSS VSS) nmos4
708_missing_MOSFET.net,MOSFET,M18 (VOUT1 VB2 VSS VSS) nmos4
709_missing_MOSFET.net,MOSFET,M3 (IOUT1 IB1 net14 VSS) nmos4
71_missing_MOSFET.net,MOSFET,M0 (VOUT1 VIN1 IB1 VSS) nmos4
710_missing_MOSFET.net,MOSFET,M2 (IIN1 IB2 net021 VSS) nmos4
711_missing_MOSFET.net,MOSFET,M5 (IB2 IB3 VSS VSS) nmos4
712_missing_MOSFET.net,MOSFET,M0 (net059 IIN1 VSS VSS) nmos4
713_missing_MOSFET.net,MOSFET,M5 (net19 VIN2 IB2 VSS) nmos4
714_missing_MOSFET.net,MOSFET,M12 (net06 VIN2 IB1 VSS) nmos4
715_missing_MOSFET.net,MOSFET,M6 (net074 VB1 VDD VDD) pmos4
716_missing_Resistor.net,Resistor,R3 (IB1 net020) resistor
717_missing_MOSFET.net,MOSFET,M4 (VOUT1 VOUT1 VSS VSS) nmos4
718_missing_MOSFET.net,MOSFET,M3 (net020 VIN1 IB1 VDD) pmos4
719_missing_MOSFET.net,MOSFET,M2 (VOUT1 VOUT1 VSS VSS) nmos4
720_missing_MOSFET.net,MOSFET,M1 (net8 net6 VSS VSS) nmos4
721_missing_MOSFET.net,MOSFET,M3 (net015 net011 VSS VSS) nmos4
722_missing_MOSFET.net,MOSFET,M0 (VDD VDD VOUT1 VSS) nmos4
723_missing_MOSFET.net,MOSFET,M2 (IOUT1 net05 net022 VSS) nmos4
724_missing_MOSFET.net,MOSFET,M5 (net038 IB2 VSS VSS) nmos4
725_missing_Capacitor.net,Capacitor,C0 (VOUT1 VSS) capacitor
726_missing_MOSFET.net,MOSFET,M3 (IB1 IB1 VSS VSS) nmos4
727_missing_Capacitor.net,Capacitor,C0 (VDD IB1) capacitor
728_missing_MOSFET.net,MOSFET,M4 (net10 net4 net9 VSS) nmos4
729_missing_MOSFET.net,MOSFET,M8 (VB2 VB1 VSS VSS) nmos4
730_missing_Resistor.net,Resistor,R1 (net14 VSS) resistor
731_missing_BJT.net,BJT,Q6 (net9 net33 net29 0) npn
732_missing_Resistor.net,Resistor,R12 (net039 VSS) resistor
733_missing_Capacitor.net,Capacitor,C3 (VREF1 net08) capacitor
734_missing_Diode.net,Diode,D1 (net21 VSS) diode
735_missing_MOSFET.net,MOSFET,M1 (net013 net013 VDD VDD) pmos4
736_missing_MOSFET.net,MOSFET,M0 (net5 net5 VSS VSS) nmos4
738_missing_MOSFET.net,MOSFET,M3 (net13 net9 VSS VSS) nmos4
739_missing_MOSFET.net,MOSFET,M18 (net043 VLATCH1 VDD VDD) pmos4
739_full_missing_MOSFET.net,MOSFET,M7 (net16 net14 VDD VDD) pmos4
740_missing_MOSFET.net,MOSFET,M13 (VOUT1 VLATCH1 net032 VSS) nmos4
741_missing_MOSFET.net,MOSFET,M7 (VOUT1 VOUT1 net16 VSS) nmos4
742_missing_MOSFET.net,MOSFET,M10 (net35 VLATCH1 VSS VSS) nmos4
743_missing_MOSFET.net,MOSFET,M9 (IB3 IB4 net22 VSS) nmos4
743_full_missing_MOSFET.net,MOSFET,M8 (IB4 IB3 net22 VSS) nmos4
744_missing_MOSFET.net,MOSFET,M9 (net3 net36 net15 VDD) pmos4
744_full_missing_MOSFET.net,MOSFET,M6 (net15 net25 net5 VDD) pmos4
745_missing_BJT.net,BJT,Q2 (VSS net26 net29 0) npn
746_missing_Resistor.net,Resistor,R7 (net14 VSS) resistor
747_missing_BJT.net,BJT,Q6 (net5 VLATCH1 net9 0) npn
748_missing_Resistor.net,Resistor,R1 (net5 net6) resistor
749_missing_MOSFET.net,MOSFET,M5 (VOUT1 net4 VDD VDD) pmos4
75_missing_MOSFET.net,MOSFET,M1 (VOUT2 VIN2 IB1 VSS) nmos4
750_missing_MOSFET.net,MOSFET,M1 (VDD net3 VOUT1 VSS) nmos4
751_missing_MOSFET.net,MOSFET,M1 (VDD net014 VOUT1 net02) nmos4
752_missing_MOSFET.net,MOSFET,M0 (VIN1 VCLK1 net11 VSS) nmos4
753_missing_Resistor.net,Resistor,R11 (VOUT1 VSS) resistor
754_missing_Resistor.net,Resistor,R0 (net54 net53) resistor
755_missing_Capacitor.net,Capacitor,C1 (VOUT1 net45) capacitor
757_missing_MOSFET.net,MOSFET,M4 (VOUT1 net24 VDD VDD) pmos4
758_missing_BJT.net,BJT,Q5 (net32 IB2 net14 0) npn
759_missing_MOSFET.net,MOSFET,M7 (net36 net11 net19 VSS) nmos4
760_missing_BJT.net,BJT,Q5 (VSS net027 net057 0) pnp
761_missing_MOSFET.net,MOSFET,M25 (net28 VCLK5 net31 VSS) nmos4
762_missing_MOSFET.net,MOSFET,M1 (net07 VCLK1 VIN1 VSS) nmos4
763_missing_MOSFET.net,MOSFET,M4 (net35 net15 VDD VDD) pmos4
764_missing_Diode.net,Diode,D0 (VOUT1 net34) diode
765_missing_BJT.net,BJT,Q10 (VOUT2 VTRACK1 net14 0) npn
766_missing_Resistor.net,Resistor,R0 (VDD IOUT2) resistor
767_missing_BJT.net,BJT,Q5 (IOUT2 IIN2 net8 0) npn
768_missing_BJT.net,BJT,Q4 (VDD IB1 IB3 0) npn
769_missing_MOSFET.net,MOSFET,M5 (net15 IB2 VSS VSS) nmos4
77_missing_MOSFET.net,MOSFET,M1 (VOUT2 VIN2 IB1 VSS) nmos4
770_missing_MOSFET.net,MOSFET,M6 (IB4 VIN2 IB2 VDD) pmos4
771_missing_Resistor.net,Resistor,R1 (VDD IOUT2) resistor
772_missing_Resistor.net,Resistor,R1 (VDD IOUT2) resistor
773_missing_MOSFET.net,MOSFET,M3 (VSS VCONT2 net8 VDD) pmos4
774_missing_MOSFET.net,MOSFET,M3 (VDD VIN2 IB1 VSS) nmos4
775_missing_MOSFET.net,MOSFET,M5 (IOUT4 IB2 net14 VDD) pmos4
776_missing_MOSFET.net,MOSFET,M6 (IOUT2 VIN2 IB1 VSS) nmos4
777_missing_MOSFET.net,MOSFET,M2 (IOUT2 net015 VSS VSS) nmos4
778_missing_Resistor.net,Resistor,R4 (IOUT2 VDD) resistor
779_missing_BJT.net,BJT,Q8 (VDD VIN1 net6 0) npn
780_missing_BJT.net,BJT,Q0 (net036 net036 net02 0) npn
781_missing_Resistor.net,Resistor,R0 (VDD IOUT1) resistor
782_missing_MOSFET.net,MOSFET,M5 (net06 VCM1 VSS VSS) nmos4
783_missing_BJT.net,BJT,Q6 (IOUT1 IB1 VSS 0) npn
784_missing_BJT.net,BJT,Q4 (IOUT2 VCONT2 net17 0) npn
785_missing_MOSFET.net,MOSFET,M3 (VIN2 VCONT1 net12 VSS) nmos4
786_missing_MOSFET.net,MOSFET,M1 (VIN2 VCONT1 net031 VSS) nmos4
787_missing_MOSFET.net,MOSFET,M9 (net83 VB3 net24 VSS) nmos4
788_missing_MOSFET.net,MOSFET,M35 (net139 VSS IB3 VSS) nmos4
789_missing_MOSFET.net,MOSFET,M2 (net3 VB1 net13 VDD) pmos4
790_missing_MOSFET.net,MOSFET,M12 (net71 VCLK2 VSS VSS) nmos4
791_missing_Capacitor.net,Capacitor,C4 (net75 VOUT1) capacitor
792_missing_MOSFET.net,MOSFET,M5 (VOUT1 VB2 net126 VSS) nmos4
794_missing_Resistor.net,Resistor,R1 (VDD VOUT1) resistor
795_missing_Capacitor.net,Capacitor,C7 (net255 net252) capacitor
796_missing_MOSFET.net,MOSFET,M3 (net93 VB1 net90 VDD) pmos4
797_missing_MOSFET.net,MOSFET,M8 (net184 VSS IB1 VSS) nmos4
799_missing_MOSFET.net,MOSFET,M18 (net94 VCLK2 VOUT1 VSS) nmos4
80_missing_MOSFET.net,MOSFET,M4 (net15 VCONT2 IB1 VSS) nmos4
800_missing_Capacitor.net,Capacitor,C2 (net79 net68) capacitor
801_missing_MOSFET.net,MOSFET,M2 (net50 VB1 net62 VDD) pmos4
802_missing_MOSFET.net,MOSFET,M10 (net220 VCLK3 VSS VSS) nmos4
803_missing_Capacitor.net,Capacitor,C0 (net010 net07) capacitor
804_missing_MOSFET.net,MOSFET,M4 (net048 VB2 net058 VSS) nmos4
805_missing_Capacitor.net,Capacitor,C2 (net44 net41) capacitor
805_full_missing_MOSFET.net,MOSFET,M9 (net61 net45 IB1 VSS) nmos4
806_missing_MOSFET.net,MOSFET,M9 (net15 VOUT1 net14 VSS) nmos4
807_missing_Capacitor.net,Capacitor,C4 (VOUT1 net72) capacitor
808_missing_MOSFET.net,MOSFET,M6 (net134 net97 VSS VSS) nmos4
809_missing_MOSFET.net,MOSFET,M31 (VIN1 net195 net196 VSS) nmos4
809_full_missing_MOSFET.net,MOSFET,M3 (net229 VB1 net203 VDD) pmos4
810_missing_MOSFET.net,MOSFET,M2 (net31 VB1 net36 VDD) pmos4
811_missing_MOSFET.net,MOSFET,M19 (net108 VCLK1 VSS VSS) nmos4
812_missing_Resistor.net,Resistor,R2 (net63 net62) resistor
812_full_missing_MOSFET.net,MOSFET,M16 (net58 VCLK3 net65 VSS) nmos4
813_missing_MOSFET.net,MOSFET,M14 (VCLK1 net116 net99 VSS) nmos4
814_missing_MOSFET.net,MOSFET,M12 (net88 net87 VDD VDD) pmos4
815_missing_BJT.net,BJT,Q12 (VSS net26 LOGICQ2 0) npn
816_missing_MOSFET.net,MOSFET,M7 (IOUT3 IOUT3 VSS VSS) nmos4
817_missing_BJT.net,BJT,Q0 (VDD VIN1 net9 0) npn
818_missing_BJT.net,BJT,Q8 (VDD net53 VOUT1 0) npn
819_missing_MOSFET.net,MOSFET,M0 (net11 VOUT1 net12 VDD) pmos4
82_missing_Resistor.net,Resistor,R1 (VDD VOUT2) resistor
820_missing_MOSFET.net,MOSFET,M2 (net98 VB1 net97 VDD) pmos4
821_missing_Inductor.net,Inductor,L1 (VDD VOUT2) inductor
822_missing_Capacitor.net,Capacitor,C1 (net10 net8) capacitor
823_missing_MOSFET.net,MOSFET,M1 (net15 net14 VDD VDD) pmos4
824_missing_BJT.net,BJT,Q0 (VDD VIN1 IB1 0) npn
825_missing_BJT.net,BJT,Q1 (VDD net2 IOUT1 0) npn
826_missing_MOSFET.net,MOSFET,M7 (net55 net51 VSS VSS) nmos4
827_missing_Resistor.net,Resistor,R0 (VDD VOUT1) resistor
828_missing_BJT.net,BJT,Q1 (VOUT1 VIN2 net4 0) npn
829_missing_Resistor.net,Resistor,R0 (net5 VOUT1) resistor
830_missing_MOSFET.net,MOSFET,M0 (VOUT1 VIN1 net5 VSS) nmos4
831_missing_MOSFET.net,MOSFET,M2 (IB1 net10 VSS VSS) nmos4
832_missing_MOSFET.net,MOSFET,M1 (net7 VIN1 VSS VSS) nmos4
833_missing_BJT.net,BJT,Q0 (VOUT2 VIN1 net7 0) npn
834_missing_Resistor.net,Resistor,R0 (net13 VSS) resistor
835_missing_BJT.net,BJT,Q0 (IIN1 IIN1 net4 0) npn
836_missing_MOSFET.net,MOSFET,M2 (net7 net7 net6 VSS) nmos4
837_missing_MOSFET.net,MOSFET,M4 (net16 net7 VSS VSS) nmos4
839_missing_MOSFET.net,MOSFET,M1 (IIN2 IIN1 net17 VSS) nmos4
84_missing_MOSFET.net,MOSFET,M3 (VOUT1 VB2 net014 net014) pmos4
840_missing_BJT.net,BJT,Q2 (IOUT1 IIN1 net5 0) npn
841_missing_MOSFET.net,MOSFET,M3 (net8 net8 VSS VSS) nmos4
842_missing_BJT.net,BJT,Q1 (VOUT1 IB1 VDD 0) pnp
843_missing_MOSFET.net,MOSFET,M1 (IREF1 IREF1 VDD VDD) pmos4
844_missing_MOSFET.net,MOSFET,M5 (net14 IREF2 VSS VSS) nmos4
845_missing_BJT.net,BJT,Q1 (VOUT1 VIN2 net9 0) npn
846_missing_MOSFET.net,MOSFET,M0 (net16 VIN1 net12 VSS) nmos4
847_missing_BJT.net,BJT,Q3 (IB1 IB1 VSS 0) npn
848_missing_MOSFET.net,MOSFET,M3 (IB1 IB1 VSS VSS) nmos4
849_missing_BJT.net,BJT,Q0 (net4 IIN1 VSS 0) npn
850_missing_Resistor.net,Resistor,R0 (IIN1 net10) resistor
852_missing_MOSFET.net,MOSFET,M1 (net2 net5 VSS VSS) nmos4
853_missing_MOSFET.net,MOSFET,M5 (net02 net07 VSS 0) npn
854_missing_MOSFET.net,MOSFET,M0 (net05 net05 VDD VDD) pmos4
855_missing_Diode.net,Diode,D0 (net01 net014) diode
856_missing_MOSFET.net,MOSFET,M3 (net02 net05 VDD VDD) pmos4
857_missing_MOSFET.net,MOSFET,M1 (net02 net05 VDD VDD) pmos4
858_missing_BJT.net,BJT,Q1 (VSS VSS net019 0) pnp
859_missing_MOSFET.net,MOSFET,M2 (net029 net05 VDD VDD) pmos4
86_missing_MOSFET.net,MOSFET,M0 (VOUT1 VIN1 net08 VSS) nmos4
860_missing_BJT.net,BJT,Q0 (VDD IB1 VOUT1 0) npn
861_missing_MOSFET.net,MOSFET,M8 (net13 VB2 net28 VDD) pmos4
862_missing_Resistor.net,Resistor,R1 (VOUT1 net159) resistor
863_missing_BJT.net,BJT,Q2 (IOUT1 net24 net28 0) npn
864_missing_MOSFET.net,MOSFET,M5 (IB1 IB1 VSS VSS) nmos4
865_missing_MOSFET.net,MOSFET,M7 (net32 IB1 VSS VSS) nmos4
866_missing_BJT.net,BJT,Q2 (IOUT1 net6 VSS 0) npn
867_missing_MOSFET.net,MOSFET,M1 (net43 net45 VDD VDD) pmos4
868_missing_Diode.net,Diode,D0 (net13 net11) diode
869_missing_Resistor.net,Resistor,R3 (net8 VCM1) resistor
870_missing_Diode.net,Diode,D1 (net010 VB1) diode
871_missing_BJT.net,BJT,Q0 (VDD net5 VOUT1 0) npn
872_missing_BJT.net,BJT,Q2 (net17 VB1 VDD 0) pnp
873_missing_BJT.net,BJT,Q4 (net23 net22 net24 0) npn
874_missing_BJT.net,BJT,Q0 (VDD net7 VOUT1 0) npn
875_missing_Resistor.net,Resistor,R1 (VOUT1 VSS) resistor
876_missing_Resistor.net,Resistor,R1 (VOUT1 VSS) resistor
877_missing_MOSFET.net,MOSFET,M2 (net13 net13 net22 VDD) pmos4
878_missing_MOSFET.net,MOSFET,M7 (net22 VOUT1 IB2 VSS) nmos4
879_missing_MOSFET.net,MOSFET,M21 (net100 VIN1 VSS VSS) nmos4
88_missing_MOSFET.net,MOSFET,M6 (VOUT2 VB1 VDD VDD) pmos4
880_missing_MOSFET.net,MOSFET,M14 (IB4 net134 VSS VSS) nmos4
881_missing_MOSFET.net,MOSFET,M15 (net46 VB3 net47 net38) pmos4
882_missing_BJT.net,BJT,Q2 (net7 VIN1 net13 0) npn
883_missing_Resistor.net,Resistor,R4 (net21 VIN1) resistor
884_missing_Capacitor.net,Capacitor,C0 (VOUT1 net14) capacitor
885_missing_MOSFET.net,MOSFET,M0 (IB1 net22 VDD VDD) pmos4
886_missing_MOSFET.net,MOSFET,M2 (VOUT1 IB1 VDD VDD) pmos4
887_missing_MOSFET.net,MOSFET,M10 (net27 VB3 VSS VSS) nmos4
888_missing_MOSFET.net,MOSFET,M42 (net0102 net062 VSS VSS) nmos4
889_missing_BJT.net,BJT,Q0 (net8 VB1 VDD 0) pnp
890_missing_Resistor.net,Resistor,R2 (VDD net23) resistor
891_missing_Resistor.net,Resistor,R4 (net40 VSS) resistor
892_missing_BJT.net,BJT,Q8 (net14 net7 net26 0) npn
893_missing_BJT.net,BJT,Q3 (net15 VB1 VB2 0) npn
894_missing_Resistor.net,Resistor,R1 (VDD net38) resistor
895_missing_Resistor.net,Resistor,R5 (VDD net37) resistor
896_missing_BJT.net,BJT,Q19 (net39 net13 net55 0) npn
897_missing_BJT.net,BJT,Q1 (net24 net27 net33 0) pnp
898_missing_MOSFET.net,MOSFET,M2 (VOUT1 IB1 VDD VDD) pmos4
899_missing_MOSFET.net,MOSFET,M3 (IB1 IB1 VB1 VDD) pmos4
9_missing_MOSFET.net,MOSFET,M1 (VOUT1 VIN1 VSS VSS) nmos4
90_missing_MOSFET.net,MOSFET,M3 (VOUT1 VOUT2 VDD VDD) pmos4
900_missing_BJT.net,BJT,Q5 (VOUT1 IB1 VSS 0) npn
901_missing_BJT.net,BJT,Q2 (net14 VB1 VDD 0) pnp
902_missing_MOSFET.net,MOSFET,M7 (IB2 net16 VDD VDD) pmos4
903_missing_BJT.net,BJT,Q17 (net27 VIN1 VDD 0) pnp
904_missing_BJT.net,BJT,Q10 (net22 net16 net30 0) npn
905_missing_MOSFET.net,MOSFET,M1 (net13 net8 VDD VDD) pmos4
906_missing_MOSFET.net,MOSFET,M1 (net13 net10 VDD VDD) pmos4
907_missing_MOSFET.net,MOSFET,M5 (VOUT1 IB3 VSS VSS) nmos4
908_missing_MOSFET.net,MOSFET,M0 (net9 VIN2 IB1 VDD) pmos4
909_missing_MOSFET.net,MOSFET,M5 (net24 net19 VSS VSS) nmos4
910_missing_Capacitor.net,Capacitor,C0 (VOUT1 IB4) capacitor
911_missing_MOSFET.net,MOSFET,M4 (net5 VB2 net17 VSS) nmos4
912_missing_MOSFET.net,MOSFET,M12 (net17 net17 net16 VSS) nmos4
913_missing_BJT.net,BJT,Q2 (net5 net1 VSS 0) npn
914_missing_MOSFET.net,MOSFET,M6 (VOUT1 net20 VSS VSS) nmos4
915_missing_BJT.net,BJT,Q1 (IOUT2 VIN4 net10 0) npn
916_missing_BJT.net,BJT,Q4 (net11 VIN3 net12 0) npn
917_missing_BJT.net,BJT,Q4 (net7 VIN1 net24 0) npn
918_missing_BJT.net,BJT,Q3 (net9 net9 VSS 0) npn
919_missing_BJT.net,BJT,Q4 (net19 net19 net14 0) npn
92_missing_MOSFET.net,MOSFET,M1 (net016 VB1 VSS VSS) nmos4
920_missing_MOSFET.net,MOSFET,M0 (net17 net17 VDD VDD) pmos4
921_missing_MOSFET.net,MOSFET,M6 (net19 VCM1 net23 VDD) pmos4
922_missing_MOSFET.net,MOSFET,M8 (net57 net57 VSS VSS) nmos4
923_missing_MOSFET.net,MOSFET,M5 (VOUT2 net36 IB1 VDD) pmos4
924_missing_MOSFET.net,MOSFET,M5 (VSS VOUT2 IB1 VDD) pmos4
925_missing_MOSFET.net,MOSFET,M8 (net21 net21 net24 VSS) nmos4
926_missing_MOSFET.net,MOSFET,M2 (VOUT1 VB1 VDD VDD) pmos4
927_missing_MOSFET.net,MOSFET,M8 (net57 VB2 VSS VSS) nmos4
928_missing_MOSFET.net,MOSFET,M8 (net14 VCM1 VSS VSS) nmos4
929_missing_MOSFET.net,MOSFET,M2 (net25 VIN2 net11 VDD) pmos4
930_missing_Capacitor.net,Capacitor,C0 (net23 VOUT2) capacitor
931_missing_MOSFET.net,MOSFET,M3 (VOUT2 net26 net54 VDD) pmos4
932_missing_MOSFET.net,MOSFET,M4 (net32 net15 VDD VDD) pmos4
933_missing_MOSFET.net,MOSFET,M3 (IREF2 IREF2 VSS VSS) nmos4
934_missing_MOSFET.net,MOSFET,M0 (IREF1 IREF1 VSS VSS) nmos4
935_missing_MOSFET.net,MOSFET,M0 (net4 IREF1 net13 VSS) nmos4
936_missing_MOSFET.net,MOSFET,M1 (net11 IIN1 VSS VSS) nmos4
937_missing_MOSFET.net,MOSFET,M0 (VREF1 VREF1 VDD VDD) pmos4
938_missing_Resistor.net,Resistor,R0 (VDD VREF1) resistor
939_missing_Resistor.net,Resistor,R0 (VDD VREF1) resistor
94_missing_MOSFET.net,MOSFET,M1 (net07 VB1 VSS VSS) nmos4
940_missing_MOSFET.net,MOSFET,M3 (net12 net21 net22 VSS) nmos4
941_missing_MOSFET.net,MOSFET,M0 (net54 net51 VDD VDD) pmos4
942_missing_MOSFET.net,MOSFET,M1 (net21 net21 VDD VDD) pmos4
943_missing_MOSFET.net,MOSFET,M1 (net38 net38 VDD VDD) pmos4
944_missing_MOSFET.net,MOSFET,M2 (IOUT1 net25 VDD VDD) pmos4
945_missing_Resistor.net,Resistor,R0 (net37 VSS) resistor
946_missing_BJT.net,BJT,Q1 (net10 net10 VSS 0) npn
947_missing_MOSFET.net,MOSFET,M3 (net18 net27 net37 VDD) pmos4
948_missing_Diode.net,Diode,D0 (net37 VSS) diode
949_missing_BJT.net,BJT,Q4 (net15 net15 VREF1 0) npn
950_missing_Resistor.net,Resistor,R3 (net40 VSS) resistor
951_missing_MOSFET.net,MOSFET,M2 (VSS VB2 net38 VDD) pmos4
952_missing_MOSFET.net,MOSFET,M1 (net117 VB3 VDD VDD) pmos4
953_missing_Resistor.net,Resistor,R1 (VOUT1 net20) resistor
954_missing_MOSFET.net,MOSFET,M2 (net14 VIN1 net9 VSS) nmos4
955_missing_MOSFET.net,MOSFET,M2 (VOUT1 IB1 net16 VSS) nmos4
956_missing_Resistor.net,Resistor,R1 (VDD IOUT1) resistor
957_missing_Resistor.net,Resistor,R2 (VDD IOUT1) resistor
958_missing_MOSFET.net,MOSFET,M1 (IOUT1 net12 VDD VDD) pmos4
959_missing_MOSFET.net,MOSFET,M7 (VOUT1 net11 VSS VSS) nmos4
96_missing_MOSFET.net,MOSFET,M2 (VOUT2 VIN2 net017 VSS) nmos4
960_missing_MOSFET.net,MOSFET,M1 (VOUT1 net11 VSS VSS) nmos4
961_missing_MOSFET.net,MOSFET,M2 (IB1 IB1 VDD VDD) pmos4
962_missing_MOSFET.net,MOSFET,M11 (VOUT6 VB2 VSS VSS) nmos4
963_missing_MOSFET.net,MOSFET,M14 (net52 VB2 net62 VSS) nmos4
964_missing_MOSFET.net,MOSFET,M3 (VOUT1 IB1 VDD VDD) pmos4
965_missing_MOSFET.net,MOSFET,M1 (net12 net12 VDD VDD) pmos4
966_missing_MOSFET.net,MOSFET,M2 (VOUT1 VB2 net10 VDD) pmos4
967_missing_MOSFET.net,MOSFET,M0 (VOUT1 VB1 VDD VDD) pmos4
968_missing_MOSFET.net,MOSFET,M0 (net17 net17 VDD VDD) pmos4
969_missing_MOSFET.net,MOSFET,M3 (VOUT1 IB1 VDD VDD) pmos4
97_missing_Resistor.net,Resistor,R0 (VOUT1 VDD) resistor
970_missing_MOSFET.net,MOSFET,M0 (net14 net14 VDD VDD) pmos4
971_missing_Resistor.net,Resistor,R0 (VDD IIN1) resistor
972_missing_MOSFET.net,MOSFET,M0 (net11 VB4 VDD VDD) pmos4
973_missing_Resistor.net,Resistor,R0 (VDD IOUT1) resistor
974_missing_MOSFET.net,MOSFET,M3 (net19 VIN1 VDD VDD) pmos4
975_missing_MOSFET.net,MOSFET,M2 (net15 IB1 IIN1 VSS) nmos4
976_missing_MOSFET.net,MOSFET,M5 (VIN1 net7 VSS VSS) nmos4
977_missing_MOSFET.net,MOSFET,M0 (VDD VIN1 VOUT1 VSS) nmos4
978_missing_MOSFET.net,MOSFET,M2 (VOUT1 net13 VDD VDD) pmos4
979_missing_MOSFET.net,MOSFET,M2 (VOUT1 VIN1 VDD VDD) pmos4
980_missing_Capacitor.net,Capacitor,C2 (VOUT1 VSS) capacitor
981_missing_MOSFET.net,MOSFET,M25 (VOUT1 VOUT2 net147 VDD) pmos4
982_missing_MOSFET.net,MOSFET,M0 (net33 net34 VDD VDD) pmos4
983_missing_MOSFET.net,MOSFET,M17 (VOUT1 VB1 VSS VSS) nmos4
984_missing_MOSFET.net,MOSFET,M15 (net13 VB1 VSS VSS) nmos4
985_missing_MOSFET.net,MOSFET,M7 (net14 VB1 VSS VSS) nmos4
986_missing_MOSFET.net,MOSFET,M15 (VOUT1 net46 net58 VSS) nmos4
987_missing_MOSFET.net,MOSFET,M3 (net9 VIN2 net13 VDD) pmos4
988_missing_MOSFET.net,MOSFET,M6 (net11 VIN2 net10 VSS) nmos4
989_missing_MOSFET.net,MOSFET,M2 (net29 IB1 VDD VDD) pmos4
990_missing_Capacitor.net,Capacitor,C1 (VOUT1 VSS) capacitor
991_missing_MOSFET.net,MOSFET,M10 (net10 net10 VSS VSS) nmos4
992_missing_MOSFET.net,MOSFET,M4 (net27 net15 net16 VDD) pmos4
993_missing_MOSFET.net,MOSFET,M6 (net58 net42 VDD VDD) pmos4
994_missing_Capacitor.net,Capacitor,C0 (net11 VIN1) capacitor
995_missing_Capacitor.net,Capacitor,C0 (VOUT1 net26) capacitor
996_missing_MOSFET.net,MOSFET,M16 (net79 net79 net44 VSS) nmos4
997_missing_MOSFET.net,MOSFET,M6 (net21 IB1 VSS VSS) nmos4
998_missing_MOSFET.net,MOSFET,M0 (net7 net21 VDD VDD) pmos4
999_missing_MOSFET.net,MOSFET,M8 (net60 net56 VSS VSS) nmos4
Opamp1461_missing_MOSFET.net,MOSFET,MM13 (net9 net1003 VSS VSS) nmos4
Opamp1462_missing_MOSFET.net,MOSFET,MM14 (net1003 net1006 VDD VDD) pmos4
Opamp1463_missing_MOSFET.net,MOSFET,MM14 (net10 net1003 net33 VSS) nmos4
Opamp1464_missing_MOSFET.net,MOSFET,MM13 (VOUT1 net1003 net31 VSS) nmos4
Opamp1465_missing_MOSFET.net,MOSFET,MM14 (net10 net1003 net33 VSS) nmos4
Opamp1466_missing_MOSFET.net,MOSFET,MM0 (VB3 VB3 VSS VSS) nmos4
Opamp1467_missing_MOSFET.net,MOSFET,MM7 (net010 net010 net025 VSS) nmos4
Opamp1468_missing_MOSFET.net,MOSFET,MM8 (net33 net10 VSS VSS) nmos4
Opamp1469_missing_MOSFET.net,MOSFET,MM13 (net9 net1003 VSS VSS) nmos4
Opamp1470_missing_MOSFET.net,MOSFET,MM1 (VOUT1 net1003 net29 VSS) nmos4
Opamp1471_missing_MOSFET.net,MOSFET,MM7 (net11 VIN2 net14 net27) pmos4
Opamp1472_missing_MOSFET.net,MOSFET,MM10 (net33 net11 VSS VSS) nmos4
Opamp1473_missing_MOSFET.net,MOSFET,MM13 (net9 net1003 VSS VSS) nmos4
Opamp1474_missing_MOSFET.net,MOSFET,MM2 (net012 VB1 net024 VDD) pmos4
Opamp1475_missing_MOSFET.net,MOSFET,MM2 (net012 VB1 net024 VDD) pmos4
Opamp1476_missing_MOSFET.net,MOSFET,MM11 (net023 net024 VB3 VSS) nmos4
Opamp1477_missing_MOSFET.net,MOSFET,MM2 (net012 VB1 net024 VDD) pmos4
Opamp1478_missing_MOSFET.net,MOSFET,MM7 (net11 VIN2 net14 net27) pmos4
Opamp1479_missing_MOSFET.net,MOSFET,MM8 (net12 net1003 net27 VSS) nmos4
Opamp1480_missing_MOSFET.net,MOSFET,MM7 (VOUT1 net1003 net21 VSS) nmos4
Opamp1481_missing_MOSFET.net,MOSFET,MM0 (net26 VIN2 net10 VSS) nmos4
Opamp1482_missing_MOSFET.net,MOSFET,MM10 (net27 net12 VSS VSS) nmos4
Opamp1483_missing_MOSFET.net,MOSFET,MM15 (net1003 net1003 net1001 VSS) nmos4
Opamp1484_missing_MOSFET.net,MOSFET,MM3 (net32 VIN1 net10 VSS) nmos4
Opamp1485_missing_MOSFET.net,MOSFET,MM15 (net1003 net1003 net1001 VSS) nmos4
Opamp1486_missing_MOSFET.net,MOSFET,MM2 (net1006 VB3 net15 VSS) nmos4
Opamp1487_missing_MOSFET.net,MOSFET,MM1 (net32 VB1 VDD VDD) pmos4
Opamp1488_missing_MOSFET.net,MOSFET,MM9 (net21 net12 VSS VSS) nmos4
Opamp1489_missing_MOSFET.net,MOSFET,MM1 (VB4 net1006 VDD VDD) pmos4
Opamp1490_missing_MOSFET.net,MOSFET,MM7 (VOUT1 net1003 net21 VSS) nmos4
Opamp1491_missing_Resistor.net,Resistor,RR0 (VDD net6) resistor
Opamp1492_missing_MOSFET.net,MOSFET,MM10 (net27 net12 VSS VSS) nmos4
Opamp1493_missing_MOSFET.net,MOSFET,MM10 (net27 net12 VSS VSS) nmos4
Opamp1494_missing_MOSFET.net,MOSFET,MM4 (net10 VB2 VSS VSS) nmos4
Opamp1495_missing_MOSFET.net,MOSFET,MM4 (net10 VB2 VSS VSS) nmos4
Opamp1496_missing_MOSFET.net,MOSFET,MM0 (net26 VIN2 net10 VSS) nmos4
Opamp1497_missing_MOSFET.net,MOSFET,MM7 (VOUT1 net1003 net28 VSS) nmos4
Opamp1498_missing_MOSFET.net,MOSFET,MM10 (net29 net1001 VSS VSS) nmos4
Opamp1499_missing_MOSFET.net,MOSFET,MM8 (net16 net1003 net29 VSS) nmos4
Opamp1500_missing_MOSFET.net,MOSFET,MM14 (net1003 net1006 VDD VDD) pmos4
Opamp1501_missing_MOSFET.net,MOSFET,MM7 (VOUT1 net1003 net28 VSS) nmos4
Opamp1502_missing_MOSFET.net,MOSFET,MM3 (net1006 net1006 VDD VDD) pmos4
Opamp1503_missing_MOSFET.net,MOSFET,MM2 (net25 net16 VDD VDD) pmos4
Opamp1504_missing_MOSFET.net,MOSFET,MM5 (net014 net014 VSS VSS) nmos4
Opamp1505_missing_MOSFET.net,MOSFET,MM5 (net15 net15 VSS VSS) nmos4
Opamp1506_missing_MOSFET.net,MOSFET,MM3 (net1006 net1006 VDD VDD) pmos4
Opamp1507_missing_MOSFET.net,MOSFET,MM8 (net16 net1003 net29 VSS) nmos4
Opamp1508_missing_MOSFET.net,MOSFET,MM1 (net24 net16 VDD VDD) pmos4
Opamp1509_missing_MOSFET.net,MOSFET,MM8 (net16 net1003 net29 VSS) nmos4
Opamp1510_missing_MOSFET.net,MOSFET,MM5 (VOUT1 VB3 net24 VDD) pmos4
Opamp1511_missing_MOSFET.net,MOSFET,MM2 (net1006 VB4 net15 VSS) nmos4
Opamp1512_missing_MOSFET.net,MOSFET,MM1 (net1006 net1006 VDD VDD) pmos4
Opamp1513_missing_MOSFET.net,MOSFET,MM8 (net16 net1003 net29 VSS) nmos4
Opamp1514_missing_MOSFET.net,MOSFET,MM6 (net15 net1006 VDD VDD) pmos4
Opamp1515_missing_MOSFET.net,MOSFET,MM4 (net16 net1005 VSS VSS) nmos4
Opamp1516_missing_Resistor.net,Resistor,RR0 (VB1 net010) resistor
Opamp1517_missing_Resistor.net,Resistor,RR1 (net1006 VSS) resistor
Opamp1518_missing_MOSFET.net,MOSFET,MM6 (net9 net11 VDD VDD) pmos4
Opamp1519_missing_MOSFET.net,MOSFET,MM8 (net1005 net1005 VSS VSS) nmos4
Opamp1520_missing_MOSFET.net,MOSFET,MM10 (net1005 net1006 VDD VDD) pmos4
Opamp1521_missing_MOSFET.net,MOSFET,MM1 (net1006 net1006 VDD VDD) pmos4
Opamp1522_missing_MOSFET.net,MOSFET,MM7 (VOUT1 net9 VSS VSS) nmos4
Opamp1523_missing_MOSFET.net,MOSFET,MM1 (VB2 net1006 VDD VDD) pmos4
Opamp1524_missing_MOSFET.net,MOSFET,MM0 (net1007 net1007 VSS VSS) nmos4
Opamp1525_missing_MOSFET.net,MOSFET,MM1 (net10 net1007 VSS VSS) nmos4
Opamp1526_missing_MOSFET.net,MOSFET,MM0 (net1007 net1007 VSS VSS) nmos4
Opamp1527_missing_MOSFET.net,MOSFET,MM2 (VB2 net1007 VSS VSS) nmos4
Opamp1528_missing_MOSFET.net,MOSFET,MM8 (net9 net9 VSS VSS) nmos4
Opamp1529_missing_MOSFET.net,MOSFET,MM4 (net16 net1005 VSS VSS) nmos4
Opamp1530_missing_MOSFET.net,MOSFET,MM8 (net9 net9 VSS VSS) nmos4
Opamp1531_missing_MOSFET.net,MOSFET,MM0 (net11 VIN2 net16 VSS) nmos4
Opamp1532_missing_MOSFET.net,MOSFET,MM2 (net1005 net1005 VSS VSS) nmos4
Opamp1533_missing_MOSFET.net,MOSFET,MM8 (net9 net9 VSS VSS) nmos4
Opamp1534_missing_MOSFET.net,MOSFET,MM2 (net1005 net1005 VSS VSS) nmos4
Opamp1535_missing_MOSFET.net,MOSFET,MM1 (net9 net1007 VSS VSS) nmos4
Opamp1536_missing_MOSFET.net,MOSFET,MM3 (VB1 VB1 VDD VDD) pmos4
Opamp1537_missing_MOSFET.net,MOSFET,MM5 (VOUT1 net20 VDD VDD) pmos4
Opamp1538_missing_MOSFET.net,MOSFET,MM1 (net20 net20 VDD VDD) pmos4
Opamp1539_missing_MOSFET.net,MOSFET,MM10 (neta net1007 VSS VSS) nmos4
Opamp1540_missing_MOSFET.net,MOSFET,MM0 (neta neta VDD VDD) pmos4
Opamp1541_missing_MOSFET.net,MOSFET,MM3 (VB1 VB1 VDD VDD) pmos4
Opamp1542_missing_MOSFET.net,MOSFET,MM1 (net1005 neta VDD VDD) pmos4
Opamp1543_missing_MOSFET.net,MOSFET,MM1 (net1007 VB2 VDD VDD) pmos4
Opamp1544_missing_MOSFET.net,MOSFET,MM2 (net11 net11 VDD VDD) pmos4
Opamp1545_missing_MOSFET.net,MOSFET,MM10 (neta net1007 VSS VSS) nmos4
Opamp1546_missing_MOSFET.net,MOSFET,MM0 (VB1 net1005 VSS VSS) nmos4
Opamp1547_missing_MOSFET.net,MOSFET,MM3 (net1006 net1006 VDD VDD) pmos4
Opamp1548_missing_MOSFET.net,MOSFET,MM0 (net11 VIN2 net16 VSS) nmos4
Opamp1549_missing_MOSFET.net,MOSFET,MM2 (net11 net11 VDD VDD) pmos4
Opamp1550_missing_MOSFET.net,MOSFET,MM6 (net9 net11 VDD VDD) pmos4
Opamp1551_missing_MOSFET.net,MOSFET,MM15 (net1003 net1003 net9 VSS) nmos4
Opamp1552_missing_MOSFET.net,MOSFET,MM8 (net33 net10 VSS VSS) nmos4
Opamp1553_missing_MOSFET.net,MOSFET,MM1 (net36 net23 VDD VDD) pmos4
Opamp1554_missing_MOSFET.net,MOSFET,MM6 (net35 net12 VDD VDD) pmos4
Opamp1555_missing_MOSFET.net,MOSFET,MM10 (net10 VB1 net35 VDD) pmos4
Opamp1556_missing_MOSFET.net,MOSFET,MM13 (VOUT1 net1003 net31 VSS) nmos4
Opamp1557_missing_MOSFET.net,MOSFET,MM4 (net17 VB2 VSS VSS) nmos4
Opamp1558_missing_MOSFET.net,MOSFET,MM2 (net1006 VB3 net15 VSS) nmos4
Opamp1559_missing_MOSFET.net,MOSFET,MM0 (net12 VIN2 net17 VSS) nmos4
Opamp1560_missing_MOSFET.net,MOSFET,MM3 (VOUT1 VB1 net025 VDD) pmos4
Opamp1561_missing_MOSFET.net,MOSFET,MM13 (net9 net1003 VSS VSS) nmos4
Opamp1562_missing_MOSFET.net,MOSFET,MM6 (net16 VIN1 net14 net27) pmos4
Opamp1563_missing_MOSFET.net,MOSFET,MM1 (VOUT1 net1003 net29 VSS) nmos4
Opamp1564_missing_MOSFET.net,MOSFET,MM13 (net024 net012 VDD VDD) pmos4
Opamp1565_missing_MOSFET.net,MOSFET,MM1 (VOUT1 net1003 net29 VSS) nmos4
Opamp1566_missing_MOSFET.net,MOSFET,MM10 (net33 net11 VSS VSS) nmos4
Opamp1567_missing_MOSFET.net,MOSFET,MM1 (VB3 net1006 VDD VDD) pmos4
Opamp1568_missing_MOSFET.net,MOSFET,MM5 (net15 net15 VSS VSS) nmos4
Opamp1569_missing_MOSFET.net,MOSFET,MM7 (VOUT1 net1003 net21 VSS) nmos4
Opamp1570_missing_MOSFET.net,MOSFET,MM0 (net010 VB3 VSS VSS) nmos4
Opamp1571_missing_MOSFET.net,MOSFET,MM3 (net32 VIN1 net10 VSS) nmos4
Opamp1572_missing_MOSFET.net,MOSFET,MM8 (net12 net1003 net27 VSS) nmos4
Opamp1573_missing_MOSFET.net,MOSFET,MM7 (VOUT1 net1003 net21 VSS) nmos4
Opamp1574_missing_MOSFET.net,MOSFET,MM15 (net1003 net1003 net1001 VSS) nmos4
Opamp1575_missing_MOSFET.net,MOSFET,MM9 (net024 net024 net023 VSS) nmos4
Opamp1576_missing_MOSFET.net,MOSFET,MM7 (VOUT1 net1003 net21 VSS) nmos4
Opamp1577_missing_MOSFET.net,MOSFET,MM10 (net27 net12 VSS VSS) nmos4
Opamp1578_missing_MOSFET.net,MOSFET,MM7 (VOUT1 net1003 net21 VSS) nmos4
Opamp1579_missing_MOSFET.net,MOSFET,MM10 (net27 net12 VSS VSS) nmos4
Opamp1580_missing_MOSFET.net,MOSFET,MM2 (net1006 net1006 VDD VDD) pmos4
Opamp1581_missing_MOSFET.net,MOSFET,MM13 (net9 net1003 VSS VSS) nmos4
Opamp1582_missing_MOSFET.net,MOSFET,MM4 (net10 VB2 VSS VSS) nmos4
Opamp1583_missing_MOSFET.net,MOSFET,MM5 (VOUT1 VB3 net32 VDD) pmos4
Opamp1584_missing_MOSFET.net,MOSFET,MM7 (VOUT1 net1003 net21 VSS) nmos4
Opamp1585_missing_MOSFET.net,MOSFET,MM2 (net1006 VB4 net15 VSS) nmos4
Opamp1586_missing_MOSFET.net,MOSFET,MM10 (net27 net12 VSS VSS) nmos4
Opamp1587_missing_MOSFET.net,MOSFET,MM10 (net29 net1001 VSS VSS) nmos4
Opamp1588_missing_Resistor.net,Resistor,RR0 (VB3 net010) resistor
Opamp1589_missing_MOSFET.net,MOSFET,MM4 (net28 VIN2 net12 net22) pmos4
Opamp1590_missing_MOSFET.net,MOSFET,MM15 (net1003 net1003 net1001 VSS) nmos4
Opamp1591_missing_MOSFET.net,MOSFET,MM8 (net16 net1003 net29 VSS) nmos4
Opamp1592_missing_MOSFET.net,MOSFET,MM7 (VOUT1 net1003 net28 VSS) nmos4
Opamp1593_missing_MOSFET.net,MOSFET,MM11 (net023 net024 VB3 VSS) nmos4
Opamp1594_missing_MOSFET.net,MOSFET,MM14 (net1003 net1006 VDD VDD) pmos4
Opamp1595_missing_MOSFET.net,MOSFET,MM6 (net15 net1006 VDD VDD) pmos4
Opamp1596_missing_MOSFET.net,MOSFET,MM13 (net9 net1003 VSS VSS) nmos4
Opamp1597_missing_MOSFET.net,MOSFET,MM5 (VOUT1 VB3 net24 VDD) pmos4
Opamp1598_missing_MOSFET.net,MOSFET,MM14 (net1003 net1006 VDD VDD) pmos4
Opamp1599_missing_MOSFET.net,MOSFET,MM5 (VOUT1 VB3 net24 VDD) pmos4
Opamp1600_missing_MOSFET.net,MOSFET,MM2 (net25 net16 VDD VDD) pmos4
Opamp1601_missing_MOSFET.net,MOSFET,MM2 (net1006 VB4 net15 VSS) nmos4
Opamp1602_missing_MOSFET.net,MOSFET,MM1 (net1006 net1006 VDD VDD) pmos4
Opamp1603_missing_MOSFET.net,MOSFET,MM10 (net29 VB2 VSS VSS) nmos4
Opamp1604_missing_MOSFET.net,MOSFET,MM2 (net25 net16 VDD VDD) pmos4
Opamp1605_missing_MOSFET.net,MOSFET,MM7 (VOUT1 net9 VSS VSS) nmos4
Opamp1606_missing_MOSFET.net,MOSFET,MM5 (VOUT1 net20 VDD VDD) pmos4
Opamp1607_missing_MOSFET.net,MOSFET,MM3 (net20 VIN1 net16 VSS) nmos4
Opamp1608_missing_MOSFET.net,MOSFET,MM0 (net11 VIN2 net16 VSS) nmos4
Opamp1609_missing_MOSFET.net,MOSFET,MM2 (net11 net11 VDD VDD) pmos4
Opamp1610_missing_MOSFET.net,MOSFET,MM4 (net16 net1005 VSS VSS) nmos4
Opamp1611_missing_MOSFET.net,MOSFET,MM2 (VB1 VB1 VSS VSS) nmos4
Opamp1612_missing_MOSFET.net,MOSFET,MM6 (net014 net1006 VDD VDD) pmos4
Opamp1613_missing_MOSFET.net,MOSFET,MM8 (net1005 net1005 VSS VSS) nmos4
Opamp1614_missing_MOSFET.net,MOSFET,MM0 (VB1 VB1 VDD VDD) pmos4
Opamp1615_missing_MOSFET.net,MOSFET,MM2 (net1007 net10 VDD VDD) pmos4
Opamp1616_missing_MOSFET.net,MOSFET,MM2 (net11 net11 VDD VDD) pmos4
Opamp1617_missing_MOSFET.net,MOSFET,MM3 (net20 VIN1 net16 VSS) nmos4
Opamp1618_missing_MOSFET.net,MOSFET,MM10 (VB1 net1007 VSS VSS) nmos4
Opamp1619_missing_MOSFET.net,MOSFET,MM7 (VOUT1 net9 VSS VSS) nmos4
Opamp1620_missing_MOSFET.net,MOSFET,MM0 (net1007 net1007 VSS VSS) nmos4
Opamp1621_missing_MOSFET.net,MOSFET,MM2 (net1007 net1007 VSS VSS) nmos4
Opamp1622_missing_MOSFET.net,MOSFET,MM5 (net014 net014 VSS VSS) nmos4
Opamp1623_missing_Resistor.net,Resistor,RRF (VDD net1007) resistor
Opamp1624_missing_MOSFET.net,MOSFET,MM5 (VOUT1 net20 VDD VDD) pmos4
Opamp1625_missing_MOSFET.net,MOSFET,MM0 (net11 VIN2 net16 VSS) nmos4
Opamp1626_missing_MOSFET.net,MOSFET,MM0 (neta neta VDD VDD) pmos4
Opamp1627_missing_MOSFET.net,MOSFET,MM1 (net20 net20 VDD VDD) pmos4
Opamp1628_missing_MOSFET.net,MOSFET,MM8 (net9 net9 VSS VSS) nmos4
Opamp1629_missing_MOSFET.net,MOSFET,MM2 (net11 net11 VDD VDD) pmos4
Opamp1630_missing_MOSFET.net,MOSFET,MM1 (net20 net20 VDD VDD) pmos4
Opamp1631_missing_MOSFET.net,MOSFET,MM4 (VB1 net1005 VSS VSS) nmos4
Opamp1632_missing_MOSFET.net,MOSFET,MM8 (net025 net010 net023 VSS) nmos4
Opamp1633_missing_MOSFET.net,MOSFET,MM5 (net014 net014 VSS VSS) nmos4
Opamp1634_missing_MOSFET.net,MOSFET,MM2 (net1005 net1005 VSS VSS) nmos4
Opamp1635_missing_MOSFET.net,MOSFET,MM1 (net20 net20 VDD VDD) pmos4
Opamp1636_missing_MOSFET.net,MOSFET,MM0 (net11 VIN2 net16 VSS) nmos4
Opamp1637_missing_MOSFET.net,MOSFET,MM6 (net9 net11 VDD VDD) pmos4
Opamp1638_missing_MOSFET.net,MOSFET,MM0 (net11 VIN2 net16 VSS) nmos4
Opamp1639_missing_MOSFET.net,MOSFET,MM2 (net11 net11 VDD VDD) pmos4
Opamp1640_missing_MOSFET.net,MOSFET,MM2 (net1006 net12 VB2 VSS) nmos4
Opamp1641_missing_MOSFET.net,MOSFET,MM4 (net17 VB2 VSS VSS) nmos4
Opamp1642_missing_MOSFET.net,MOSFET,MM4 (net17 VB2 VSS VSS) nmos4
Opamp1643_missing_MOSFET.net,MOSFET,MM14 (net10 net1003 net33 VSS) nmos4
Opamp1644_missing_MOSFET.net,MOSFET,MM14 (net10 net1003 net33 VSS) nmos4
Opamp1645_missing_MOSFET.net,MOSFET,MM6 (net35 net12 VDD VDD) pmos4
Opamp1646_missing_MOSFET.net,MOSFET,MM3 (net23 VIN1 net17 VSS) nmos4
Opamp1647_missing_MOSFET.net,MOSFET,MM1 (net1006 net1006 VDD VDD) pmos4
Opamp1648_missing_MOSFET.net,MOSFET,MM11 (net23 VB1 net36 VDD) pmos4
Opamp1649_missing_MOSFET.net,MOSFET,MM0 (net12 VIN2 net17 VSS) nmos4
Opamp1650_missing_MOSFET.net,MOSFET,MM1 (VOUT1 net1003 net29 VSS) nmos4
Opamp1651_missing_MOSFET.net,MOSFET,MM11 (net32 net16 VSS VSS) nmos4
Opamp1652_missing_MOSFET.net,MOSFET,MM15 (net1003 net1003 net9 VSS) nmos4
Opamp1653_missing_MOSFET.net,MOSFET,MM5 (net14 VB2 VDD VDD) pmos4
Opamp1654_missing_MOSFET.net,MOSFET,MM1 (VOUT1 net1003 net29 VSS) nmos4
Opamp1655_missing_MOSFET.net,MOSFET,MM2 (net012 VB1 net024 VDD) pmos4
Opamp1656_missing_MOSFET.net,MOSFET,MM2 (VB3 VB3 VSS VSS) nmos4
Opamp1657_missing_MOSFET.net,MOSFET,MM2 (net012 VB1 net024 VDD) pmos4
Opamp1658_missing_MOSFET.net,MOSFET,MM5 (net15 net15 VSS VSS) nmos4
Opamp1659_missing_MOSFET.net,MOSFET,MM8 (net12 net1003 net27 VSS) nmos4
Opamp1660_missing_MOSFET.net,MOSFET,MM5 (VOUT1 VB2 net32 VDD) pmos4
Opamp1661_missing_MOSFET.net,MOSFET,MM3 (net32 VIN1 net10 VSS) nmos4
Opamp1662_missing_MOSFET.net,MOSFET,MM2 (net26 VB1 VDD VDD) pmos4
Opamp1663_missing_MOSFET.net,MOSFET,MM9 (net21 net12 VSS VSS) nmos4
Opamp1664_missing_MOSFET.net,MOSFET,MM3 (net1006 net1006 VDD VDD) pmos4
Opamp1665_missing_MOSFET.net,MOSFET,MM7 (net010 net010 net025 VSS) nmos4
Opamp1666_missing_MOSFET.net,MOSFET,MM4 (net10 net1001 VSS VSS) nmos4
Opamp1667_missing_MOSFET.net,MOSFET,MM1 (VB4 net1006 VDD VDD) pmos4
Opamp1668_missing_MOSFET.net,MOSFET,MM14 (net1003 net1006 VDD VDD) pmos4
Opamp1669_missing_Resistor.net,Resistor,RR0 (VB4 net010) resistor
Opamp1670_missing_MOSFET.net,MOSFET,MM9 (net21 net12 VSS VSS) nmos4
Opamp1671_missing_MOSFET.net,MOSFET,MM2 (net26 VB1 VDD VDD) pmos4
Opamp1672_missing_MOSFET.net,MOSFET,MM7 (VOUT1 net1003 net21 VSS) nmos4
Opamp1673_missing_MOSFET.net,MOSFET,MM3 (net32 VIN1 net10 VSS) nmos4
Opamp1674_missing_MOSFET.net,MOSFET,MM10 (net024 net1006 VDD VDD) pmos4
Opamp1675_missing_MOSFET.net,MOSFET,MM6 (net014 net1006 VDD VDD) pmos4
Opamp1676_missing_MOSFET.net,MOSFET,MM0 (net26 VIN2 net10 VSS) nmos4
Opamp1677_missing_MOSFET.net,MOSFET,MM1 (net24 net16 VDD VDD) pmos4
Opamp1678_missing_MOSFET.net,MOSFET,MM0 (net12 VB1 VDD VDD) pmos4
Opamp1679_missing_MOSFET.net,MOSFET,MM5 (VOUT1 VB2 net24 VDD) pmos4
Opamp1680_missing_MOSFET.net,MOSFET,MM0 (net12 VB1 VDD VDD) pmos4
Opamp1681_missing_MOSFET.net,MOSFET,MM6 (net16 VB2 net25 VDD) pmos4
Opamp1682_missing_MOSFET.net,MOSFET,MM3 (net29 VIN1 net12 net22) pmos4
Opamp1683_missing_MOSFET.net,MOSFET,MM9 (net024 net024 net023 VSS) nmos4
Opamp1684_missing_MOSFET.net,MOSFET,MM1 (net24 net16 VDD VDD) pmos4
Opamp1685_missing_MOSFET.net,MOSFET,MM7 (VOUT1 net1003 net28 VSS) nmos4
Opamp1686_missing_MOSFET.net,MOSFET,MM3 (net1006 net1006 VDD VDD) pmos4
Opamp1687_missing_MOSFET.net,MOSFET,MM2 (net1006 VB4 VSS VSS) nmos4
Opamp1688_missing_MOSFET.net,MOSFET,MM9 (net28 VB2 VSS VSS) nmos4
Opamp1689_missing_Resistor.net,Resistor,RR0 (VDD net6) resistor
Opamp1690_missing_MOSFET.net,MOSFET,MM9 (net28 VB2 VSS VSS) nmos4
Opamp1691_missing_MOSFET.net,MOSFET,MM6 (net16 VB3 net25 VDD) pmos4
Opamp1692_missing_MOSFET.net,MOSFET,MM3 (VB4 net1006 VDD VDD) pmos4
Opamp1693_missing_MOSFET.net,MOSFET,MM6 (net014 net1006 VDD VDD) pmos4
Opamp1694_missing_MOSFET.net,MOSFET,MM2 (net1006 VB5 VB4 VSS) nmos4
Opamp1695_missing_MOSFET.net,MOSFET,MM3 (net20 VIN1 net16 VSS) nmos4
Opamp1696_missing_MOSFET.net,MOSFET,MM6 (net9 net11 VDD VDD) pmos4
Opamp1697_missing_MOSFET.net,MOSFET,MM10 (net1005 net1006 VDD VDD) pmos4
Opamp1698_missing_MOSFET.net,MOSFET,MM5 (VOUT1 net20 VDD VDD) pmos4
Opamp1699_missing_MOSFET.net,MOSFET,MM8 (net9 net9 VSS VSS) nmos4
Opamp1700_missing_MOSFET.net,MOSFET,MM1 (VB1 net1006 VDD VDD) pmos4
Opamp1701_missing_MOSFET.net,MOSFET,MM11 (net023 net024 VB1 VSS) nmos4
Opamp1702_missing_MOSFET.net,MOSFET,MM6 (net014 net1006 VDD VDD) pmos4
Opamp1703_missing_MOSFET.net,MOSFET,MM3 (net20 VIN1 net16 VSS) nmos4
Opamp1704_missing_MOSFET.net,MOSFET,MM10 (VB1 net1007 VSS VSS) nmos4
Opamp1705_missing_MOSFET.net,MOSFET,MM7 (VOUT1 net9 VSS VSS) nmos4
Opamp1706_missing_MOSFET.net,MOSFET,MM0 (net1007 net1007 VSS VSS) nmos4
Opamp1707_missing_MOSFET.net,MOSFET,MM0 (net010 net1007 VSS VSS) nmos4
Opamp1708_missing_MOSFET.net,MOSFET,MM0 (net1007 net1007 VSS VSS) nmos4
Opamp1709_missing_MOSFET.net,MOSFET,MM0 (VB1 VB1 VDD VDD) pmos4
Opamp1710_missing_MOSFET.net,MOSFET,MM2 (VB2 net1007 net15 VSS) nmos4
Opamp1711_missing_MOSFET.net,MOSFET,MM0 (VB1 VB1 VDD VDD) pmos4
Opamp1712_missing_MOSFET.net,MOSFET,MM2 (net1005 net1005 VSS VSS) nmos4
Opamp1713_missing_MOSFET.net,MOSFET,MM0 (net11 VIN2 net16 VSS) nmos4
Opamp1714_missing_MOSFET.net,MOSFET,MM2 (net1005 net1005 VSS VSS) nmos4
Opamp1715_missing_MOSFET.net,MOSFET,MM1 (net20 net20 VDD VDD) pmos4
Opamp1716_missing_MOSFET.net,MOSFET,MM10 (neta net1007 VSS VSS) nmos4
Opamp1717_missing_MOSFET.net,MOSFET,MM0 (net1007 net1007 VSS VSS) nmos4
Opamp1718_missing_MOSFET.net,MOSFET,MM1 (net1007 VB2 VDD VDD) pmos4
Opamp1719_missing_MOSFET.net,MOSFET,MM7 (VOUT1 net9 VSS VSS) nmos4
Opamp1720_missing_MOSFET.net,MOSFET,MM6 (net9 net11 VDD VDD) pmos4
Opamp1721_missing_MOSFET.net,MOSFET,MM1 (net1005 neta VDD VDD) pmos4
Opamp1722_missing_MOSFET.net,MOSFET,MM0 (VB2 net025 VSS VSS) nmos4
Opamp1723_missing_MOSFET.net,MOSFET,MM3 (VB2 VB2 VDD VDD) pmos4
Opamp1724_missing_MOSFET.net,MOSFET,MM2 (net11 net11 VDD VDD) pmos4
Opamp1725_missing_MOSFET.net,MOSFET,MM2 (net11 net11 VDD VDD) pmos4
Opamp1726_missing_MOSFET.net,MOSFET,MM1 (VB2 net1006 VDD VDD) pmos4
Opamp1727_missing_MOSFET.net,MOSFET,MM0 (net11 VIN2 net16 VSS) nmos4
Opamp1728_missing_MOSFET.net,MOSFET,MM5 (VOUT1 net20 VDD VDD) pmos4
Opamp1729_missing_MOSFET.net,MOSFET,MM8 (net9 net9 VSS VSS) nmos4
Opamp1730_missing_MOSFET.net,MOSFET,MM1 (net20 net20 VDD VDD) pmos4
Opamp1731_missing_MOSFET.net,MOSFET,MM1 (VB3 net1006 VDD VDD) pmos4
Opamp1732_missing_MOSFET.net,MOSFET,MM10 (net10 VB1 net35 VDD) pmos4
Opamp1733_missing_MOSFET.net,MOSFET,MM14 (net1003 net1006 VDD VDD) pmos4
Opamp1734_missing_Resistor.net,Resistor,RR1 (net1006 VSS) resistor
Opamp1735_missing_MOSFET.net,MOSFET,MM15 (net1003 net1003 net9 VSS) nmos4
Opamp1736_missing_MOSFET.net,MOSFET,MM5 (net34 net23 VDD VDD) pmos4
Opamp1737_missing_MOSFET.net,MOSFET,MM3 (net23 VIN1 net17 VSS) nmos4
Opamp1738_missing_MOSFET.net,MOSFET,MM1 (net36 net23 VDD VDD) pmos4
Opamp1739_missing_MOSFET.net,MOSFET,MM2 (net37 net12 VDD VDD) pmos4
Opamp1740_missing_MOSFET.net,MOSFET,MM14 (net025 net012 VDD VDD) pmos4
Opamp1741_missing_MOSFET.net,MOSFET,MM0 (net010 VB3 VSS VSS) nmos4
Opamp1742_missing_MOSFET.net,MOSFET,MM0 (net012 net1003 net32 VSS) nmos4
Opamp1743_missing_MOSFET.net,MOSFET,MM5 (net14 VB2 VDD VDD) pmos4
Opamp1744_missing_MOSFET.net,MOSFET,MM13 (net024 net012 VDD VDD) pmos4
Opamp1745_missing_MOSFET.net,MOSFET,MM0 (net012 net1003 net32 VSS) nmos4
Opamp1746_missing_MOSFET.net,MOSFET,MM7 (net010 net010 net025 VSS) nmos4
Opamp1747_missing_MOSFET.net,MOSFET,MM13 (net024 net012 VDD VDD) pmos4
Opamp1748_missing_MOSFET.net,MOSFET,MM4 (net26 net16 VSS VSS) nmos4
Opamp1749_missing_MOSFET.net,MOSFET,MM2 (net26 VB1 VDD VDD) pmos4
Opamp1750_missing_MOSFET.net,MOSFET,MM2 (net1006 VB3 VSS VSS) nmos4
Opamp1751_missing_MOSFET.net,MOSFET,MM9 (net21 net12 VSS VSS) nmos4
Opamp1752_missing_MOSFET.net,MOSFET,MM4 (net10 net1001 VSS VSS) nmos4
Opamp1753_missing_MOSFET.net,MOSFET,MM0 (net26 VIN2 net10 VSS) nmos4
Opamp1754_missing_MOSFET.net,MOSFET,MM6 (net12 VB2 net26 VDD) pmos4
Opamp1755_missing_MOSFET.net,MOSFET,MM3 (VB3 net1006 VDD VDD) pmos4
Opamp1756_missing_MOSFET.net,MOSFET,MM5 (VOUT1 VB2 net32 VDD) pmos4
Opamp1757_missing_MOSFET.net,MOSFET,MM14 (net1003 net1006 VDD VDD) pmos4
Opamp1758_missing_MOSFET.net,MOSFET,MM0 (VB4 VB4 VSS VSS) nmos4
Opamp1759_missing_MOSFET.net,MOSFET,MM2 (net1006 VB4 VSS VSS) nmos4
Opamp1760_missing_MOSFET.net,MOSFET,MM8 (net12 net1003 net27 VSS) nmos4
Opamp1761_missing_MOSFET.net,MOSFET,MM14 (net1003 net1006 VDD VDD) pmos4
Opamp1762_missing_MOSFET.net,MOSFET,MM5 (VOUT1 VB3 net32 VDD) pmos4
Opamp1763_missing_MOSFET.net,MOSFET,MM8 (net12 net1003 net27 VSS) nmos4
Opamp1764_missing_MOSFET.net,MOSFET,MM7 (VOUT1 net1003 net21 VSS) nmos4
Opamp1765_missing_MOSFET.net,MOSFET,MM4 (net10 VB2 VSS VSS) nmos4
Opamp1766_missing_MOSFET.net,MOSFET,MM0 (VB5 VB4 VSS VSS) nmos4
Opamp1767_missing_MOSFET.net,MOSFET,MM5 (VOUT1 VB2 net24 VDD) pmos4
Opamp1768_missing_MOSFET.net,MOSFET,MM14 (net1003 net1006 VDD VDD) pmos4
Opamp1769_missing_MOSFET.net,MOSFET,MM7 (VOUT1 net1003 net28 VSS) nmos4
Opamp1770_missing_MOSFET.net,MOSFET,MM15 (net1003 net1003 net1001 VSS) nmos4
Opamp1771_missing_MOSFET.net,MOSFET,MM0 (net12 VB1 VDD VDD) pmos4
Opamp1772_missing_MOSFET.net,MOSFET,MM6 (net16 VB2 net25 VDD) pmos4
Opamp1773_missing_MOSFET.net,MOSFET,MM0 (net1006 net025 VSS VSS) nmos4
Opamp1774_missing_MOSFET.net,MOSFET,MM7 (VOUT1 net1003 net28 VSS) nmos4
Opamp1775_missing_MOSFET.net,MOSFET,MM5 (VOUT1 VB2 net24 VDD) pmos4
Opamp1776_missing_MOSFET.net,MOSFET,MM1 (net24 net16 VDD VDD) pmos4
Opamp1777_missing_MOSFET.net,MOSFET,MM3 (net29 VIN1 net12 net22) pmos4
Opamp1778_missing_MOSFET.net,MOSFET,MM10 (net29 VB2 VSS VSS) nmos4
Opamp1779_missing_MOSFET.net,MOSFET,MM14 (net1003 net1006 VDD VDD) pmos4
Opamp1780_missing_MOSFET.net,MOSFET,MM13 (net9 net1003 VSS VSS) nmos4
Opamp2181_missing_MOSFET.net,MOSFET,MM7 (net31 net10 VSS VSS) nmos4
Opamp2182_missing_MOSFET.net,MOSFET,MM1 (VB3 net1006 VDD VDD) pmos4
Opamp2183_missing_Resistor.net,Resistor,RR1 (net1006 VSS) resistor
Opamp2184_missing_MOSFET.net,MOSFET,MM13 (net9 net1003 VSS VSS) nmos4
Opamp2185_missing_MOSFET.net,MOSFET,MM11 (net23 VB1 net36 VDD) pmos4
Opamp2186_missing_MOSFET.net,MOSFET,MM5 (net34 net23 VDD VDD) pmos4
Opamp2187_missing_MOSFET.net,MOSFET,MM15 (net1003 net1003 net9 VSS) nmos4
Opamp2188_missing_MOSFET.net,MOSFET,MM5 (net014 net014 VSS VSS) nmos4
Opamp2189_missing_MOSFET.net,MOSFET,MM5 (net34 net23 VDD VDD) pmos4
Opamp2190_missing_MOSFET.net,MOSFET,MM12 (net29 net11 VSS VSS) nmos4
Opamp2191_missing_MOSFET.net,MOSFET,MM14 (net1003 net1006 VDD VDD) pmos4
Opamp2192_missing_MOSFET.net,MOSFET,MM1 (VOUT1 net1003 net29 VSS) nmos4
Opamp2193_missing_MOSFET.net,MOSFET,MM9 (net11 net1003 net33 VSS) nmos4
Opamp2194_missing_MOSFET.net,MOSFET,MM9 (net11 net1003 net33 VSS) nmos4
Opamp2195_missing_MOSFET.net,MOSFET,MM9 (net11 net1003 net33 VSS) nmos4
Opamp2196_missing_MOSFET.net,MOSFET,MM7 (net010 net010 net025 VSS) nmos4
Opamp2197_missing_MOSFET.net,MOSFET,MM6 (net16 VIN1 net14 net27) pmos4
Opamp2198_missing_MOSFET.net,MOSFET,MM4 (VB3 net15 VSS VSS) nmos4
Opamp2199_missing_MOSFET.net,MOSFET,MM0 (net26 VIN2 net10 VSS) nmos4
Opamp2200_missing_MOSFET.net,MOSFET,MM1 (net32 VB1 VDD VDD) pmos4
Opamp2201_missing_MOSFET.net,MOSFET,MM9 (net21 net12 VSS VSS) nmos4
Opamp2202_missing_MOSFET.net,MOSFET,MM7 (VOUT1 net1003 net21 VSS) nmos4
Opamp2203_missing_MOSFET.net,MOSFET,MM2 (net26 VB1 VDD VDD) pmos4
Opamp2204_missing_MOSFET.net,MOSFET,MM3 (net32 VIN1 net10 VSS) nmos4
Opamp2205_missing_MOSFET.net,MOSFET,MM8 (net12 net1003 net27 VSS) nmos4
Opamp2206_missing_MOSFET.net,MOSFET,MM8 (net12 net1003 net27 VSS) nmos4
Opamp2207_missing_MOSFET.net,MOSFET,MM3 (net1006 net1006 VDD VDD) pmos4
Opamp2208_missing_MOSFET.net,MOSFET,MM2 (net1006 VB4 VSS VSS) nmos4
Opamp2209_missing_MOSFET.net,MOSFET,MM2 (net1006 VB4 VSS VSS) nmos4
Opamp2210_missing_MOSFET.net,MOSFET,MM1 (net32 VB1 VDD VDD) pmos4
Opamp2211_missing_MOSFET.net,MOSFET,MM2 (net1006 net1006 net6 VDD) pmos4
Opamp2212_missing_MOSFET.net,MOSFET,MM13 (net9 net1003 VSS VSS) nmos4
Opamp2213_missing_MOSFET.net,MOSFET,MM9 (net21 net12 VSS VSS) nmos4
Opamp2214_missing_MOSFET.net,MOSFET,MM0 (net1006 net025 VSS VSS) nmos4
Opamp2215_missing_MOSFET.net,MOSFET,MM6 (net12 VB3 net26 VDD) pmos4
Opamp2216_missing_MOSFET.net,MOSFET,MM13 (net9 net1003 VSS VSS) nmos4
Opamp2217_missing_MOSFET.net,MOSFET,MM1 (VB3 net1006 VDD VDD) pmos4
Opamp2218_missing_MOSFET.net,MOSFET,MM10 (net29 net1001 VSS VSS) nmos4
Opamp2219_missing_MOSFET.net,MOSFET,MM2 (net25 net16 VDD VDD) pmos4
Opamp2220_missing_MOSFET.net,MOSFET,MM5 (VOUT1 VB2 net24 VDD) pmos4
Opamp2221_missing_MOSFET.net,MOSFET,MM0 (net12 VB1 VDD VDD) pmos4
Opamp2222_missing_MOSFET.net,MOSFET,MM6 (net16 VB2 net25 VDD) pmos4
Opamp2223_missing_MOSFET.net,MOSFET,MM8 (net025 net010 net023 VSS) nmos4
Opamp2224_missing_MOSFET.net,MOSFET,MM3 (net1006 net1006 VDD VDD) pmos4
Opamp2225_missing_MOSFET.net,MOSFET,MM3 (net29 VIN1 net12 net22) pmos4
Opamp2226_missing_MOSFET.net,MOSFET,MM6 (net16 VB3 net25 VDD) pmos4
Opamp2227_missing_MOSFET.net,MOSFET,MM7 (VOUT1 net1003 net28 VSS) nmos4
Opamp2228_missing_MOSFET.net,MOSFET,MM8 (net16 net1003 net29 VSS) nmos4
Opamp2229_missing_MOSFET.net,MOSFET,MM4 (net28 VIN2 net12 net22) pmos4
Opamp2230_missing_MOSFET.net,MOSFET,MM2 (net25 net16 VDD VDD) pmos4
Opamp2231_missing_MOSFET.net,MOSFET,MM0 (net12 VB1 VDD VDD) pmos4
Opamp2232_missing_MOSFET.net,MOSFET,MM9 (net024 net024 net023 VSS) nmos4
Opamp2233_missing_MOSFET.net,MOSFET,MM1 (net24 net16 VDD VDD) pmos4
Opamp2234_missing_MOSFET.net,MOSFET,MM5 (net15 net15 VSS VSS) nmos4
Opamp2235_missing_MOSFET.net,MOSFET,MM7 (VOUT1 net9 VSS VSS) nmos4
Opamp2236_missing_MOSFET.net,MOSFET,MM4 (net16 net1005 VSS VSS) nmos4
Opamp2237_missing_MOSFET.net,MOSFET,MM0 (net11 VIN2 net16 VSS) nmos4
Opamp2238_missing_MOSFET.net,MOSFET,MM3 (net20 VIN1 net16 VSS) nmos4
Opamp2239_missing_MOSFET.net,MOSFET,MM0 (net11 VIN2 net16 VSS) nmos4
Opamp2240_missing_MOSFET.net,MOSFET,MM2 (net11 net11 VDD VDD) pmos4
Opamp2241_missing_MOSFET.net,MOSFET,MM0 (net1006 net025 VSS VSS) nmos4
Opamp2242_missing_MOSFET.net,MOSFET,MM1 (net20 net20 VDD VDD) pmos4
Opamp2243_missing_MOSFET.net,MOSFET,MM6 (net9 net11 VDD VDD) pmos4
Opamp2244_missing_MOSFET.net,MOSFET,MM4 (net16 net1005 VSS VSS) nmos4
Opamp2245_missing_Resistor.net,Resistor,RR0 (VDD net10) resistor
Opamp2246_missing_MOSFET.net,MOSFET,MM1 (net20 net20 VDD VDD) pmos4
Opamp2247_missing_MOSFET.net,MOSFET,MM2 (net11 net11 VDD VDD) pmos4
Opamp2248_missing_MOSFET.net,MOSFET,MM10 (VB1 net1007 VSS VSS) nmos4
Opamp2249_missing_MOSFET.net,MOSFET,MM2 (net11 net11 VDD VDD) pmos4
Opamp2250_missing_MOSFET.net,MOSFET,MM5 (VOUT1 net20 VDD VDD) pmos4
Opamp2251_missing_MOSFET.net,MOSFET,MM11 (net023 net024 net1007 VSS) nmos4
Opamp2252_missing_MOSFET.net,MOSFET,MM1 (net20 net20 VDD VDD) pmos4
Opamp2253_missing_MOSFET.net,MOSFET,MM3 (net20 VIN1 net16 VSS) nmos4
Opamp2254_missing_MOSFET.net,MOSFET,MM3 (net20 VIN1 net16 VSS) nmos4
Opamp2255_missing_MOSFET.net,MOSFET,MM0 (net11 VIN2 net16 VSS) nmos4
Opamp2256_missing_MOSFET.net,MOSFET,MM10 (neta net1007 VSS VSS) nmos4
Opamp2257_missing_MOSFET.net,MOSFET,MM2 (net1005 net1005 VSS VSS) nmos4
Opamp2258_missing_MOSFET.net,MOSFET,MM2 (VB2 net1007 VSS VSS) nmos4
Opamp2259_missing_MOSFET.net,MOSFET,MM2 (net1005 net1005 VSS VSS) nmos4
Opamp2260_missing_MOSFET.net,MOSFET,MM7 (VOUT1 net9 VSS VSS) nmos4
Opamp2261_missing_MOSFET.net,MOSFET,MM3 (VB2 VB2 VDD VDD) pmos4
Opamp2262_missing_MOSFET.net,MOSFET,MM4 (net010 VB2 VDD VDD) pmos4
Opamp2263_missing_MOSFET.net,MOSFET,MM0 (net11 VIN2 net16 VSS) nmos4
Opamp2264_missing_Resistor.net,Resistor,RRF (VDD net1007) resistor
Opamp2265_missing_MOSFET.net,MOSFET,MM4 (VB1 net1005 VSS VSS) nmos4
Opamp2266_missing_MOSFET.net,MOSFET,MM0 (net11 VIN2 net16 VSS) nmos4
Opamp2267_missing_MOSFET.net,MOSFET,MM4 (net16 net1005 VSS VSS) nmos4
Opamp2268_missing_MOSFET.net,MOSFET,MM2 (net11 net11 VDD VDD) pmos4
Opamp2269_missing_MOSFET.net,MOSFET,MM1 (net20 net20 VDD VDD) pmos4
Opamp2270_missing_MOSFET.net,MOSFET,MM3 (net20 VIN1 net16 VSS) nmos4
Opamp2271_missing_MOSFET.net,MOSFET,MM14 (net10 net1003 net33 VSS) nmos4
Opamp2272_missing_MOSFET.net,MOSFET,MM13 (net9 net1003 VSS VSS) nmos4
Opamp2273_missing_MOSFET.net,MOSFET,MM8 (net33 net10 VSS VSS) nmos4
Opamp2274_missing_MOSFET.net,MOSFET,MM13 (net9 net1003 VSS VSS) nmos4
Opamp2275_missing_MOSFET.net,MOSFET,MM8 (net33 net10 VSS VSS) nmos4
Opamp2276_missing_Resistor.net,Resistor,RR0 (net15 VSS) resistor
Opamp2277_missing_MOSFET.net,MOSFET,MM3 (VB3 net1006 VDD VDD) pmos4
Opamp2278_missing_MOSFET.net,MOSFET,MM9 (VOUT1 VB1 net34 VDD) pmos4
Opamp2279_missing_MOSFET.net,MOSFET,MM11 (net23 VB1 net36 VDD) pmos4
Opamp2280_missing_MOSFET.net,MOSFET,MM5 (net14 VB2 VDD VDD) pmos4
Opamp2281_missing_MOSFET.net,MOSFET,MM1 (VOUT1 net1003 net29 VSS) nmos4
Opamp2282_missing_MOSFET.net,MOSFET,MM14 (net1003 net1006 VDD VDD) pmos4
Opamp2283_missing_Resistor.net,Resistor,RR0 (VDD net6) resistor
Opamp2284_missing_MOSFET.net,MOSFET,MM6 (net16 VIN1 net14 net27) pmos4
Opamp2285_missing_MOSFET.net,MOSFET,MM3 (net1006 net1006 VDD VDD) pmos4
Opamp2286_missing_MOSFET.net,MOSFET,MM1 (VOUT1 net1003 net29 VSS) nmos4
Opamp2287_missing_MOSFET.net,MOSFET,MM14 (net1003 net1006 VDD VDD) pmos4
Opamp2288_missing_MOSFET.net,MOSFET,MM8 (net16 net1003 net26 VSS) nmos4
Opamp2289_missing_MOSFET.net,MOSFET,MM3 (net1006 net1006 VDD VDD) pmos4
Opamp2290_missing_MOSFET.net,MOSFET,MM0 (net010 VB3 VSS VSS) nmos4
Opamp2291_missing_Resistor.net,Resistor,RR1 (net1006 VSS) resistor
Opamp2292_missing_MOSFET.net,MOSFET,MM4 (net10 net1001 VSS VSS) nmos4
Opamp2293_missing_MOSFET.net,MOSFET,MM8 (net12 net1003 net27 VSS) nmos4
Opamp2294_missing_MOSFET.net,MOSFET,MM3 (net1006 net1006 VDD VDD) pmos4
Opamp2295_missing_MOSFET.net,MOSFET,MM1 (net1006 net1006 VDD VDD) pmos4
Opamp2296_missing_MOSFET.net,MOSFET,MM5 (VOUT1 VB2 net32 VDD) pmos4
Opamp2297_missing_MOSFET.net,MOSFET,MM6 (net12 VB2 net26 VDD) pmos4
Opamp2298_missing_MOSFET.net,MOSFET,MM2 (net1006 VB4 VSS VSS) nmos4
Opamp2299_missing_MOSFET.net,MOSFET,MM1 (net32 VB1 VDD VDD) pmos4
Opamp2300_missing_Resistor.net,Resistor,RR1 (net1006 VSS) resistor
Opamp2301_missing_MOSFET.net,MOSFET,MM4 (net10 VB2 VSS VSS) nmos4
Opamp2302_missing_MOSFET.net,MOSFET,MM7 (VOUT1 net1003 net21 VSS) nmos4
Opamp2303_missing_MOSFET.net,MOSFET,MM8 (net12 net1003 net27 VSS) nmos4
Opamp2304_missing_MOSFET.net,MOSFET,MM14 (net1003 net1006 VDD VDD) pmos4
Opamp2305_missing_MOSFET.net,MOSFET,MM5 (VOUT1 VB3 net32 VDD) pmos4
Opamp2306_missing_MOSFET.net,MOSFET,MM15 (net1003 net1003 net9 VSS) nmos4
Opamp2307_missing_MOSFET.net,MOSFET,MM2 (net1006 VB3 VSS VSS) nmos4
Opamp2308_missing_MOSFET.net,MOSFET,MM7 (VOUT1 net1003 net28 VSS) nmos4
Opamp2309_missing_MOSFET.net,MOSFET,MM15 (net1003 net1003 net1001 VSS) nmos4
Opamp2310_missing_MOSFET.net,MOSFET,MM5 (VOUT1 VB2 net24 VDD) pmos4
Opamp2311_missing_MOSFET.net,MOSFET,MM3 (net29 VIN1 net12 net22) pmos4
Opamp2312_missing_MOSFET.net,MOSFET,MM3 (net1006 net1006 VDD VDD) pmos4
Opamp2313_missing_MOSFET.net,MOSFET,MM2 (net25 net16 VDD VDD) pmos4
Opamp2314_missing_MOSFET.net,MOSFET,MM3 (net1006 net1006 VDD VDD) pmos4
Opamp2315_missing_MOSFET.net,MOSFET,MM0 (VB4 VB3 VSS VSS) nmos4
Opamp2316_missing_MOSFET.net,MOSFET,MM1 (net24 net16 VDD VDD) pmos4
Opamp2317_missing_MOSFET.net,MOSFET,MM0 (net010 VB4 VSS VSS) nmos4
Opamp2318_missing_MOSFET.net,MOSFET,MM15 (net1003 net1003 net9 VSS) nmos4
Opamp2319_missing_Resistor.net,Resistor,RR1 (net1006 VSS) resistor
Opamp2320_missing_MOSFET.net,MOSFET,MM15 (net1003 net1003 net9 VSS) nmos4
Opamp2321_missing_MOSFET.net,MOSFET,MM4 (net28 VIN2 net12 net22) pmos4
Opamp2322_missing_MOSFET.net,MOSFET,MM14 (net1003 net1006 VDD VDD) pmos4
Opamp2323_missing_MOSFET.net,MOSFET,MM6 (net014 net1006 VDD VDD) pmos4
Opamp2324_missing_MOSFET.net,MOSFET,MM0 (VB5 VB4 VSS VSS) nmos4
Opamp2325_missing_MOSFET.net,MOSFET,MM0 (net11 VIN2 net16 VSS) nmos4
Opamp2326_missing_MOSFET.net,MOSFET,MM1 (net20 net20 VDD VDD) pmos4
Opamp2327_missing_MOSFET.net,MOSFET,MM0 (net11 VIN2 net16 VSS) nmos4
Opamp2328_missing_MOSFET.net,MOSFET,MM0 (net11 VIN2 net16 VSS) nmos4
Opamp2329_missing_MOSFET.net,MOSFET,MM7 (VOUT1 net9 VSS VSS) nmos4
Opamp2330_missing_Resistor.net,Resistor,RR0 (net15 VSS) resistor
Opamp2331_missing_MOSFET.net,MOSFET,MM8 (net025 net010 net023 VSS) nmos4
Opamp2332_missing_MOSFET.net,MOSFET,MM4 (net16 net1005 VSS VSS) nmos4
Opamp2333_missing_MOSFET.net,MOSFET,MM2 (net11 net11 VDD VDD) pmos4
Opamp2334_missing_MOSFET.net,MOSFET,MM1 (net1005 VB1 VDD VDD) pmos4
Opamp2335_missing_MOSFET.net,MOSFET,MM8 (net9 net9 VSS VSS) nmos4
Opamp2336_missing_MOSFET.net,MOSFET,MM3 (net20 VIN1 net16 VSS) nmos4
Opamp2337_missing_MOSFET.net,MOSFET,MM1 (net1007 VB2 VDD VDD) pmos4
Opamp2338_missing_MOSFET.net,MOSFET,MM0 (VB1 VB1 VDD VDD) pmos4
Opamp2339_missing_MOSFET.net,MOSFET,MM7 (VOUT1 net9 VSS VSS) nmos4
Opamp2340_missing_MOSFET.net,MOSFET,MM1 (net1005 VB1 VDD VDD) pmos4
Opamp2341_missing_MOSFET.net,MOSFET,MM11 (net023 net024 net1007 VSS) nmos4
Opamp2342_missing_MOSFET.net,MOSFET,MM2 (net11 net11 VDD VDD) pmos4
Opamp2343_missing_Resistor.net,Resistor,RRF (VDD net1007) resistor
Opamp2344_missing_MOSFET.net,MOSFET,MM2 (net11 net11 VDD VDD) pmos4
Opamp2345_missing_MOSFET.net,MOSFET,MM2 (net11 net11 VDD VDD) pmos4
Opamp2346_missing_MOSFET.net,MOSFET,MM0 (neta neta VDD VDD) pmos4
Opamp2347_missing_MOSFET.net,MOSFET,MM10 (neta net1007 VSS VSS) nmos4
Opamp2348_missing_MOSFET.net,MOSFET,MM1 (net1007 VB2 VDD VDD) pmos4
Opamp2349_missing_MOSFET.net,MOSFET,MM2 (net11 net11 VDD VDD) pmos4
Opamp2350_missing_MOSFET.net,MOSFET,MM3 (VB1 VB1 VDD VDD) pmos4
Opamp2351_missing_MOSFET.net,MOSFET,MM1 (net20 net20 VDD VDD) pmos4
Opamp2352_missing_MOSFET.net,MOSFET,MM4 (VB1 net1005 VSS VSS) nmos4
Opamp2353_missing_MOSFET.net,MOSFET,MM1 (net1005 neta VDD VDD) pmos4
Opamp2354_missing_MOSFET.net,MOSFET,MM7 (VOUT1 net9 VSS VSS) nmos4
Opamp2355_missing_MOSFET.net,MOSFET,MM2 (net11 net11 VDD VDD) pmos4
Opamp2356_missing_MOSFET.net,MOSFET,MM4 (net16 net1005 VSS VSS) nmos4
Opamp2357_missing_MOSFET.net,MOSFET,MM3 (net1006 net1006 VDD VDD) pmos4
Opamp2358_missing_MOSFET.net,MOSFET,MM6 (net9 net11 VDD VDD) pmos4
Opamp2359_missing_Resistor.net,Resistor,RR0 (VDD net6) resistor
Opamp2360_missing_MOSFET.net,MOSFET,MM8 (net1005 net1005 VSS VSS) nmos4
Opamp2361_missing_MOSFET.net,MOSFET,MM11 (net23 VB1 net36 VDD) pmos4
Opamp2362_missing_MOSFET.net,MOSFET,MM15 (net1003 net1003 net9 VSS) nmos4
Opamp2363_missing_MOSFET.net,MOSFET,MM13 (net9 net1003 VSS VSS) nmos4
Opamp2364_missing_MOSFET.net,MOSFET,MM7 (net31 net10 VSS VSS) nmos4
Opamp2365_missing_MOSFET.net,MOSFET,MM11 (net23 VB1 net36 VDD) pmos4
Opamp2366_missing_MOSFET.net,MOSFET,MM7 (net31 net10 VSS VSS) nmos4
Opamp2367_missing_MOSFET.net,MOSFET,MM3 (net23 VIN1 net17 VSS) nmos4
Opamp2368_missing_MOSFET.net,MOSFET,MM3 (net23 VIN1 net17 VSS) nmos4
Opamp2369_missing_MOSFET.net,MOSFET,MM14 (net1003 net1006 VDD VDD) pmos4
Opamp2370_missing_MOSFET.net,MOSFET,MM11 (net32 net16 VSS VSS) nmos4
Opamp2371_missing_MOSFET.net,MOSFET,MM0 (net010 VB3 VSS VSS) nmos4
Opamp2372_missing_MOSFET.net,MOSFET,MM12 (net29 net11 VSS VSS) nmos4
Opamp2373_missing_MOSFET.net,MOSFET,MM10 (net33 net11 VSS VSS) nmos4
Opamp2374_missing_MOSFET.net,MOSFET,MM3 (VOUT1 VB1 net025 VDD) pmos4
Opamp2375_missing_MOSFET.net,MOSFET,MM15 (net1003 net1003 net9 VSS) nmos4
Opamp2376_missing_MOSFET.net,MOSFET,MM14 (net1003 net1006 VDD VDD) pmos4
Opamp2377_missing_MOSFET.net,MOSFET,MM6 (net014 net1006 VDD VDD) pmos4
Opamp2378_missing_MOSFET.net,MOSFET,MM3 (net1006 net1006 VDD VDD) pmos4
Opamp2379_missing_MOSFET.net,MOSFET,MM13 (net1001 net1001 VSS VSS) nmos4
Opamp2380_missing_MOSFET.net,MOSFET,MM14 (net1003 net1006 VDD VDD) pmos4
Opamp2381_missing_MOSFET.net,MOSFET,MM10 (net27 net12 VSS VSS) nmos4
Opamp2382_missing_MOSFET.net,MOSFET,MM5 (VOUT1 VB2 net32 VDD) pmos4
Opamp2383_missing_MOSFET.net,MOSFET,MM10 (net27 net12 VSS VSS) nmos4
Opamp2384_missing_MOSFET.net,MOSFET,MM15 (net1003 net1003 net1001 VSS) nmos4
Opamp2385_missing_MOSFET.net,MOSFET,MM10 (net27 net12 VSS VSS) nmos4
Opamp2386_missing_MOSFET.net,MOSFET,MM7 (VOUT1 net1003 net21 VSS) nmos4
Opamp2387_missing_MOSFET.net,MOSFET,MM8 (net12 net1003 net27 VSS) nmos4
Opamp2388_missing_MOSFET.net,MOSFET,MM0 (VB4 VB4 VSS VSS) nmos4
Opamp2389_missing_MOSFET.net,MOSFET,MM2 (net1006 VB4 VSS VSS) nmos4
Opamp2390_missing_MOSFET.net,MOSFET,MM14 (net1003 net1006 VDD VDD) pmos4
Opamp2391_missing_MOSFET.net,MOSFET,MM4 (net10 VB2 VSS VSS) nmos4
Opamp2392_missing_MOSFET.net,MOSFET,MM3 (net1006 net1006 VDD VDD) pmos4
Opamp2393_missing_MOSFET.net,MOSFET,MM7 (VOUT1 net1003 net21 VSS) nmos4
Opamp2394_missing_MOSFET.net,MOSFET,MM7 (VOUT1 net1003 net21 VSS) nmos4
Opamp2395_missing_MOSFET.net,MOSFET,MM3 (net1006 net1006 VDD VDD) pmos4
Opamp2396_missing_MOSFET.net,MOSFET,MM10 (net27 net12 VSS VSS) nmos4
Opamp2397_missing_MOSFET.net,MOSFET,MM5 (VOUT1 VB2 net24 VDD) pmos4
Opamp2398_missing_MOSFET.net,MOSFET,MM9 (net28 net1001 VSS VSS) nmos4
Opamp2399_missing_MOSFET.net,MOSFET,MM9 (net28 net1001 VSS VSS) nmos4
Opamp2400_missing_MOSFET.net,MOSFET,MM3 (net29 VIN1 net12 net22) pmos4
Opamp2401_missing_MOSFET.net,MOSFET,MM1 (net24 net16 VDD VDD) pmos4
Opamp2402_missing_MOSFET.net,MOSFET,MM2 (net25 net16 VDD VDD) pmos4
Opamp2403_missing_MOSFET.net,MOSFET,MM8 (net16 net1003 net29 VSS) nmos4
Opamp2404_missing_MOSFET.net,MOSFET,MM14 (net1003 net1006 VDD VDD) pmos4
Opamp2405_missing_MOSFET.net,MOSFET,MM5 (VOUT1 VB2 net24 VDD) pmos4
Opamp2406_missing_MOSFET.net,MOSFET,MM7 (VOUT1 net1003 net28 VSS) nmos4
Opamp2407_missing_MOSFET.net,MOSFET,MM9 (net28 VB2 VSS VSS) nmos4
Opamp2408_missing_Resistor.net,Resistor,RR1 (net1006 VSS) resistor
Opamp2409_missing_MOSFET.net,MOSFET,MM14 (net1003 net1006 VDD VDD) pmos4
Opamp2410_missing_MOSFET.net,MOSFET,MM1 (net24 net16 VDD VDD) pmos4
Opamp2411_missing_MOSFET.net,MOSFET,MM7 (VOUT1 net1003 net28 VSS) nmos4
Opamp2412_missing_MOSFET.net,MOSFET,MM4 (net28 VIN2 net12 net22) pmos4
Opamp2413_missing_MOSFET.net,MOSFET,MM2 (net25 net16 VDD VDD) pmos4
Opamp2414_missing_MOSFET.net,MOSFET,MM3 (net1006 net1006 VDD VDD) pmos4
Opamp2415_missing_MOSFET.net,MOSFET,MM3 (net1006 net1006 VDD VDD) pmos4
Opamp2416_missing_MOSFET.net,MOSFET,MM3 (net20 VIN1 net16 VSS) nmos4
Opamp2417_missing_MOSFET.net,MOSFET,MM4 (net16 net1005 VSS VSS) nmos4
Opamp2418_missing_MOSFET.net,MOSFET,MM2 (net1006 net1006 net6 VDD) pmos4
Opamp2419_missing_MOSFET.net,MOSFET,MM2 (net11 net11 VDD VDD) pmos4
Opamp2420_missing_MOSFET.net,MOSFET,MM2 (net1006 VB1 net15 VSS) nmos4
Opamp2421_missing_MOSFET.net,MOSFET,MM8 (net9 net9 VSS VSS) nmos4
Opamp2422_missing_MOSFET.net,MOSFET,MM3 (net20 VIN1 net16 VSS) nmos4
Opamp2423_missing_MOSFET.net,MOSFET,MM4 (net16 net1005 VSS VSS) nmos4
Opamp2424_missing_MOSFET.net,MOSFET,MM0 (net11 VIN2 net16 VSS) nmos4
Opamp2425_missing_MOSFET.net,MOSFET,MM6 (net9 net11 VDD VDD) pmos4
Opamp2426_missing_MOSFET.net,MOSFET,MM0 (net11 VIN2 net16 VSS) nmos4
Opamp2427_missing_MOSFET.net,MOSFET,MM0 (VB1 VB1 VDD VDD) pmos4
Opamp2428_missing_MOSFET.net,MOSFET,MM0 (net1007 net1007 VSS VSS) nmos4
Opamp2429_missing_MOSFET.net,MOSFET,MM0 (VB1 VB1 VDD VDD) pmos4
Opamp2430_missing_MOSFET.net,MOSFET,MM10 (VB1 net1007 VSS VSS) nmos4
Opamp2431_missing_MOSFET.net,MOSFET,MM7 (net010 net010 net025 VSS) nmos4
Opamp2432_missing_MOSFET.net,MOSFET,MM10 (VB1 net1007 VSS VSS) nmos4
Opamp2433_missing_MOSFET.net,MOSFET,MM8 (net9 net9 VSS VSS) nmos4
Opamp2434_missing_MOSFET.net,MOSFET,MM4 (net16 net1005 VSS VSS) nmos4
Opamp2435_missing_MOSFET.net,MOSFET,MM3 (net20 VIN1 net16 VSS) nmos4
Opamp2436_missing_MOSFET.net,MOSFET,MM1 (net1005 neta VDD VDD) pmos4
Opamp2437_missing_MOSFET.net,MOSFET,MM4 (VB1 net1005 VSS VSS) nmos4
Opamp2438_missing_MOSFET.net,MOSFET,MM0 (neta neta VDD VDD) pmos4
Opamp2439_missing_MOSFET.net,MOSFET,MM7 (VOUT1 net9 VSS VSS) nmos4
Opamp2440_missing_MOSFET.net,MOSFET,MM7 (VOUT1 net9 VSS VSS) nmos4
Opamp2441_missing_MOSFET.net,MOSFET,MM6 (net9 net11 VDD VDD) pmos4
Opamp2442_missing_MOSFET.net,MOSFET,MM7 (VOUT1 net9 VSS VSS) nmos4
Opamp2443_missing_MOSFET.net,MOSFET,MM1 (net1005 neta VDD VDD) pmos4
Opamp2444_missing_MOSFET.net,MOSFET,MM0 (net11 VIN2 net16 VSS) nmos4
Opamp2445_missing_MOSFET.net,MOSFET,MM7 (VOUT1 net9 VSS VSS) nmos4
Opamp2446_missing_MOSFET.net,MOSFET,MM2 (net11 net11 VDD VDD) pmos4
Opamp2447_missing_MOSFET.net,MOSFET,MM0 (VB1 net1005 VSS VSS) nmos4
Opamp2448_missing_MOSFET.net,MOSFET,MM2 (net11 net11 VDD VDD) pmos4
Opamp2449_missing_MOSFET.net,MOSFET,MM2 (net1006 net1006 net6 VDD) pmos4
Opamp2450_missing_MOSFET.net,MOSFET,MM6 (net9 net11 VDD VDD) pmos4
Opamp2451_missing_MOSFET.net,MOSFET,MM2 (net1006 VB3 VSS VSS) nmos4
Opamp2452_missing_MOSFET.net,MOSFET,MM13 (VOUT1 net1003 net31 VSS) nmos4
Opamp2453_missing_MOSFET.net,MOSFET,MM8 (net33 net10 VSS VSS) nmos4
Opamp2454_missing_MOSFET.net,MOSFET,MM4 (net17 VB2 VSS VSS) nmos4
Opamp2455_missing_MOSFET.net,MOSFET,MM13 (VOUT1 net1003 net31 VSS) nmos4
Opamp2456_missing_Resistor.net,Resistor,RR0 (net15 VSS) resistor
Opamp2457_missing_MOSFET.net,MOSFET,MM13 (net9 net1003 VSS VSS) nmos4
Opamp2458_missing_MOSFET.net,MOSFET,MM4 (net17 VB2 VSS VSS) nmos4
Opamp2459_missing_MOSFET.net,MOSFET,MM6 (net15 net1006 VDD VDD) pmos4
Opamp2460_missing_MOSFET.net,MOSFET,MM11 (net32 net16 VSS VSS) nmos4
Opamp2461_missing_MOSFET.net,MOSFET,MM7 (net11 VIN2 net14 net27) pmos4
Opamp2462_missing_MOSFET.net,MOSFET,MM6 (net16 VIN1 net14 net27) pmos4
Opamp2463_missing_MOSFET.net,MOSFET,MM14 (net1003 net1006 VDD VDD) pmos4
Opamp2464_missing_MOSFET.net,MOSFET,MM11 (net32 net16 VSS VSS) nmos4
Opamp2465_missing_MOSFET.net,MOSFET,MM7 (net11 VIN2 net14 net27) pmos4
Opamp2466_missing_MOSFET.net,MOSFET,MM0 (net1006 net025 VSS VSS) nmos4
Opamp2467_missing_MOSFET.net,MOSFET,MM2 (net1006 VB3 net15 VSS) nmos4
Opamp2468_missing_MOSFET.net,MOSFET,MM13 (net9 net1003 VSS VSS) nmos4
Opamp2469_missing_MOSFET.net,MOSFET,MM5 (VOUT1 VB2 net32 VDD) pmos4
Opamp2470_missing_MOSFET.net,MOSFET,MM5 (VOUT1 VB2 net32 VDD) pmos4
Opamp2471_missing_MOSFET.net,MOSFET,MM9 (net21 net12 VSS VSS) nmos4
Opamp2472_missing_MOSFET.net,MOSFET,MM2 (net26 VB1 VDD VDD) pmos4
Opamp2473_missing_MOSFET.net,MOSFET,MM3 (net32 VIN1 net10 VSS) nmos4
Opamp2474_missing_MOSFET.net,MOSFET,MM4 (net10 net1001 VSS VSS) nmos4
Opamp2475_missing_MOSFET.net,MOSFET,MM2 (net26 VB1 VDD VDD) pmos4
Opamp2476_missing_MOSFET.net,MOSFET,MM2 (net26 VB1 VDD VDD) pmos4
Opamp2477_missing_MOSFET.net,MOSFET,MM3 (net1006 net1006 VDD VDD) pmos4
Opamp2478_missing_MOSFET.net,MOSFET,MM7 (VOUT1 net1003 net21 VSS) nmos4
Opamp2479_missing_MOSFET.net,MOSFET,MM6 (net12 VB3 net26 VDD) pmos4
Opamp2480_missing_MOSFET.net,MOSFET,MM4 (net10 VB2 VSS VSS) nmos4
Opamp2481_missing_MOSFET.net,MOSFET,MM6 (net12 VB3 net26 VDD) pmos4
Opamp2482_missing_MOSFET.net,MOSFET,MM8 (net12 net1003 net27 VSS) nmos4
Opamp2483_missing_MOSFET.net,MOSFET,MM2 (net26 VB1 VDD VDD) pmos4
Opamp2484_missing_MOSFET.net,MOSFET,MM4 (net10 VB2 VSS VSS) nmos4
Opamp2485_missing_MOSFET.net,MOSFET,MM6 (net12 VB3 net26 VDD) pmos4
Opamp2486_missing_MOSFET.net,MOSFET,MM2 (net26 VB1 VDD VDD) pmos4
Opamp2487_missing_MOSFET.net,MOSFET,MM9 (net28 net1001 VSS VSS) nmos4
Opamp2488_missing_Resistor.net,Resistor,RR0 (VB3 net010) resistor
Opamp2489_missing_MOSFET.net,MOSFET,MM9 (net28 net1001 VSS VSS) nmos4
Opamp2490_missing_Resistor.net,Resistor,RR1 (net1006 VSS) resistor
Opamp2491_missing_MOSFET.net,MOSFET,MM10 (net29 net1001 VSS VSS) nmos4
Opamp2492_missing_MOSFET.net,MOSFET,MM6 (net16 VB2 net25 VDD) pmos4
Opamp2493_missing_MOSFET.net,MOSFET,MM0 (net12 VB1 VDD VDD) pmos4
Opamp2494_missing_MOSFET.net,MOSFET,MM6 (net16 VB2 net25 VDD) pmos4
Opamp2495_missing_MOSFET.net,MOSFET,MM6 (net15 net1006 VDD VDD) pmos4
Opamp2496_missing_MOSFET.net,MOSFET,MM14 (net1003 net1006 VDD VDD) pmos4
Opamp2497_missing_MOSFET.net,MOSFET,MM1 (net24 net16 VDD VDD) pmos4
Opamp2498_missing_MOSFET.net,MOSFET,MM9 (net28 VB2 VSS VSS) nmos4
Opamp2499_missing_MOSFET.net,MOSFET,MM0 (net12 VB1 VDD VDD) pmos4
Opamp2500_missing_MOSFET.net,MOSFET,MM0 (net12 VB1 VDD VDD) pmos4
Opamp2501_missing_MOSFET.net,MOSFET,MM5 (VOUT1 VB3 net24 VDD) pmos4
Opamp2502_missing_MOSFET.net,MOSFET,MM1 (net1006 net1006 VDD VDD) pmos4
Opamp2503_missing_MOSFET.net,MOSFET,MM5 (net014 net014 VSS VSS) nmos4
Opamp2504_missing_MOSFET.net,MOSFET,MM6 (net16 VB3 net25 VDD) pmos4
Opamp2505_missing_MOSFET.net,MOSFET,MM7 (VOUT1 net9 VSS VSS) nmos4
Opamp2506_missing_Resistor.net,Resistor,RR0 (VB1 net010) resistor
Opamp2507_missing_MOSFET.net,MOSFET,MM10 (net1005 net1006 VDD VDD) pmos4
Opamp2508_missing_MOSFET.net,MOSFET,MM5 (VOUT1 net20 VDD VDD) pmos4
Opamp2509_missing_MOSFET.net,MOSFET,MM8 (net9 net9 VSS VSS) nmos4
Opamp2510_missing_MOSFET.net,MOSFET,MM2 (net1006 VB1 net15 VSS) nmos4
Opamp2511_missing_MOSFET.net,MOSFET,MM7 (net010 net010 net025 VSS) nmos4
Opamp2512_missing_MOSFET.net,MOSFET,MM6 (net9 net11 VDD VDD) pmos4
Opamp2513_missing_MOSFET.net,MOSFET,MM0 (net11 VIN2 net16 VSS) nmos4
Opamp2514_missing_MOSFET.net,MOSFET,MM6 (net9 net11 VDD VDD) pmos4
Opamp2515_missing_MOSFET.net,MOSFET,MM1 (net10 net1007 VSS VSS) nmos4
Opamp2516_missing_MOSFET.net,MOSFET,MM3 (VB2 VB2 VDD VDD) pmos4
Opamp2517_missing_MOSFET.net,MOSFET,MM0 (net010 net1007 VSS VSS) nmos4
Opamp2518_missing_MOSFET.net,MOSFET,MM2 (net11 net11 VDD VDD) pmos4
Opamp2519_missing_MOSFET.net,MOSFET,MM10 (VB1 net1007 VSS VSS) nmos4
Opamp2520_missing_MOSFET.net,MOSFET,MM1 (net20 net20 VDD VDD) pmos4
Opamp2521_missing_MOSFET.net,MOSFET,MM2 (net1007 net1007 VSS VSS) nmos4
Opamp2522_missing_MOSFET.net,MOSFET,MM2 (net1005 net1005 VSS VSS) nmos4
Opamp2523_missing_Resistor.net,Resistor,RR1 (net1007 net7) resistor
Opamp2524_missing_MOSFET.net,MOSFET,MM8 (net9 net9 VSS VSS) nmos4
Opamp2525_missing_MOSFET.net,MOSFET,MM4 (VB1 net1005 VSS VSS) nmos4
Opamp2526_missing_MOSFET.net,MOSFET,MM3 (VB1 VB1 VDD VDD) pmos4
Opamp2527_missing_MOSFET.net,MOSFET,MM3 (net20 VIN1 net16 VSS) nmos4
Opamp2528_missing_MOSFET.net,MOSFET,MM0 (net010 net1007 VSS VSS) nmos4
Opamp2529_missing_MOSFET.net,MOSFET,MM2 (net11 net11 VDD VDD) pmos4
Opamp2530_missing_MOSFET.net,MOSFET,MM3 (VB1 VB1 VDD VDD) pmos4
Opamp2531_missing_MOSFET.net,MOSFET,MM3 (net20 VIN1 net16 VSS) nmos4
Opamp2532_missing_MOSFET.net,MOSFET,MM8 (net9 net9 VSS VSS) nmos4
Opamp2533_missing_MOSFET.net,MOSFET,MM0 (net1007 net1007 VSS VSS) nmos4
Opamp2534_missing_MOSFET.net,MOSFET,MM1 (net1005 neta VDD VDD) pmos4
Opamp2535_missing_MOSFET.net,MOSFET,MM4 (VB1 net1005 VSS VSS) nmos4
Opamp2536_missing_MOSFET.net,MOSFET,MM6 (net9 net11 VDD VDD) pmos4
Opamp2537_missing_MOSFET.net,MOSFET,MM0 (net11 VIN2 net16 VSS) nmos4
Opamp2538_missing_MOSFET.net,MOSFET,MM3 (VB1 VB1 VDD VDD) pmos4
Opamp2539_missing_MOSFET.net,MOSFET,MM6 (net9 net11 VDD VDD) pmos4
Opamp2540_missing_MOSFET.net,MOSFET,MM4 (net16 net1005 VSS VSS) nmos4
Opamp2541_missing_MOSFET.net,MOSFET,MM13 (VOUT1 net1003 net31 VSS) nmos4
Opamp2542_missing_MOSFET.net,MOSFET,MM2 (net37 net12 VDD VDD) pmos4
Opamp2543_missing_MOSFET.net,MOSFET,MM13 (VOUT1 net1003 net31 VSS) nmos4
Opamp2544_missing_MOSFET.net,MOSFET,MM4 (net17 VB2 VSS VSS) nmos4
Opamp2545_missing_MOSFET.net,MOSFET,MM11 (net23 VB1 net36 VDD) pmos4
Opamp2546_missing_MOSFET.net,MOSFET,MM8 (net33 net10 VSS VSS) nmos4
Opamp2547_missing_MOSFET.net,MOSFET,MM9 (net024 net024 net023 VSS) nmos4
Opamp2548_missing_MOSFET.net,MOSFET,MM7 (net31 net10 VSS VSS) nmos4
Opamp2549_missing_MOSFET.net,MOSFET,MM3 (net1006 net1006 VDD VDD) pmos4
Opamp2550_missing_MOSFET.net,MOSFET,MM14 (net1003 net1006 VDD VDD) pmos4
Opamp2551_missing_MOSFET.net,MOSFET,MM4 (net26 net16 VSS VSS) nmos4
Opamp2552_missing_MOSFET.net,MOSFET,MM7 (net11 VIN2 net14 net27) pmos4
Opamp2553_missing_MOSFET.net,MOSFET,MM8 (net16 net1003 net26 VSS) nmos4
Opamp2554_missing_MOSFET.net,MOSFET,MM13 (net9 net1003 VSS VSS) nmos4
Opamp2555_missing_MOSFET.net,MOSFET,MM2 (net1006 VB3 net15 VSS) nmos4
Opamp2556_missing_MOSFET.net,MOSFET,MM4 (net010 net1006 VDD VDD) pmos4
Opamp2557_missing_MOSFET.net,MOSFET,MM7 (net11 VIN2 net14 net27) pmos4
Opamp2558_missing_MOSFET.net,MOSFET,MM6 (net15 net1006 VDD VDD) pmos4
Opamp2559_missing_MOSFET.net,MOSFET,MM6 (net12 VB2 net26 VDD) pmos4
Opamp2560_missing_MOSFET.net,MOSFET,MM8 (net12 net1003 net27 VSS) nmos4
Opamp2561_missing_Resistor.net,Resistor,RR1 (net1006 VSS) resistor
Opamp2562_missing_MOSFET.net,MOSFET,MM3 (net32 VIN1 net10 VSS) nmos4
Opamp2563_missing_MOSFET.net,MOSFET,MM5 (VOUT1 VB2 net32 VDD) pmos4
Opamp2564_missing_MOSFET.net,MOSFET,MM5 (VOUT1 VB2 net32 VDD) pmos4
Opamp2565_missing_MOSFET.net,MOSFET,MM7 (net010 net010 net025 VSS) nmos4
Opamp2566_missing_MOSFET.net,MOSFET,MM9 (net21 net12 VSS VSS) nmos4
Opamp2567_missing_MOSFET.net,MOSFET,MM0 (VB4 VB3 VSS VSS) nmos4
Opamp2568_missing_MOSFET.net,MOSFET,MM0 (VB4 VB4 VSS VSS) nmos4
Opamp2569_missing_MOSFET.net,MOSFET,MM3 (net32 VIN1 net10 VSS) nmos4
Opamp2570_missing_MOSFET.net,MOSFET,MM0 (net26 VIN2 net10 VSS) nmos4
Opamp2571_missing_MOSFET.net,MOSFET,MM7 (VOUT1 net1003 net21 VSS) nmos4
Opamp2572_missing_MOSFET.net,MOSFET,MM10 (net27 net12 VSS VSS) nmos4
Opamp2573_missing_MOSFET.net,MOSFET,MM9 (net21 net12 VSS VSS) nmos4
Opamp2574_missing_MOSFET.net,MOSFET,MM9 (net21 net12 VSS VSS) nmos4
Opamp2575_missing_MOSFET.net,MOSFET,MM2 (net1006 VB4 net15 VSS) nmos4
Opamp2576_missing_MOSFET.net,MOSFET,MM6 (net15 net1006 VDD VDD) pmos4
Opamp2577_missing_MOSFET.net,MOSFET,MM9 (net28 net1001 VSS VSS) nmos4
Opamp2578_missing_MOSFET.net,MOSFET,MM9 (net28 net1001 VSS VSS) nmos4
Opamp2579_missing_MOSFET.net,MOSFET,MM13 (net1001 net1001 VSS VSS) nmos4
Opamp2580_missing_MOSFET.net,MOSFET,MM1 (net24 net16 VDD VDD) pmos4
Opamp2581_missing_MOSFET.net,MOSFET,MM15 (net1003 net1003 net1001 VSS) nmos4
Opamp2582_missing_MOSFET.net,MOSFET,MM4 (net28 VIN2 net12 net22) pmos4
Opamp2583_missing_MOSFET.net,MOSFET,MM2 (VB3 VB3 VSS VSS) nmos4
Opamp2584_missing_MOSFET.net,MOSFET,MM15 (net1003 net1003 net1001 VSS) nmos4
Opamp2585_missing_MOSFET.net,MOSFET,MM3 (net1006 net1006 VDD VDD) pmos4
Opamp2586_missing_MOSFET.net,MOSFET,MM14 (net1003 net1006 VDD VDD) pmos4
Opamp2587_missing_MOSFET.net,MOSFET,MM1 (VB4 net1006 VDD VDD) pmos4
Opamp2588_missing_MOSFET.net,MOSFET,MM5 (VOUT1 VB3 net24 VDD) pmos4
Opamp2589_missing_MOSFET.net,MOSFET,MM2 (net1006 net1006 net6 VDD) pmos4
Opamp2590_missing_MOSFET.net,MOSFET,MM6 (net16 VB3 net25 VDD) pmos4
Opamp2591_missing_MOSFET.net,MOSFET,MM1 (net24 net16 VDD VDD) pmos4
Opamp2592_missing_MOSFET.net,MOSFET,MM3 (net29 VIN1 net12 net22) pmos4
Opamp2593_missing_MOSFET.net,MOSFET,MM0 (net12 VB1 VDD VDD) pmos4
Opamp2594_missing_MOSFET.net,MOSFET,MM15 (net1003 net1003 net9 VSS) nmos4
Opamp2595_missing_MOSFET.net,MOSFET,MM3 (net1006 net1006 VDD VDD) pmos4
Opamp2596_missing_MOSFET.net,MOSFET,MM3 (net1006 net1006 VDD VDD) pmos4
Opamp2597_missing_MOSFET.net,MOSFET,MM6 (net9 net11 VDD VDD) pmos4
Opamp2598_missing_Resistor.net,Resistor,RR1 (net1006 VSS) resistor
Opamp2599_missing_MOSFET.net,MOSFET,MM3 (net1006 net1006 VDD VDD) pmos4
Opamp2600_missing_MOSFET.net,MOSFET,MM8 (net1005 net1005 VSS VSS) nmos4
Opamp2601_missing_MOSFET.net,MOSFET,MM0 (net1006 net025 VSS VSS) nmos4
Opamp2602_missing_MOSFET.net,MOSFET,MM7 (VOUT1 net9 VSS VSS) nmos4
Opamp2603_missing_MOSFET.net,MOSFET,MM3 (net20 VIN1 net16 VSS) nmos4
Opamp2604_missing_MOSFET.net,MOSFET,MM2 (net1005 net1005 VSS VSS) nmos4
Opamp2605_missing_MOSFET.net,MOSFET,MM0 (net11 VIN2 net16 VSS) nmos4
Opamp2606_missing_MOSFET.net,MOSFET,MM0 (net11 VIN2 net16 VSS) nmos4
Opamp2607_missing_MOSFET.net,MOSFET,MM4 (net16 net1005 VSS VSS) nmos4
Opamp2608_missing_MOSFET.net,MOSFET,MM1 (net20 net20 VDD VDD) pmos4
Opamp2609_missing_MOSFET.net,MOSFET,MM6 (net9 net11 VDD VDD) pmos4
Opamp2610_missing_MOSFET.net,MOSFET,MM2 (VB2 net1007 net15 VSS) nmos4
Opamp2611_missing_MOSFET.net,MOSFET,MM1 (net20 net20 VDD VDD) pmos4
Opamp2612_missing_MOSFET.net,MOSFET,MM0 (net1007 net1007 VSS VSS) nmos4
Opamp2613_missing_MOSFET.net,MOSFET,MM7 (VOUT1 net9 VSS VSS) nmos4
Opamp2614_missing_MOSFET.net,MOSFET,MM7 (VOUT1 net9 VSS VSS) nmos4
Opamp2615_missing_MOSFET.net,MOSFET,MM2 (net1007 net9 VDD VDD) pmos4
Opamp2616_missing_MOSFET.net,MOSFET,MM0 (neta neta VDD VDD) pmos4
Opamp2617_missing_MOSFET.net,MOSFET,MM3 (VB2 VB2 VDD VDD) pmos4
Opamp2618_missing_MOSFET.net,MOSFET,MM0 (net11 VIN2 net16 VSS) nmos4
Opamp2619_missing_MOSFET.net,MOSFET,MM0 (net1007 net1007 VSS VSS) nmos4
Opamp2620_missing_MOSFET.net,MOSFET,MM8 (net9 net9 VSS VSS) nmos4
Opamp2621_missing_MOSFET.net,MOSFET,MM6 (net9 net11 VDD VDD) pmos4
Opamp2622_missing_MOSFET.net,MOSFET,MM8 (net9 net9 VSS VSS) nmos4
Opamp2623_missing_MOSFET.net,MOSFET,MM6 (net014 VB2 VDD VDD) pmos4
Opamp2624_missing_Resistor.net,Resistor,RR1 (net1007 net7) resistor
Opamp2625_missing_Resistor.net,Resistor,RR1 (net05 VSS) resistor
Opamp2626_missing_MOSFET.net,MOSFET,MM0 (net11 VIN2 net16 VSS) nmos4
Opamp2627_missing_MOSFET.net,MOSFET,MM2 (net1006 VB2 VSS VSS) nmos4
Opamp2628_missing_MOSFET.net,MOSFET,MM2 (net1006 net1006 VDD VDD) pmos4
Opamp2629_missing_MOSFET.net,MOSFET,MM4 (net16 net1005 VSS VSS) nmos4
Opamp2630_missing_MOSFET.net,MOSFET,MM3 (net20 VIN1 net16 VSS) nmos4
