{
  "R": {
    "precision": 0.6666666666666666,
    "recall": 0.8189910979228486,
    "f1-score": 0.7350199733688415,
    "support": 337.0
  },
  "C": {
    "precision": 0.6451612903225806,
    "recall": 0.43010752688172044,
    "f1-score": 0.5161290322580645,
    "support": 186.0
  },
  "V": {
    "precision": 0.8187134502923976,
    "recall": 0.660377358490566,
    "f1-score": 0.731070496083551,
    "support": 212.0
  },
  "X": {
    "precision": 0.7518248175182481,
    "recall": 0.9279279279279279,
    "f1-score": 0.8306451612903225,
    "support": 111.0
  },
  "accuracy": 0.7080378250591016,
  "macro avg": {
    "precision": 0.7205915561999733,
    "recall": 0.7093509778057657,
    "f1-score": 0.7032161657501949,
    "support": 846.0
  },
  "weighted avg": {
    "precision": 0.7112133249091968,
    "recall": 0.7080378250591016,
    "f1-score": 0.6984518783667117,
    "support": 846.0
  }
}