{
  "R": {
    "precision": 0.510548523206751,
    "recall": 0.7908496732026143,
    "f1-score": 0.6205128205128204,
    "support": 153.0
  },
  "C": {
    "precision": 0.6133333333333333,
    "recall": 0.40350877192982454,
    "f1-score": 0.48677248677248675,
    "support": 114.0
  },
  "V": {
    "precision": 0.6388888888888888,
    "recall": 0.3484848484848485,
    "f1-score": 0.45098039215686275,
    "support": 66.0
  },
  "X": {
    "precision": 0.9428571428571428,
    "recall": 0.66,
    "f1-score": 0.7764705882352942,
    "support": 50.0
  },
  "accuracy": 0.5822454308093995,
  "macro avg": {
    "precision": 0.676406972071529,
    "recall": 0.5507108234043219,
    "f1-score": 0.583684071919366,
    "support": 383.0
  },
  "weighted avg": {
    "precision": 0.619695686318947,
    "recall": 0.5822454308093995,
    "f1-score": 0.5718505491505029,
    "support": 383.0
  }
}