{
  "R": {
    "precision": 0.425,
    "recall": 1.0,
    "f1-score": 0.5964912280701754,
    "support": 153.0
  },
  "C": {
    "precision": 0.0,
    "recall": 0.0,
    "f1-score": 0.0,
    "support": 114.0
  },
  "V": {
    "precision": 0.0,
    "recall": 0.0,
    "f1-score": 0.0,
    "support": 66.0
  },
  "X": {
    "precision": 1.0,
    "recall": 0.46,
    "f1-score": 0.6301369863013699,
    "support": 50.0
  },
  "accuracy": 0.4595300261096606,
  "macro avg": {
    "precision": 0.35625,
    "recall": 0.365,
    "f1-score": 0.3066570535928863,
    "support": 383.0
  },
  "weighted avg": {
    "precision": 0.30032637075718016,
    "recall": 0.4595300261096606,
    "f1-score": 0.3205483216966197,
    "support": 383.0
  }
}