{
  "R": {
    "precision": 0.48717948717948717,
    "recall": 0.6209150326797386,
    "f1-score": 0.5459770114942528,
    "support": 153.0
  },
  "C": {
    "precision": 0.45263157894736844,
    "recall": 0.37719298245614036,
    "f1-score": 0.41148325358851673,
    "support": 114.0
  },
  "V": {
    "precision": 0.453125,
    "recall": 0.4393939393939394,
    "f1-score": 0.4461538461538461,
    "support": 66.0
  },
  "X": {
    "precision": 0.6551724137931034,
    "recall": 0.38,
    "f1-score": 0.48101265822784806,
    "support": 50.0
  },
  "accuracy": 0.4856396866840731,
  "macro avg": {
    "precision": 0.5120271199799897,
    "recall": 0.4543754886324546,
    "f1-score": 0.4711566923661159,
    "support": 383.0
  },
  "weighted avg": {
    "precision": 0.492959091979417,
    "recall": 0.4856396866840731,
    "f1-score": 0.4802620376638585,
    "support": 383.0
  }
}