{
  "R": {
    "precision": 0.4766355140186916,
    "recall": 0.6666666666666666,
    "f1-score": 0.555858310626703,
    "support": 153.0
  },
  "C": {
    "precision": 0.4782608695652174,
    "recall": 0.4824561403508772,
    "f1-score": 0.4803493449781659,
    "support": 114.0
  },
  "V": {
    "precision": 1.0,
    "recall": 0.2727272727272727,
    "f1-score": 0.42857142857142855,
    "support": 66.0
  },
  "X": {
    "precision": 0.8888888888888888,
    "recall": 0.64,
    "f1-score": 0.7441860465116279,
    "support": 50.0
  },
  "accuracy": 0.5404699738903395,
  "macro avg": {
    "precision": 0.7109463181181994,
    "recall": 0.5154625199362042,
    "f1-score": 0.5522412826719814,
    "support": 383.0
  },
  "weighted avg": {
    "precision": 0.6211264157173343,
    "recall": 0.5404699738903395,
    "f1-score": 0.5360343693595095,
    "support": 383.0
  }
}