{
  "R": {
    "precision": 0.6938775510204082,
    "recall": 0.6666666666666666,
    "f1-score": 0.6799999999999999,
    "support": 153.0
  },
  "C": {
    "precision": 0.6050420168067226,
    "recall": 0.631578947368421,
    "f1-score": 0.6180257510729613,
    "support": 114.0
  },
  "V": {
    "precision": 0.6329113924050633,
    "recall": 0.7575757575757576,
    "f1-score": 0.6896551724137931,
    "support": 66.0
  },
  "X": {
    "precision": 0.9210526315789473,
    "recall": 0.7,
    "f1-score": 0.7954545454545453,
    "support": 50.0
  },
  "accuracy": 0.6762402088772846,
  "macro avg": {
    "precision": 0.7132208979527854,
    "recall": 0.6889553429027113,
    "f1-score": 0.6957838672353249,
    "support": 383.0
  },
  "weighted avg": {
    "precision": 0.6865870462134996,
    "recall": 0.6762402088772846,
    "f1-score": 0.6782895672959666,
    "support": 383.0
  }
}