{
  "R": {
    "precision": 0.6114285714285714,
    "recall": 0.6993464052287581,
    "f1-score": 0.6524390243902439,
    "support": 153.0
  },
  "C": {
    "precision": 0.5982142857142857,
    "recall": 0.5877192982456141,
    "f1-score": 0.5929203539823009,
    "support": 114.0
  },
  "V": {
    "precision": 0.6923076923076923,
    "recall": 0.6818181818181818,
    "f1-score": 0.6870229007633587,
    "support": 66.0
  },
  "X": {
    "precision": 0.967741935483871,
    "recall": 0.6,
    "f1-score": 0.7407407407407407,
    "support": 50.0
  },
  "accuracy": 0.6501305483028721,
  "macro avg": {
    "precision": 0.7174231212336051,
    "recall": 0.6422209713231385,
    "f1-score": 0.6682807549691612,
    "support": 383.0
  },
  "weighted avg": {
    "precision": 0.6679488367271572,
    "recall": 0.6501305483028721,
    "f1-score": 0.6522105471882724,
    "support": 383.0
  }
}