{
  "R": {
    "precision": 0.5654450261780105,
    "recall": 0.7058823529411765,
    "f1-score": 0.627906976744186,
    "support": 153.0
  },
  "C": {
    "precision": 0.55,
    "recall": 0.4824561403508772,
    "f1-score": 0.5140186915887851,
    "support": 114.0
  },
  "V": {
    "precision": 0.7,
    "recall": 0.6363636363636364,
    "f1-score": 0.6666666666666666,
    "support": 66.0
  },
  "X": {
    "precision": 0.96875,
    "recall": 0.62,
    "f1-score": 0.7560975609756097,
    "support": 50.0
  },
  "accuracy": 0.6161879895561357,
  "macro avg": {
    "precision": 0.6960487565445026,
    "recall": 0.6111755324139225,
    "f1-score": 0.6411724739938118,
    "support": 383.0
  },
  "weighted avg": {
    "precision": 0.6366856109797274,
    "recall": 0.6161879895561357,
    "f1-score": 0.6174223925111292,
    "support": 383.0
  }
}