{
  "R": {
    "precision": 0.4412811387900356,
    "recall": 0.8104575163398693,
    "f1-score": 0.5714285714285714,
    "support": 153.0
  },
  "C": {
    "precision": 0.5277777777777778,
    "recall": 0.3333333333333333,
    "f1-score": 0.4086021505376344,
    "support": 114.0
  },
  "V": {
    "precision": 0.0,
    "recall": 0.0,
    "f1-score": 0.0,
    "support": 66.0
  },
  "X": {
    "precision": 1.0,
    "recall": 0.6,
    "f1-score": 0.7499999999999999,
    "support": 50.0
  },
  "accuracy": 0.5013054830287206,
  "macro avg": {
    "precision": 0.49226472914195335,
    "recall": 0.43594771241830066,
    "f1-score": 0.4325076804915514,
    "support": 383.0
  },
  "weighted avg": {
    "precision": 0.4639234488290917,
    "recall": 0.5013054830287206,
    "f1-score": 0.4478047430544693,
    "support": 383.0
  }
}