{
  "R": {
    "precision": 0.6023738872403561,
    "recall": 0.6023738872403561,
    "f1-score": 0.6023738872403561,
    "support": 337.0
  },
  "C": {
    "precision": 0.4966887417218543,
    "recall": 0.4032258064516129,
    "f1-score": 0.4451038575667655,
    "support": 186.0
  },
  "V": {
    "precision": 0.6781115879828327,
    "recall": 0.7417840375586855,
    "f1-score": 0.7085201793721975,
    "support": 213.0
  },
  "X": {
    "precision": 0.7419354838709677,
    "recall": 0.8440366972477065,
    "f1-score": 0.7896995708154506,
    "support": 109.0
  },
  "accuracy": 0.6248520710059171,
  "macro avg": {
    "precision": 0.6297774252040027,
    "recall": 0.6478551071245902,
    "f1-score": 0.6364243737486924,
    "support": 845.0
  },
  "weighted avg": {
    "precision": 0.6162045466775665,
    "recall": 0.6248520710059171,
    "f1-score": 0.6186761762515747,
    "support": 845.0
  }
}