{
  "R": {
    "precision": 0.6153846153846154,
    "recall": 0.6797385620915033,
    "f1-score": 0.6459627329192547,
    "support": 153.0
  },
  "C": {
    "precision": 0.6363636363636364,
    "recall": 0.6140350877192983,
    "f1-score": 0.625,
    "support": 114.0
  },
  "V": {
    "precision": 0.6129032258064516,
    "recall": 0.5757575757575758,
    "f1-score": 0.59375,
    "support": 66.0
  },
  "X": {
    "precision": 0.7142857142857143,
    "recall": 0.6,
    "f1-score": 0.6521739130434783,
    "support": 50.0
  },
  "accuracy": 0.6318537859007833,
  "macro avg": {
    "precision": 0.6447342979601044,
    "recall": 0.6173828063920943,
    "f1-score": 0.6292216614906831,
    "support": 383.0
  },
  "weighted avg": {
    "precision": 0.6341127919499013,
    "recall": 0.6318537859007833,
    "f1-score": 0.6315365373076237,
    "support": 383.0
  }
}