{
  "R": {
    "precision": 0.6551724137931034,
    "recall": 0.7450980392156863,
    "f1-score": 0.6972477064220184,
    "support": 153.0
  },
  "C": {
    "precision": 0.6513761467889908,
    "recall": 0.6228070175438597,
    "f1-score": 0.6367713004484304,
    "support": 114.0
  },
  "V": {
    "precision": 0.7272727272727273,
    "recall": 0.6060606060606061,
    "f1-score": 0.6611570247933883,
    "support": 66.0
  },
  "X": {
    "precision": 0.7555555555555555,
    "recall": 0.68,
    "f1-score": 0.7157894736842104,
    "support": 50.0
  },
  "accuracy": 0.6762402088772846,
  "macro avg": {
    "precision": 0.6973442108525942,
    "recall": 0.663491415705038,
    "f1-score": 0.6777413763370119,
    "support": 383.0
  },
  "weighted avg": {
    "precision": 0.6795719003187143,
    "recall": 0.6762402088772846,
    "f1-score": 0.6754482105855458,
    "support": 383.0
  }
}