{
  "R": {
    "precision": 0.5555555555555556,
    "recall": 0.6209150326797386,
    "f1-score": 0.5864197530864198,
    "support": 153.0
  },
  "C": {
    "precision": 0.5327102803738317,
    "recall": 0.5,
    "f1-score": 0.5158371040723981,
    "support": 114.0
  },
  "V": {
    "precision": 0.6470588235294118,
    "recall": 0.6666666666666666,
    "f1-score": 0.6567164179104478,
    "support": 66.0
  },
  "X": {
    "precision": 0.8918918918918919,
    "recall": 0.66,
    "f1-score": 0.7586206896551725,
    "support": 50.0
  },
  "accuracy": 0.597911227154047,
  "macro avg": {
    "precision": 0.6568041378376728,
    "recall": 0.6118954248366013,
    "f1-score": 0.6293984911811096,
    "support": 383.0
  },
  "weighted avg": {
    "precision": 0.6084319814886491,
    "recall": 0.597911227154047,
    "f1-score": 0.6000051439982345,
    "support": 383.0
  }
}