{
  "best_edge_f1": 0.9539930555555555,
  "best_combined_score": 0.7450805371363198
}