{
  "R": {
    "precision": 0.5817307692307693,
    "recall": 0.7908496732026143,
    "f1-score": 0.6703601108033241,
    "support": 153.0
  },
  "C": {
    "precision": 0.6288659793814433,
    "recall": 0.5350877192982456,
    "f1-score": 0.5781990521327014,
    "support": 114.0
  },
  "V": {
    "precision": 0.8297872340425532,
    "recall": 0.5909090909090909,
    "f1-score": 0.6902654867256637,
    "support": 66.0
  },
  "X": {
    "precision": 0.967741935483871,
    "recall": 0.6,
    "f1-score": 0.7407407407407407,
    "support": 50.0
  },
  "accuracy": 0.6553524804177546,
  "macro avg": {
    "precision": 0.7520314795346592,
    "recall": 0.6292116208524877,
    "f1-score": 0.6698913476006074,
    "support": 383.0
  },
  "weighted avg": {
    "precision": 0.688899695986408,
    "recall": 0.6553524804177546,
    "f1-score": 0.6555466006709332,
    "support": 383.0
  }
}