{
  "R": {
    "precision": 0.628140703517588,
    "recall": 0.8169934640522876,
    "f1-score": 0.7102272727272726,
    "support": 153.0
  },
  "C": {
    "precision": 0.7096774193548387,
    "recall": 0.5789473684210527,
    "f1-score": 0.6376811594202899,
    "support": 114.0
  },
  "V": {
    "precision": 0.7068965517241379,
    "recall": 0.6212121212121212,
    "f1-score": 0.6612903225806452,
    "support": 66.0
  },
  "X": {
    "precision": 0.9090909090909091,
    "recall": 0.6,
    "f1-score": 0.7228915662650602,
    "support": 50.0
  },
  "accuracy": 0.6840731070496083,
  "macro avg": {
    "precision": 0.7384513959218685,
    "recall": 0.6542882384213654,
    "f1-score": 0.683022580248317,
    "support": 383.0
  },
  "weighted avg": {
    "precision": 0.7026591940286715,
    "recall": 0.6840731070496083,
    "f1-score": 0.6818542154171314,
    "support": 383.0
  }
}