{
  "R": {
    "precision": 0.526595744680851,
    "recall": 0.6470588235294118,
    "f1-score": 0.5806451612903226,
    "support": 153.0
  },
  "C": {
    "precision": 0.4563106796116505,
    "recall": 0.41228070175438597,
    "f1-score": 0.4331797235023042,
    "support": 114.0
  },
  "V": {
    "precision": 0.5818181818181818,
    "recall": 0.48484848484848486,
    "f1-score": 0.5289256198347108,
    "support": 66.0
  },
  "X": {
    "precision": 0.8648648648648649,
    "recall": 0.64,
    "f1-score": 0.7356321839080459,
    "support": 50.0
  },
  "accuracy": 0.5483028720626631,
  "macro avg": {
    "precision": 0.6073973677438871,
    "recall": 0.5460470025330707,
    "f1-score": 0.5695956721338459,
    "support": 383.0
  },
  "weighted avg": {
    "precision": 0.5593519834337901,
    "recall": 0.5483028720626631,
    "f1-score": 0.5480728414129902,
    "support": 383.0
  }
}