{
  "R": {
    "precision": 0.47717842323651455,
    "recall": 0.7516339869281046,
    "f1-score": 0.583756345177665,
    "support": 153.0
  },
  "C": {
    "precision": 0.5441176470588235,
    "recall": 0.32456140350877194,
    "f1-score": 0.4065934065934066,
    "support": 114.0
  },
  "V": {
    "precision": 0.5,
    "recall": 0.5606060606060606,
    "f1-score": 0.5285714285714286,
    "support": 66.0
  },
  "X": {
    "precision": 0.0,
    "recall": 0.0,
    "f1-score": 0.0,
    "support": 50.0
  },
  "accuracy": 0.4934725848563969,
  "macro avg": {
    "precision": 0.3803240175738345,
    "recall": 0.40920036276073424,
    "f1-score": 0.37973029508562506,
    "support": 383.0
  },
  "weighted avg": {
    "precision": 0.4387407585375786,
    "recall": 0.4934725848563969,
    "f1-score": 0.4453057009126511,
    "support": 383.0
  }
}