{
  "R": {
    "precision": 0.5138592750533049,
    "recall": 0.7151335311572701,
    "f1-score": 0.598014888337469,
    "support": 337.0
  },
  "C": {
    "precision": 0.43859649122807015,
    "recall": 0.13440860215053763,
    "f1-score": 0.205761316872428,
    "support": 186.0
  },
  "V": {
    "precision": 0.6971428571428572,
    "recall": 0.5727699530516432,
    "f1-score": 0.6288659793814433,
    "support": 213.0
  },
  "X": {
    "precision": 0.5972222222222222,
    "recall": 0.7889908256880734,
    "f1-score": 0.6798418972332015,
    "support": 109.0
  },
  "accuracy": 0.5609467455621302,
  "macro avg": {
    "precision": 0.5617052114116137,
    "recall": 0.5528257280118811,
    "f1-score": 0.5281210204561354,
    "support": 845.0
  },
  "weighted avg": {
    "precision": 0.5542463595917582,
    "recall": 0.5609467455621302,
    "f1-score": 0.5300045475913197,
    "support": 845.0
  }
}