{
  "R": {
    "precision": 0.4549763033175355,
    "recall": 0.6274509803921569,
    "f1-score": 0.5274725274725275,
    "support": 153.0
  },
  "C": {
    "precision": 0.4330708661417323,
    "recall": 0.4824561403508772,
    "f1-score": 0.45643153526970953,
    "support": 114.0
  },
  "V": {
    "precision": 0.6444444444444445,
    "recall": 0.4393939393939394,
    "f1-score": 0.5225225225225225,
    "support": 66.0
  },
  "X": {
    "precision": 0.0,
    "recall": 0.0,
    "f1-score": 0.0,
    "support": 50.0
  },
  "accuracy": 0.4699738903394256,
  "macro avg": {
    "precision": 0.38312290347592803,
    "recall": 0.38732526503424336,
    "f1-score": 0.3766066463161899,
    "support": 383.0
  },
  "weighted avg": {
    "precision": 0.42170962527695494,
    "recall": 0.4699738903394256,
    "f1-score": 0.43661352013193233,
    "support": 383.0
  }
}