{
  "R": {
    "precision": 0.48929159802306427,
    "recall": 0.8813056379821959,
    "f1-score": 0.6292372881355933,
    "support": 337.0
  },
  "C": {
    "precision": 0.5714285714285714,
    "recall": 0.043010752688172046,
    "f1-score": 0.08000000000000002,
    "support": 186.0
  },
  "V": {
    "precision": 0.7391304347826086,
    "recall": 0.4788732394366197,
    "f1-score": 0.5811965811965811,
    "support": 213.0
  },
  "X": {
    "precision": 0.7558139534883721,
    "recall": 0.5963302752293578,
    "f1-score": 0.6666666666666666,
    "support": 109.0
  },
  "accuracy": 0.5585798816568047,
  "macro avg": {
    "precision": 0.6389161394306542,
    "recall": 0.4998799763340863,
    "f1-score": 0.48927513399971023,
    "support": 845.0
  },
  "weighted avg": {
    "precision": 0.6047283862229765,
    "recall": 0.5585798816568047,
    "f1-score": 0.5010585852819329,
    "support": 845.0
  }
}