{
  "R": {
    "precision": 0.7118155619596542,
    "recall": 0.7329376854599406,
    "f1-score": 0.7222222222222222,
    "support": 337.0
  },
  "C": {
    "precision": 0.6573426573426573,
    "recall": 0.5053763440860215,
    "f1-score": 0.5714285714285714,
    "support": 186.0
  },
  "V": {
    "precision": 0.755656108597285,
    "recall": 0.7877358490566038,
    "f1-score": 0.7713625866050808,
    "support": 212.0
  },
  "X": {
    "precision": 0.762962962962963,
    "recall": 0.9279279279279279,
    "f1-score": 0.8373983739837398,
    "support": 111.0
  },
  "accuracy": 0.7222222222222222,
  "macro avg": {
    "precision": 0.7219443227156399,
    "recall": 0.7384944516326234,
    "f1-score": 0.7256029385599035,
    "support": 846.0
  },
  "weighted avg": {
    "precision": 0.7175361259546702,
    "recall": 0.7222222222222222,
    "f1-score": 0.71649490667503,
    "support": 846.0
  }
}