{
  "R": {
    "precision": 0.6369047619047619,
    "recall": 0.6993464052287581,
    "f1-score": 0.6666666666666666,
    "support": 153.0
  },
  "C": {
    "precision": 0.6239316239316239,
    "recall": 0.6403508771929824,
    "f1-score": 0.6320346320346321,
    "support": 114.0
  },
  "V": {
    "precision": 0.6727272727272727,
    "recall": 0.5606060606060606,
    "f1-score": 0.6115702479338843,
    "support": 66.0
  },
  "X": {
    "precision": 0.7674418604651163,
    "recall": 0.66,
    "f1-score": 0.7096774193548386,
    "support": 50.0
  },
  "accuracy": 0.6527415143603134,
  "macro avg": {
    "precision": 0.6752513797571937,
    "recall": 0.6400758357569503,
    "f1-score": 0.6549872414975054,
    "support": 383.0
  },
  "weighted avg": {
    "precision": 0.656257772122427,
    "recall": 0.6527415143603134,
    "f1-score": 0.65247899577892,
    "support": 383.0
  }
}