{
  "R": {
    "precision": 0.5043859649122807,
    "recall": 0.7516339869281046,
    "f1-score": 0.6036745406824147,
    "support": 153.0
  },
  "C": {
    "precision": 0.5784313725490197,
    "recall": 0.5175438596491229,
    "f1-score": 0.5462962962962963,
    "support": 114.0
  },
  "V": {
    "precision": 0.6111111111111112,
    "recall": 0.16666666666666666,
    "f1-score": 0.2619047619047619,
    "support": 66.0
  },
  "X": {
    "precision": 1.0,
    "recall": 0.7,
    "f1-score": 0.8235294117647058,
    "support": 50.0
  },
  "accuracy": 0.5744125326370757,
  "macro avg": {
    "precision": 0.6734821121431029,
    "recall": 0.5339611283109735,
    "f1-score": 0.5588512526620446,
    "support": 383.0
  },
  "weighted avg": {
    "precision": 0.6095184397793748,
    "recall": 0.5744125326370757,
    "f1-score": 0.5564025257862579,
    "support": 383.0
  }
}