{
  "R": {
    "precision": 0.45495495495495497,
    "recall": 0.6601307189542484,
    "f1-score": 0.5386666666666667,
    "support": 153.0
  },
  "C": {
    "precision": 0.39751552795031053,
    "recall": 0.5614035087719298,
    "f1-score": 0.4654545454545454,
    "support": 114.0
  },
  "V": {
    "precision": 0.0,
    "recall": 0.0,
    "f1-score": 0.0,
    "support": 66.0
  },
  "X": {
    "precision": 0.0,
    "recall": 0.0,
    "f1-score": 0.0,
    "support": 50.0
  },
  "accuracy": 0.4308093994778068,
  "macro avg": {
    "precision": 0.21311762072631638,
    "recall": 0.3053835569315445,
    "f1-score": 0.25103030303030305,
    "support": 383.0
  },
  "weighted avg": {
    "precision": 0.300064956382359,
    "recall": 0.4308093994778068,
    "f1-score": 0.35372798480892476,
    "support": 383.0
  }
}