{
  "R": {
    "precision": 0.4562043795620438,
    "recall": 0.8169934640522876,
    "f1-score": 0.585480093676815,
    "support": 153.0
  },
  "C": {
    "precision": 0.47435897435897434,
    "recall": 0.32456140350877194,
    "f1-score": 0.3854166666666667,
    "support": 114.0
  },
  "V": {
    "precision": 0.0,
    "recall": 0.0,
    "f1-score": 0.0,
    "support": 66.0
  },
  "X": {
    "precision": 0.967741935483871,
    "recall": 0.6,
    "f1-score": 0.7407407407407407,
    "support": 50.0
  },
  "accuracy": 0.5013054830287206,
  "macro avg": {
    "precision": 0.47457632235122227,
    "recall": 0.4353887168902649,
    "f1-score": 0.4279093752710556,
    "support": 383.0
  },
  "weighted avg": {
    "precision": 0.44977360293501123,
    "recall": 0.5013054830287206,
    "f1-score": 0.4453080714610698,
    "support": 383.0
  }
}