{
  "R": {
    "precision": 0.5818181818181818,
    "recall": 0.8366013071895425,
    "f1-score": 0.6863270777479893,
    "support": 153.0
  },
  "C": {
    "precision": 0.7294117647058823,
    "recall": 0.543859649122807,
    "f1-score": 0.6231155778894473,
    "support": 114.0
  },
  "V": {
    "precision": 0.8571428571428571,
    "recall": 0.45454545454545453,
    "f1-score": 0.594059405940594,
    "support": 66.0
  },
  "X": {
    "precision": 0.7209302325581395,
    "recall": 0.62,
    "f1-score": 0.6666666666666666,
    "support": 50.0
  },
  "accuracy": 0.6553524804177546,
  "macro avg": {
    "precision": 0.7223257590562652,
    "recall": 0.6137516027144511,
    "f1-score": 0.6425421820611743,
    "support": 383.0
  },
  "weighted avg": {
    "precision": 0.6913552563811696,
    "recall": 0.6553524804177546,
    "f1-score": 0.6490456211494826,
    "support": 383.0
  }
}