{
  "R": {
    "precision": 0.62,
    "recall": 0.6078431372549019,
    "f1-score": 0.6138613861386139,
    "support": 153.0
  },
  "C": {
    "precision": 0.5121951219512195,
    "recall": 0.5526315789473685,
    "f1-score": 0.5316455696202531,
    "support": 114.0
  },
  "V": {
    "precision": 0.6575342465753424,
    "recall": 0.7272727272727273,
    "f1-score": 0.6906474820143884,
    "support": 66.0
  },
  "X": {
    "precision": 0.9459459459459459,
    "recall": 0.7,
    "f1-score": 0.8045977011494254,
    "support": 50.0
  },
  "accuracy": 0.6240208877284595,
  "macro avg": {
    "precision": 0.683918828618127,
    "recall": 0.6469368608687494,
    "f1-score": 0.6601880347306701,
    "support": 383.0
  },
  "weighted avg": {
    "precision": 0.636931596537099,
    "recall": 0.6240208877284595,
    "f1-score": 0.6275222085805161,
    "support": 383.0
  }
}