{
  "R": {
    "precision": 0.5020408163265306,
    "recall": 0.803921568627451,
    "f1-score": 0.6180904522613065,
    "support": 153.0
  },
  "C": {
    "precision": 0.35507246376811596,
    "recall": 0.4298245614035088,
    "f1-score": 0.3888888888888889,
    "support": 114.0
  },
  "V": {
    "precision": 0.0,
    "recall": 0.0,
    "f1-score": 0.0,
    "support": 66.0
  },
  "X": {
    "precision": 0.0,
    "recall": 0.0,
    "f1-score": 0.0,
    "support": 50.0
  },
  "accuracy": 0.4490861618798956,
  "macro avg": {
    "precision": 0.21427832002366165,
    "recall": 0.30843653250773995,
    "f1-score": 0.2517448352875489,
    "support": 383.0
  },
  "weighted avg": {
    "precision": 0.3062415294191238,
    "recall": 0.4490861618798956,
    "f1-score": 0.36266624681282833,
    "support": 383.0
  }
}