{
  "R": {
    "precision": 0.5226130653266332,
    "recall": 0.6797385620915033,
    "f1-score": 0.5909090909090909,
    "support": 153.0
  },
  "C": {
    "precision": 0.5063291139240507,
    "recall": 0.3508771929824561,
    "f1-score": 0.41450777202072536,
    "support": 114.0
  },
  "V": {
    "precision": 0.5490196078431373,
    "recall": 0.42424242424242425,
    "f1-score": 0.47863247863247865,
    "support": 66.0
  },
  "X": {
    "precision": 0.5,
    "recall": 0.54,
    "f1-score": 0.5192307692307693,
    "support": 50.0
  },
  "accuracy": 0.5195822454308094,
  "macro avg": {
    "precision": 0.5194904467734553,
    "recall": 0.49871454482909594,
    "f1-score": 0.5008200276982661,
    "support": 383.0
  },
  "weighted avg": {
    "precision": 0.5193645224542134,
    "recall": 0.5195822454308094,
    "f1-score": 0.5096978041011375,
    "support": 383.0
  }
}