{
  "R": {
    "precision": 0.5020746887966805,
    "recall": 0.7908496732026143,
    "f1-score": 0.6142131979695432,
    "support": 153.0
  },
  "C": {
    "precision": 0.6428571428571429,
    "recall": 0.39473684210526316,
    "f1-score": 0.4891304347826087,
    "support": 114.0
  },
  "V": {
    "precision": 0.5714285714285714,
    "recall": 0.30303030303030304,
    "f1-score": 0.39603960396039606,
    "support": 66.0
  },
  "X": {
    "precision": 0.8378378378378378,
    "recall": 0.62,
    "f1-score": 0.7126436781609196,
    "support": 50.0
  },
  "accuracy": 0.566579634464752,
  "macro avg": {
    "precision": 0.6385495602300582,
    "recall": 0.5271542045845451,
    "f1-score": 0.5530067287183669,
    "support": 383.0
  },
  "weighted avg": {
    "precision": 0.5997632357122299,
    "recall": 0.566579634464752,
    "f1-score": 0.5522357353106779,
    "support": 383.0
  }
}