{
  "R": {
    "precision": 0.4969574036511156,
    "recall": 0.7270029673590505,
    "f1-score": 0.5903614457831325,
    "support": 337.0
  },
  "C": {
    "precision": 0.4230769230769231,
    "recall": 0.11827956989247312,
    "f1-score": 0.18487394957983194,
    "support": 186.0
  },
  "V": {
    "precision": 0.68,
    "recall": 0.5586854460093896,
    "f1-score": 0.61340206185567,
    "support": 213.0
  },
  "X": {
    "precision": 0.64,
    "recall": 0.7339449541284404,
    "f1-score": 0.6837606837606837,
    "support": 109.0
  },
  "accuracy": 0.5514792899408284,
  "macro avg": {
    "precision": 0.5600085816820097,
    "recall": 0.5344782343473384,
    "f1-score": 0.5180995352448295,
    "support": 845.0
  },
  "weighted avg": {
    "precision": 0.5452863345831168,
    "recall": 0.5514792899408284,
    "f1-score": 0.5189620302437121,
    "support": 845.0
  }
}