{
  "R": {
    "precision": 0.7350993377483444,
    "recall": 0.7254901960784313,
    "f1-score": 0.7302631578947368,
    "support": 153.0
  },
  "C": {
    "precision": 0.6209677419354839,
    "recall": 0.6754385964912281,
    "f1-score": 0.6470588235294117,
    "support": 114.0
  },
  "V": {
    "precision": 0.6619718309859155,
    "recall": 0.7121212121212122,
    "f1-score": 0.6861313868613139,
    "support": 66.0
  },
  "X": {
    "precision": 0.972972972972973,
    "recall": 0.72,
    "f1-score": 0.8275862068965518,
    "support": 50.0
  },
  "accuracy": 0.7075718015665796,
  "macro avg": {
    "precision": 0.7477529709106792,
    "recall": 0.7082625011727179,
    "f1-score": 0.7227598937955035,
    "support": 383.0
  },
  "weighted avg": {
    "precision": 0.7195804458220912,
    "recall": 0.7075718015665796,
    "f1-score": 0.7105977830755142,
    "support": 383.0
  }
}