{
  "R": {
    "precision": 0.49612403100775193,
    "recall": 0.8366013071895425,
    "f1-score": 0.6228710462287104,
    "support": 153.0
  },
  "C": {
    "precision": 0.5970149253731343,
    "recall": 0.3508771929824561,
    "f1-score": 0.4419889502762431,
    "support": 114.0
  },
  "V": {
    "precision": 0.896551724137931,
    "recall": 0.3939393939393939,
    "f1-score": 0.5473684210526315,
    "support": 66.0
  },
  "X": {
    "precision": 1.0,
    "recall": 0.58,
    "f1-score": 0.7341772151898733,
    "support": 50.0
  },
  "accuracy": 0.5822454308093995,
  "macro avg": {
    "precision": 0.7474226701297043,
    "recall": 0.5403544735278482,
    "f1-score": 0.5866014081868646,
    "support": 383.0
  },
  "weighted avg": {
    "precision": 0.6609375771013755,
    "recall": 0.5822454308093995,
    "f1-score": 0.570551401967237,
    "support": 383.0
  }
}