{
  "R": {
    "precision": 0.403125,
    "recall": 0.8431372549019608,
    "f1-score": 0.5454545454545454,
    "support": 153.0
  },
  "C": {
    "precision": 0.5641025641025641,
    "recall": 0.19298245614035087,
    "f1-score": 0.2875816993464052,
    "support": 114.0
  },
  "V": {
    "precision": 0.25,
    "recall": 0.09090909090909091,
    "f1-score": 0.13333333333333333,
    "support": 66.0
  },
  "X": {
    "precision": 0.0,
    "recall": 0.0,
    "f1-score": 0.0,
    "support": 50.0
  },
  "accuracy": 0.40992167101827676,
  "macro avg": {
    "precision": 0.304306891025641,
    "recall": 0.28175720048785063,
    "f1-score": 0.24159239453357098,
    "support": 383.0
  },
  "weighted avg": {
    "precision": 0.3720256326571601,
    "recall": 0.40992167101827676,
    "f1-score": 0.3264722171802497,
    "support": 383.0
  }
}