{
  "R": {
    "precision": 0.6503067484662577,
    "recall": 0.6928104575163399,
    "f1-score": 0.6708860759493671,
    "support": 153.0
  },
  "C": {
    "precision": 0.6101694915254238,
    "recall": 0.631578947368421,
    "f1-score": 0.6206896551724138,
    "support": 114.0
  },
  "V": {
    "precision": 0.7164179104477612,
    "recall": 0.7272727272727273,
    "f1-score": 0.7218045112781953,
    "support": 66.0
  },
  "X": {
    "precision": 1.0,
    "recall": 0.7,
    "f1-score": 0.8235294117647058,
    "support": 50.0
  },
  "accuracy": 0.6814621409921671,
  "macro avg": {
    "precision": 0.7442235376098606,
    "recall": 0.687915533039372,
    "f1-score": 0.7092274135411705,
    "support": 383.0
  },
  "weighted avg": {
    "precision": 0.6954042732083237,
    "recall": 0.6814621409921671,
    "f1-score": 0.684646889406017,
    "support": 383.0
  }
}