{
  "R": {
    "precision": 0.6518987341772152,
    "recall": 0.673202614379085,
    "f1-score": 0.662379421221865,
    "support": 153.0
  },
  "C": {
    "precision": 0.5849056603773585,
    "recall": 0.543859649122807,
    "f1-score": 0.5636363636363636,
    "support": 114.0
  },
  "V": {
    "precision": 0.6463414634146342,
    "recall": 0.803030303030303,
    "f1-score": 0.7162162162162163,
    "support": 66.0
  },
  "X": {
    "precision": 1.0,
    "recall": 0.74,
    "f1-score": 0.8505747126436781,
    "support": 50.0
  },
  "accuracy": 0.6657963446475196,
  "macro avg": {
    "precision": 0.720786464492302,
    "recall": 0.6900231416330489,
    "f1-score": 0.6982016784295307,
    "support": 383.0
  },
  "weighted avg": {
    "precision": 0.6764446167036517,
    "recall": 0.6657963446475196,
    "f1-score": 0.6668344720729634,
    "support": 383.0
  }
}