{
  "R": {
    "precision": 0.5100222717149221,
    "recall": 0.6795252225519288,
    "f1-score": 0.5826972010178118,
    "support": 337.0
  },
  "C": {
    "precision": 0.5,
    "recall": 0.14516129032258066,
    "f1-score": 0.22500000000000003,
    "support": 186.0
  },
  "V": {
    "precision": 0.6186046511627907,
    "recall": 0.6214953271028038,
    "f1-score": 0.62004662004662,
    "support": 214.0
  },
  "X": {
    "precision": 0.7538461538461538,
    "recall": 0.8828828828828829,
    "f1-score": 0.8132780082987553,
    "support": 111.0
  },
  "accuracy": 0.5742924528301887,
  "macro avg": {
    "precision": 0.5956182691809666,
    "recall": 0.582266180715049,
    "f1-score": 0.5602554573407968,
    "support": 848.0
  },
  "weighted avg": {
    "precision": 0.5671413018793503,
    "recall": 0.5742924528301887,
    "f1-score": 0.5438476324930909,
    "support": 848.0
  }
}