{
  "R": {
    "precision": 0.44309559939301973,
    "recall": 0.8664688427299704,
    "f1-score": 0.5863453815261044,
    "support": 337.0
  },
  "C": {
    "precision": 0.0,
    "recall": 0.0,
    "f1-score": 0.0,
    "support": 186.0
  },
  "V": {
    "precision": 0.5555555555555556,
    "recall": 0.14084507042253522,
    "f1-score": 0.2247191011235955,
    "support": 213.0
  },
  "X": {
    "precision": 0.5,
    "recall": 0.6055045871559633,
    "f1-score": 0.5477178423236515,
    "support": 109.0
  },
  "accuracy": 0.4591715976331361,
  "macro avg": {
    "precision": 0.3746627887371438,
    "recall": 0.4032046250771172,
    "f1-score": 0.3396955812433379,
    "support": 845.0
  },
  "weighted avg": {
    "precision": 0.38125035541867575,
    "recall": 0.4591715976331361,
    "f1-score": 0.36114178334544506,
    "support": 845.0
  }
}