{
  "R": {
    "precision": 0.6643835616438356,
    "recall": 0.6339869281045751,
    "f1-score": 0.6488294314381271,
    "support": 153.0
  },
  "C": {
    "precision": 0.5306122448979592,
    "recall": 0.6842105263157895,
    "f1-score": 0.5977011494252874,
    "support": 114.0
  },
  "V": {
    "precision": 0.8181818181818182,
    "recall": 0.6818181818181818,
    "f1-score": 0.7438016528925621,
    "support": 66.0
  },
  "X": {
    "precision": 0.9714285714285714,
    "recall": 0.68,
    "f1-score": 0.8,
    "support": 50.0
  },
  "accuracy": 0.6631853785900783,
  "macro avg": {
    "precision": 0.7461515490380461,
    "recall": 0.6700039090596366,
    "f1-score": 0.6975830584389942,
    "support": 383.0
  },
  "weighted avg": {
    "precision": 0.6911538104994851,
    "recall": 0.6631853785900783,
    "f1-score": 0.6697121230689956,
    "support": 383.0
  }
}