{
  "R": {
    "precision": 0.5170940170940171,
    "recall": 0.7908496732026143,
    "f1-score": 0.6253229974160207,
    "support": 153.0
  },
  "C": {
    "precision": 0.65625,
    "recall": 0.3684210526315789,
    "f1-score": 0.47191011235955055,
    "support": 114.0
  },
  "V": {
    "precision": 0.9130434782608695,
    "recall": 0.3181818181818182,
    "f1-score": 0.47191011235955055,
    "support": 66.0
  },
  "X": {
    "precision": 0.5806451612903226,
    "recall": 0.72,
    "f1-score": 0.6428571428571428,
    "support": 50.0
  },
  "accuracy": 0.5744125326370757,
  "macro avg": {
    "precision": 0.6667581641613023,
    "recall": 0.5493631360040028,
    "f1-score": 0.5530000912480662,
    "support": 383.0
  },
  "weighted avg": {
    "precision": 0.6350418074285069,
    "recall": 0.5744125326370757,
    "f1-score": 0.5555119999274867,
    "support": 383.0
  }
}