{
  "R": {
    "precision": 0.46296296296296297,
    "recall": 0.6535947712418301,
    "f1-score": 0.5420054200542006,
    "support": 153.0
  },
  "C": {
    "precision": 0.48760330578512395,
    "recall": 0.5175438596491229,
    "f1-score": 0.5021276595744681,
    "support": 114.0
  },
  "V": {
    "precision": 0.0,
    "recall": 0.0,
    "f1-score": 0.0,
    "support": 66.0
  },
  "X": {
    "precision": 0.8043478260869565,
    "recall": 0.74,
    "f1-score": 0.7708333333333333,
    "support": 50.0
  },
  "accuracy": 0.5117493472584856,
  "macro avg": {
    "precision": 0.43872852370876086,
    "recall": 0.4777846577227382,
    "f1-score": 0.4537416032405005,
    "support": 383.0
  },
  "weighted avg": {
    "precision": 0.43508486030596677,
    "recall": 0.5117493472584856,
    "f1-score": 0.46660848335887395,
    "support": 383.0
  }
}