{
  "R": {
    "precision": 0.5692307692307692,
    "recall": 0.7254901960784313,
    "f1-score": 0.6379310344827587,
    "support": 153.0
  },
  "C": {
    "precision": 0.5769230769230769,
    "recall": 0.39473684210526316,
    "f1-score": 0.46875,
    "support": 114.0
  },
  "V": {
    "precision": 0.6470588235294118,
    "recall": 0.6666666666666666,
    "f1-score": 0.6567164179104478,
    "support": 66.0
  },
  "X": {
    "precision": 0.8333333333333334,
    "recall": 0.7,
    "f1-score": 0.7608695652173915,
    "support": 50.0
  },
  "accuracy": 0.6135770234986945,
  "macro avg": {
    "precision": 0.6566365007541478,
    "recall": 0.6217234262125904,
    "f1-score": 0.6310667544026495,
    "support": 383.0
  },
  "weighted avg": {
    "precision": 0.6194101500813218,
    "recall": 0.6135770234986945,
    "f1-score": 0.6068608619290371,
    "support": 383.0
  }
}