{
  "R": {
    "precision": 0.625615763546798,
    "recall": 0.8300653594771242,
    "f1-score": 0.7134831460674157,
    "support": 153.0
  },
  "C": {
    "precision": 0.8382352941176471,
    "recall": 0.5,
    "f1-score": 0.6263736263736264,
    "support": 114.0
  },
  "V": {
    "precision": 0.6764705882352942,
    "recall": 0.696969696969697,
    "f1-score": 0.6865671641791046,
    "support": 66.0
  },
  "X": {
    "precision": 0.7727272727272727,
    "recall": 0.68,
    "f1-score": 0.7234042553191491,
    "support": 50.0
  },
  "accuracy": 0.6892950391644909,
  "macro avg": {
    "precision": 0.7282622296567529,
    "recall": 0.6767587641117053,
    "f1-score": 0.6874570479848239,
    "support": 383.0
  },
  "weighted avg": {
    "precision": 0.7168706470286291,
    "recall": 0.6892950391644909,
    "f1-score": 0.6842119069365179,
    "support": 383.0
  }
}