{
  "R": {
    "precision": 0.5482233502538071,
    "recall": 0.7058823529411765,
    "f1-score": 0.6171428571428571,
    "support": 153.0
  },
  "C": {
    "precision": 0.6153846153846154,
    "recall": 0.42105263157894735,
    "f1-score": 0.5,
    "support": 114.0
  },
  "V": {
    "precision": 0.53125,
    "recall": 0.5151515151515151,
    "f1-score": 0.5230769230769231,
    "support": 66.0
  },
  "X": {
    "precision": 0.5909090909090909,
    "recall": 0.52,
    "f1-score": 0.5531914893617023,
    "support": 50.0
  },
  "accuracy": 0.5639686684073107,
  "macro avg": {
    "precision": 0.5714417641368783,
    "recall": 0.5405216249179098,
    "f1-score": 0.5483528173953706,
    "support": 383.0
  },
  "weighted avg": {
    "precision": 0.570861549055178,
    "recall": 0.5639686684073107,
    "f1-score": 0.557716732464802,
    "support": 383.0
  }
}