{
  "R": {
    "precision": 0.6136363636363636,
    "recall": 0.7058823529411765,
    "f1-score": 0.6565349544072948,
    "support": 153.0
  },
  "C": {
    "precision": 0.5603448275862069,
    "recall": 0.5701754385964912,
    "f1-score": 0.5652173913043478,
    "support": 114.0
  },
  "V": {
    "precision": 0.8461538461538461,
    "recall": 0.6666666666666666,
    "f1-score": 0.7457627118644068,
    "support": 66.0
  },
  "X": {
    "precision": 0.8974358974358975,
    "recall": 0.7,
    "f1-score": 0.7865168539325842,
    "support": 50.0
  },
  "accuracy": 0.6579634464751958,
  "macro avg": {
    "precision": 0.7293927337030786,
    "recall": 0.6606811145510836,
    "f1-score": 0.6885079778771583,
    "support": 383.0
  },
  "weighted avg": {
    "precision": 0.6748919652719058,
    "recall": 0.6579634464751958,
    "f1-score": 0.6616992488582031,
    "support": 383.0
  }
}