{
  "R": {
    "precision": 0.6259946949602122,
    "recall": 0.7002967359050445,
    "f1-score": 0.6610644257703081,
    "support": 337.0
  },
  "C": {
    "precision": 0.5182926829268293,
    "recall": 0.45698924731182794,
    "f1-score": 0.48571428571428565,
    "support": 186.0
  },
  "V": {
    "precision": 0.8475609756097561,
    "recall": 0.6556603773584906,
    "f1-score": 0.7393617021276596,
    "support": 212.0
  },
  "X": {
    "precision": 0.7304964539007093,
    "recall": 0.9279279279279279,
    "f1-score": 0.8174603174603174,
    "support": 111.0
  },
  "accuracy": 0.66548463356974,
  "macro avg": {
    "precision": 0.6805862018493767,
    "recall": 0.6852185721258227,
    "f1-score": 0.6759001827681428,
    "support": 846.0
  },
  "weighted avg": {
    "precision": 0.6715492723856131,
    "recall": 0.66548463356974,
    "f1-score": 0.6626528897359457,
    "support": 846.0
  }
}