{
  "R": {
    "precision": 0.6928104575163399,
    "recall": 0.6928104575163399,
    "f1-score": 0.6928104575163399,
    "support": 153.0
  },
  "C": {
    "precision": 0.660377358490566,
    "recall": 0.6140350877192983,
    "f1-score": 0.6363636363636364,
    "support": 114.0
  },
  "V": {
    "precision": 0.6582278481012658,
    "recall": 0.7878787878787878,
    "f1-score": 0.7172413793103448,
    "support": 66.0
  },
  "X": {
    "precision": 0.7111111111111111,
    "recall": 0.64,
    "f1-score": 0.6736842105263158,
    "support": 50.0
  },
  "accuracy": 0.6788511749347258,
  "macro avg": {
    "precision": 0.6806316938048207,
    "recall": 0.6836810832786065,
    "f1-score": 0.6800249209291592,
    "support": 383.0
  },
  "weighted avg": {
    "precision": 0.6795864553476856,
    "recall": 0.6788511749347258,
    "f1-score": 0.6777221830450473,
    "support": 383.0
  }
}