{
  "R": {
    "precision": 0.7316176470588235,
    "recall": 0.5905044510385756,
    "f1-score": 0.6535303776683087,
    "support": 337.0
  },
  "C": {
    "precision": 0.504,
    "recall": 0.6774193548387096,
    "f1-score": 0.5779816513761469,
    "support": 186.0
  },
  "V": {
    "precision": 0.8324324324324325,
    "recall": 0.719626168224299,
    "f1-score": 0.7719298245614036,
    "support": 214.0
  },
  "X": {
    "precision": 0.75177304964539,
    "recall": 0.954954954954955,
    "f1-score": 0.8412698412698413,
    "support": 111.0
  },
  "accuracy": 0.6898584905660378,
  "macro avg": {
    "precision": 0.7049557822841614,
    "recall": 0.7356262322641348,
    "f1-score": 0.7111779237189252,
    "support": 848.0
  },
  "weighted avg": {
    "precision": 0.7097718114504745,
    "recall": 0.6898584905660378,
    "f1-score": 0.691413041588769,
    "support": 848.0
  }
}