{
  "R": {
    "precision": 0.6905444126074498,
    "recall": 0.7151335311572701,
    "f1-score": 0.7026239067055393,
    "support": 337.0
  },
  "C": {
    "precision": 0.5911949685534591,
    "recall": 0.5053763440860215,
    "f1-score": 0.5449275362318841,
    "support": 186.0
  },
  "V": {
    "precision": 0.7881773399014779,
    "recall": 0.7476635514018691,
    "f1-score": 0.7673860911270984,
    "support": 214.0
  },
  "X": {
    "precision": 0.7737226277372263,
    "recall": 0.954954954954955,
    "f1-score": 0.8548387096774194,
    "support": 111.0
  },
  "accuracy": 0.7087264150943396,
  "macro avg": {
    "precision": 0.7109098371999033,
    "recall": 0.7307820954000289,
    "f1-score": 0.7174440609354853,
    "support": 848.0
  },
  "weighted avg": {
    "precision": 0.704279355680899,
    "recall": 0.7087264150943396,
    "f1-score": 0.7043024747338323,
    "support": 848.0
  }
}