{
  "R": {
    "precision": 0.4065573770491803,
    "recall": 0.8104575163398693,
    "f1-score": 0.5414847161572052,
    "support": 153.0
  },
  "C": {
    "precision": 0.44871794871794873,
    "recall": 0.30701754385964913,
    "f1-score": 0.36458333333333337,
    "support": 114.0
  },
  "V": {
    "precision": 0.0,
    "recall": 0.0,
    "f1-score": 0.0,
    "support": 66.0
  },
  "X": {
    "precision": 0.0,
    "recall": 0.0,
    "f1-score": 0.0,
    "support": 50.0
  },
  "accuracy": 0.4151436031331593,
  "macro avg": {
    "precision": 0.21381883144178226,
    "recall": 0.2793687650498796,
    "f1-score": 0.22651701237263464,
    "support": 383.0
  },
  "weighted avg": {
    "precision": 0.2959716053325607,
    "recall": 0.4151436031331593,
    "f1-score": 0.3248294035823822,
    "support": 383.0
  }
}