{
  "R": {
    "precision": 0.6772151898734177,
    "recall": 0.6993464052287581,
    "f1-score": 0.6881028938906752,
    "support": 153.0
  },
  "C": {
    "precision": 0.5966386554621849,
    "recall": 0.6228070175438597,
    "f1-score": 0.6094420600858369,
    "support": 114.0
  },
  "V": {
    "precision": 0.7741935483870968,
    "recall": 0.7272727272727273,
    "f1-score": 0.7500000000000001,
    "support": 66.0
  },
  "X": {
    "precision": 0.7045454545454546,
    "recall": 0.62,
    "f1-score": 0.6595744680851063,
    "support": 50.0
  },
  "accuracy": 0.6710182767624021,
  "macro avg": {
    "precision": 0.6881482120670385,
    "recall": 0.6673565375113364,
    "f1-score": 0.6767798555154046,
    "support": 383.0
  },
  "weighted avg": {
    "precision": 0.6735111689142118,
    "recall": 0.6710182767624021,
    "f1-score": 0.6716314909120471,
    "support": 383.0
  }
}