{
  "R": {
    "precision": 0.5065502183406113,
    "recall": 0.7581699346405228,
    "f1-score": 0.6073298429319371,
    "support": 153.0
  },
  "C": {
    "precision": 0.5777777777777777,
    "recall": 0.45614035087719296,
    "f1-score": 0.5098039215686275,
    "support": 114.0
  },
  "V": {
    "precision": 0.8,
    "recall": 0.36363636363636365,
    "f1-score": 0.5000000000000001,
    "support": 66.0
  },
  "X": {
    "precision": 0.9411764705882353,
    "recall": 0.64,
    "f1-score": 0.7619047619047621,
    "support": 50.0
  },
  "accuracy": 0.5848563968668408,
  "macro avg": {
    "precision": 0.7063761166766561,
    "recall": 0.55448666228852,
    "f1-score": 0.5947596316013317,
    "support": 383.0
  },
  "weighted avg": {
    "precision": 0.6350592000057231,
    "recall": 0.5848563968668408,
    "f1-score": 0.5799852509729714,
    "support": 383.0
  }
}