{
  "R": {
    "precision": 0.6172839506172839,
    "recall": 0.6535947712418301,
    "f1-score": 0.634920634920635,
    "support": 153.0
  },
  "C": {
    "precision": 0.5916666666666667,
    "recall": 0.6228070175438597,
    "f1-score": 0.6068376068376069,
    "support": 114.0
  },
  "V": {
    "precision": 0.7575757575757576,
    "recall": 0.7575757575757576,
    "f1-score": 0.7575757575757576,
    "support": 66.0
  },
  "X": {
    "precision": 0.9714285714285714,
    "recall": 0.68,
    "f1-score": 0.8,
    "support": 50.0
  },
  "accuracy": 0.6657963446475196,
  "macro avg": {
    "precision": 0.7344887365720699,
    "recall": 0.6784943865903619,
    "f1-score": 0.6998334998334999,
    "support": 383.0
  },
  "weighted avg": {
    "precision": 0.680067553566248,
    "recall": 0.6657963446475196,
    "f1-score": 0.6692489407894109,
    "support": 383.0
  }
}