{
  "R": {
    "precision": 0.5427435387673957,
    "recall": 0.8100890207715133,
    "f1-score": 0.65,
    "support": 337.0
  },
  "C": {
    "precision": 0.5,
    "recall": 0.03225806451612903,
    "f1-score": 0.06060606060606061,
    "support": 186.0
  },
  "V": {
    "precision": 0.7021276595744681,
    "recall": 0.6226415094339622,
    "f1-score": 0.66,
    "support": 212.0
  },
  "X": {
    "precision": 0.6923076923076923,
    "recall": 0.8918918918918919,
    "f1-score": 0.7795275590551181,
    "support": 111.0
  },
  "accuracy": 0.6028368794326241,
  "macro avg": {
    "precision": 0.609294722662389,
    "recall": 0.5892201216533741,
    "f1-score": 0.5375334049152947,
    "support": 846.0
  },
  "weighted avg": {
    "precision": 0.5929099175420254,
    "recall": 0.6028368794326241,
    "f1-score": 0.5399175961322049,
    "support": 846.0
  }
}