{
  "R": {
    "precision": 0.6683937823834197,
    "recall": 0.7655786350148368,
    "f1-score": 0.7136929460580912,
    "support": 337.0
  },
  "C": {
    "precision": 0.5649717514124294,
    "recall": 0.5376344086021505,
    "f1-score": 0.5509641873278236,
    "support": 186.0
  },
  "V": {
    "precision": 0.8627450980392157,
    "recall": 0.6226415094339622,
    "f1-score": 0.7232876712328766,
    "support": 212.0
  },
  "X": {
    "precision": 0.7692307692307693,
    "recall": 0.9009009009009009,
    "f1-score": 0.8298755186721991,
    "support": 111.0
  },
  "accuracy": 0.6973995271867612,
  "macro avg": {
    "precision": 0.7163353502664584,
    "recall": 0.7066888634879627,
    "f1-score": 0.7044550808227477,
    "support": 846.0
  },
  "weighted avg": {
    "precision": 0.7075886839182663,
    "recall": 0.6973995271867612,
    "f1-score": 0.6955638658847941,
    "support": 846.0
  }
}