{
  "R": {
    "precision": 0.6767123287671233,
    "recall": 0.7329376854599406,
    "f1-score": 0.7037037037037036,
    "support": 337.0
  },
  "C": {
    "precision": 0.6223776223776224,
    "recall": 0.478494623655914,
    "f1-score": 0.5410334346504558,
    "support": 186.0
  },
  "V": {
    "precision": 0.7738693467336684,
    "recall": 0.719626168224299,
    "f1-score": 0.7457627118644068,
    "support": 214.0
  },
  "X": {
    "precision": 0.7375886524822695,
    "recall": 0.9369369369369369,
    "f1-score": 0.8253968253968254,
    "support": 111.0
  },
  "accuracy": 0.7004716981132075,
  "macro avg": {
    "precision": 0.7026369875901708,
    "recall": 0.7169988535692726,
    "f1-score": 0.7039741689038479,
    "support": 848.0
  },
  "weighted avg": {
    "precision": 0.697281454225584,
    "recall": 0.7004716981132075,
    "f1-score": 0.6945667864990137,
    "support": 848.0
  }
}