{
  "R": {
    "precision": 0.6089108910891089,
    "recall": 0.7299703264094956,
    "f1-score": 0.6639676113360323,
    "support": 337.0
  },
  "C": {
    "precision": 0.6333333333333333,
    "recall": 0.40860215053763443,
    "f1-score": 0.4967320261437908,
    "support": 186.0
  },
  "V": {
    "precision": 0.6934673366834171,
    "recall": 0.6509433962264151,
    "f1-score": 0.6715328467153284,
    "support": 212.0
  },
  "X": {
    "precision": 0.7967479674796748,
    "recall": 0.8828828828828829,
    "f1-score": 0.8376068376068375,
    "support": 111.0
  },
  "accuracy": 0.6595744680851063,
  "macro avg": {
    "precision": 0.6831148821463836,
    "recall": 0.668099689014107,
    "f1-score": 0.6674598304504973,
    "support": 846.0
  },
  "weighted avg": {
    "precision": 0.6601147400285555,
    "recall": 0.6595744680851063,
    "f1-score": 0.6518777356512963,
    "support": 846.0
  }
}