{
  "R": {
    "precision": 0.5174418604651163,
    "recall": 0.5281899109792285,
    "f1-score": 0.5227606461086638,
    "support": 337.0
  },
  "C": {
    "precision": 0.29838709677419356,
    "recall": 0.1989247311827957,
    "f1-score": 0.2387096774193548,
    "support": 186.0
  },
  "V": {
    "precision": 0.54296875,
    "recall": 0.6556603773584906,
    "f1-score": 0.594017094017094,
    "support": 212.0
  },
  "X": {
    "precision": 0.7459016393442623,
    "recall": 0.8198198198198198,
    "f1-score": 0.7811158798283261,
    "support": 111.0
  },
  "accuracy": 0.5260047281323877,
  "macro avg": {
    "precision": 0.526174836645893,
    "recall": 0.5506487098350836,
    "f1-score": 0.5341508243433597,
    "support": 846.0
  },
  "weighted avg": {
    "precision": 0.5056529124633065,
    "recall": 0.5260047281323877,
    "f1-score": 0.512063622140884,
    "support": 846.0
  }
}