{
  "R": {
    "precision": 0.591743119266055,
    "recall": 0.8431372549019608,
    "f1-score": 0.6954177897574124,
    "support": 153.0
  },
  "C": {
    "precision": 0.6067415730337079,
    "recall": 0.47368421052631576,
    "f1-score": 0.5320197044334976,
    "support": 114.0
  },
  "V": {
    "precision": 0.7317073170731707,
    "recall": 0.45454545454545453,
    "f1-score": 0.5607476635514018,
    "support": 66.0
  },
  "X": {
    "precision": 1.0,
    "recall": 0.7,
    "f1-score": 0.8235294117647058,
    "support": 50.0
  },
  "accuracy": 0.6475195822454308,
  "macro avg": {
    "precision": 0.7325480023432334,
    "recall": 0.6178417299934328,
    "f1-score": 0.6529286423767544,
    "support": 383.0
  },
  "weighted avg": {
    "precision": 0.6736238107059489,
    "recall": 0.6475195822454308,
    "f1-score": 0.6403002206812811,
    "support": 383.0
  }
}