{
  "R": {
    "precision": 0.44787644787644787,
    "recall": 0.7581699346405228,
    "f1-score": 0.5631067961165048,
    "support": 153.0
  },
  "C": {
    "precision": 0.5473684210526316,
    "recall": 0.45614035087719296,
    "f1-score": 0.49760765550239233,
    "support": 114.0
  },
  "V": {
    "precision": 0.0,
    "recall": 0.0,
    "f1-score": 0.0,
    "support": 66.0
  },
  "X": {
    "precision": 1.0,
    "recall": 0.58,
    "f1-score": 0.7341772151898733,
    "support": 50.0
  },
  "accuracy": 0.5143603133159269,
  "macro avg": {
    "precision": 0.49881121723226984,
    "recall": 0.448577571379429,
    "f1-score": 0.4487229167021926,
    "support": 383.0
  },
  "weighted avg": {
    "precision": 0.47238928596630947,
    "recall": 0.5143603133159269,
    "f1-score": 0.46890724097282405,
    "support": 383.0
  }
}