{
  "R": {
    "precision": 0.6011904761904762,
    "recall": 0.6601307189542484,
    "f1-score": 0.6292834890965732,
    "support": 153.0
  },
  "C": {
    "precision": 0.5833333333333334,
    "recall": 0.5526315789473685,
    "f1-score": 0.5675675675675677,
    "support": 114.0
  },
  "V": {
    "precision": 0.6153846153846154,
    "recall": 0.6060606060606061,
    "f1-score": 0.6106870229007635,
    "support": 66.0
  },
  "X": {
    "precision": 0.7142857142857143,
    "recall": 0.6,
    "f1-score": 0.6521739130434783,
    "support": 50.0
  },
  "accuracy": 0.6109660574412533,
  "macro avg": {
    "precision": 0.6285485347985348,
    "recall": 0.6047057259905557,
    "f1-score": 0.6149279981520956,
    "support": 383.0
  },
  "weighted avg": {
    "precision": 0.6130856741170057,
    "recall": 0.6109660574412533,
    "f1-score": 0.610697430021156,
    "support": 383.0
  }
}