{
  "R": {
    "precision": 0.6231884057971014,
    "recall": 0.8431372549019608,
    "f1-score": 0.7166666666666667,
    "support": 153.0
  },
  "C": {
    "precision": 0.6813186813186813,
    "recall": 0.543859649122807,
    "f1-score": 0.6048780487804878,
    "support": 114.0
  },
  "V": {
    "precision": 0.7307692307692307,
    "recall": 0.5757575757575758,
    "f1-score": 0.6440677966101696,
    "support": 66.0
  },
  "X": {
    "precision": 0.9393939393939394,
    "recall": 0.62,
    "f1-score": 0.7469879518072288,
    "support": 50.0
  },
  "accuracy": 0.6788511749347258,
  "macro avg": {
    "precision": 0.7436675643197382,
    "recall": 0.6456886199455859,
    "f1-score": 0.6781501159661382,
    "support": 383.0
  },
  "weighted avg": {
    "precision": 0.7003097179053587,
    "recall": 0.6788511749347258,
    "f1-score": 0.6748406520303089,
    "support": 383.0
  }
}