{
  "R": {
    "precision": 0.44711538461538464,
    "recall": 0.6078431372549019,
    "f1-score": 0.5152354570637119,
    "support": 153.0
  },
  "C": {
    "precision": 0.4342857142857143,
    "recall": 0.6666666666666666,
    "f1-score": 0.5259515570934257,
    "support": 114.0
  },
  "V": {
    "precision": 0.0,
    "recall": 0.0,
    "f1-score": 0.0,
    "support": 66.0
  },
  "X": {
    "precision": 0.0,
    "recall": 0.0,
    "f1-score": 0.0,
    "support": 50.0
  },
  "accuracy": 0.4412532637075718,
  "macro avg": {
    "precision": 0.22035027472527474,
    "recall": 0.31862745098039214,
    "f1-score": 0.2602967535392844,
    "support": 383.0
  },
  "weighted avg": {
    "precision": 0.3078778727799616,
    "recall": 0.4412532637075718,
    "f1-score": 0.3623746799984293,
    "support": 383.0
  }
}