{
  "R": {
    "precision": 0.5555555555555556,
    "recall": 0.6862745098039216,
    "f1-score": 0.6140350877192983,
    "support": 153.0
  },
  "C": {
    "precision": 0.6483516483516484,
    "recall": 0.5175438596491229,
    "f1-score": 0.575609756097561,
    "support": 114.0
  },
  "V": {
    "precision": 0.6271186440677966,
    "recall": 0.5606060606060606,
    "f1-score": 0.592,
    "support": 66.0
  },
  "X": {
    "precision": 0.75,
    "recall": 0.66,
    "f1-score": 0.702127659574468,
    "support": 50.0
  },
  "accuracy": 0.6109660574412533,
  "macro avg": {
    "precision": 0.6452564619937502,
    "recall": 0.6061061075147762,
    "f1-score": 0.6209431258478318,
    "support": 383.0
  },
  "weighted avg": {
    "precision": 0.6208927373905025,
    "recall": 0.6109660574412533,
    "f1-score": 0.6103009493339373,
    "support": 383.0
  }
}