{
  "R": {
    "precision": 0.625,
    "recall": 0.7516339869281046,
    "f1-score": 0.6824925816023739,
    "support": 153.0
  },
  "C": {
    "precision": 0.7195121951219512,
    "recall": 0.5175438596491229,
    "f1-score": 0.6020408163265306,
    "support": 114.0
  },
  "V": {
    "precision": 0.4819277108433735,
    "recall": 0.6060606060606061,
    "f1-score": 0.5369127516778522,
    "support": 66.0
  },
  "X": {
    "precision": 0.6764705882352942,
    "recall": 0.46,
    "f1-score": 0.5476190476190477,
    "support": 50.0
  },
  "accuracy": 0.618798955613577,
  "macro avg": {
    "precision": 0.6257276235501548,
    "recall": 0.5838096131594583,
    "f1-score": 0.5922662993064511,
    "support": 383.0
  },
  "weighted avg": {
    "precision": 0.6351962103690073,
    "recall": 0.618798955613577,
    "f1-score": 0.6158517285589512,
    "support": 383.0
  }
}