{
  "R": {
    "precision": 0.6041666666666666,
    "recall": 0.7581699346405228,
    "f1-score": 0.6724637681159421,
    "support": 153.0
  },
  "C": {
    "precision": 0.5470085470085471,
    "recall": 0.5614035087719298,
    "f1-score": 0.5541125541125541,
    "support": 114.0
  },
  "V": {
    "precision": 0.9487179487179487,
    "recall": 0.5606060606060606,
    "f1-score": 0.7047619047619047,
    "support": 66.0
  },
  "X": {
    "precision": 0.9714285714285714,
    "recall": 0.68,
    "f1-score": 0.8,
    "support": 50.0
  },
  "accuracy": 0.6553524804177546,
  "macro avg": {
    "precision": 0.7678304334554336,
    "recall": 0.6400448760046283,
    "f1-score": 0.6828345567476002,
    "support": 383.0
  },
  "weighted avg": {
    "precision": 0.6944733356286882,
    "recall": 0.6553524804177546,
    "f1-score": 0.6594518887855249,
    "support": 383.0
  }
}