{
  "R": {
    "precision": 0.7014492753623188,
    "recall": 0.7181008902077152,
    "f1-score": 0.7096774193548387,
    "support": 337.0
  },
  "C": {
    "precision": 0.6120218579234973,
    "recall": 0.6021505376344086,
    "f1-score": 0.6070460704607046,
    "support": 186.0
  },
  "V": {
    "precision": 0.7526881720430108,
    "recall": 0.660377358490566,
    "f1-score": 0.7035175879396985,
    "support": 212.0
  },
  "X": {
    "precision": 0.7727272727272727,
    "recall": 0.918918918918919,
    "f1-score": 0.8395061728395061,
    "support": 111.0
  },
  "accuracy": 0.7044917257683215,
  "macro avg": {
    "precision": 0.7097216445140249,
    "recall": 0.7248869263129022,
    "f1-score": 0.714936812648687,
    "support": 846.0
  },
  "weighted avg": {
    "precision": 0.703980013140328,
    "recall": 0.7044917257683215,
    "f1-score": 0.7026037508944126,
    "support": 846.0
  }
}