{
  "R": {
    "precision": 0.39947780678851175,
    "recall": 1.0,
    "f1-score": 0.5708955223880597,
    "support": 153.0
  },
  "C": {
    "precision": 0.0,
    "recall": 0.0,
    "f1-score": 0.0,
    "support": 114.0
  },
  "V": {
    "precision": 0.0,
    "recall": 0.0,
    "f1-score": 0.0,
    "support": 66.0
  },
  "X": {
    "precision": 0.0,
    "recall": 0.0,
    "f1-score": 0.0,
    "support": 50.0
  },
  "accuracy": 0.39947780678851175,
  "macro avg": {
    "precision": 0.09986945169712794,
    "recall": 0.25,
    "f1-score": 0.14272388059701493,
    "support": 383.0
  },
  "weighted avg": {
    "precision": 0.15958251811655952,
    "recall": 0.39947780678851175,
    "f1-score": 0.22806009118896384,
    "support": 383.0
  }
}