{
  "R": {
    "precision": 0.4758364312267658,
    "recall": 0.8366013071895425,
    "f1-score": 0.6066350710900474,
    "support": 153.0
  },
  "C": {
    "precision": 0.6285714285714286,
    "recall": 0.38596491228070173,
    "f1-score": 0.4782608695652174,
    "support": 114.0
  },
  "V": {
    "precision": 0.75,
    "recall": 0.09090909090909091,
    "f1-score": 0.16216216216216214,
    "support": 66.0
  },
  "X": {
    "precision": 0.8611111111111112,
    "recall": 0.62,
    "f1-score": 0.7209302325581396,
    "support": 50.0
  },
  "accuracy": 0.5456919060052219,
  "macro avg": {
    "precision": 0.6788797427273263,
    "recall": 0.4833688275948338,
    "f1-score": 0.4919970838438916,
    "support": 383.0
  },
  "weighted avg": {
    "precision": 0.6188398756929335,
    "recall": 0.5456919060052219,
    "f1-score": 0.506752269811545,
    "support": 383.0
  }
}