{
  "R": {
    "precision": 0.4583333333333333,
    "recall": 0.913946587537092,
    "f1-score": 0.6105054509415263,
    "support": 337.0
  },
  "C": {
    "precision": 0.5,
    "recall": 0.03763440860215054,
    "f1-score": 0.07,
    "support": 186.0
  },
  "V": {
    "precision": 0.6444444444444445,
    "recall": 0.13551401869158877,
    "f1-score": 0.22393822393822393,
    "support": 214.0
  },
  "X": {
    "precision": 0.7521367521367521,
    "recall": 0.7927927927927928,
    "f1-score": 0.7719298245614036,
    "support": 111.0
  },
  "accuracy": 0.5094339622641509,
  "macro avg": {
    "precision": 0.5887286324786325,
    "recall": 0.469971951905906,
    "f1-score": 0.4190933748602884,
    "support": 848.0
  },
  "weighted avg": {
    "precision": 0.5528969621835188,
    "recall": 0.5094339622641509,
    "f1-score": 0.415527508745743,
    "support": 848.0
  }
}