{
  "R": {
    "precision": 0.4446022727272727,
    "recall": 0.9287833827893175,
    "f1-score": 0.6013448607108549,
    "support": 337.0
  },
  "C": {
    "precision": 0.48,
    "recall": 0.06451612903225806,
    "f1-score": 0.1137440758293839,
    "support": 186.0
  },
  "V": {
    "precision": 0.0,
    "recall": 0.0,
    "f1-score": 0.0,
    "support": 212.0
  },
  "X": {
    "precision": 0.7692307692307693,
    "recall": 0.8108108108108109,
    "f1-score": 0.7894736842105263,
    "support": 111.0
  },
  "accuracy": 0.4905437352245863,
  "macro avg": {
    "precision": 0.4234582604895105,
    "recall": 0.45102758065809656,
    "f1-score": 0.3761406551876913,
    "support": 846.0
  },
  "weighted avg": {
    "precision": 0.383564516895634,
    "recall": 0.4905437352245863,
    "f1-score": 0.36813380036783916,
    "support": 846.0
  }
}