{
  "R": {
    "precision": 0.40939597315436244,
    "recall": 0.7973856209150327,
    "f1-score": 0.541019955654102,
    "support": 153.0
  },
  "C": {
    "precision": 0.47619047619047616,
    "recall": 0.2631578947368421,
    "f1-score": 0.3389830508474576,
    "support": 114.0
  },
  "V": {
    "precision": 0.4090909090909091,
    "recall": 0.13636363636363635,
    "f1-score": 0.20454545454545456,
    "support": 66.0
  },
  "X": {
    "precision": 0.0,
    "recall": 0.0,
    "f1-score": 0.0,
    "support": 50.0
  },
  "accuracy": 0.42036553524804177,
  "macro avg": {
    "precision": 0.32366933960893696,
    "recall": 0.2992267880038778,
    "f1-score": 0.27113711526175355,
    "support": 383.0
  },
  "weighted avg": {
    "precision": 0.3757788464186207,
    "recall": 0.42036553524804177,
    "f1-score": 0.35227185642738323,
    "support": 383.0
  }
}