{
  "R": {
    "precision": 0.4444444444444444,
    "recall": 0.6013071895424836,
    "f1-score": 0.5111111111111112,
    "support": 153.0
  },
  "C": {
    "precision": 0.4307692307692308,
    "recall": 0.49122807017543857,
    "f1-score": 0.4590163934426229,
    "support": 114.0
  },
  "V": {
    "precision": 0.5,
    "recall": 0.07575757575757576,
    "f1-score": 0.13157894736842105,
    "support": 66.0
  },
  "X": {
    "precision": 0.9722222222222222,
    "recall": 0.7,
    "f1-score": 0.813953488372093,
    "support": 50.0
  },
  "accuracy": 0.4908616187989556,
  "macro avg": {
    "precision": 0.5868589743589744,
    "recall": 0.46707320886887443,
    "f1-score": 0.478914985073562,
    "support": 383.0
  },
  "weighted avg": {
    "precision": 0.5188480507018366,
    "recall": 0.4908616187989556,
    "f1-score": 0.46973826056757034,
    "support": 383.0
  }
}