{
  "R": {
    "precision": 0.7027027027027027,
    "recall": 0.6797385620915033,
    "f1-score": 0.6910299003322259,
    "support": 153.0
  },
  "C": {
    "precision": 0.5905511811023622,
    "recall": 0.6578947368421053,
    "f1-score": 0.6224066390041494,
    "support": 114.0
  },
  "V": {
    "precision": 0.6666666666666666,
    "recall": 0.7272727272727273,
    "f1-score": 0.6956521739130435,
    "support": 66.0
  },
  "X": {
    "precision": 1.0,
    "recall": 0.72,
    "f1-score": 0.8372093023255813,
    "support": 50.0
  },
  "accuracy": 0.6866840731070496,
  "macro avg": {
    "precision": 0.7399801376179329,
    "recall": 0.696226506551584,
    "f1-score": 0.71157450389375,
    "support": 383.0
  },
  "weighted avg": {
    "precision": 0.7019225800500857,
    "recall": 0.6866840731070496,
    "f1-score": 0.6904841780465889,
    "support": 383.0
  }
}