{
  "R": {
    "precision": 0.6902887139107612,
    "recall": 0.7804154302670623,
    "f1-score": 0.7325905292479108,
    "support": 337.0
  },
  "C": {
    "precision": 0.5833333333333334,
    "recall": 0.3763440860215054,
    "f1-score": 0.4575163398692811,
    "support": 186.0
  },
  "V": {
    "precision": 0.7105263157894737,
    "recall": 0.7641509433962265,
    "f1-score": 0.7363636363636363,
    "support": 212.0
  },
  "X": {
    "precision": 0.905982905982906,
    "recall": 0.954954954954955,
    "f1-score": 0.9298245614035088,
    "support": 111.0
  },
  "accuracy": 0.710401891252955,
  "macro avg": {
    "precision": 0.7225328172541186,
    "recall": 0.7189663536599372,
    "f1-score": 0.7140737667210842,
    "support": 846.0
  },
  "weighted avg": {
    "precision": 0.7001453641836849,
    "recall": 0.710401891252955,
    "f1-score": 0.6989369560249559,
    "support": 846.0
  }
}