{
  "R": {
    "precision": 0.6628242074927954,
    "recall": 0.6824925816023739,
    "f1-score": 0.6725146198830411,
    "support": 337.0
  },
  "C": {
    "precision": 0.5561797752808989,
    "recall": 0.532258064516129,
    "f1-score": 0.5439560439560439,
    "support": 186.0
  },
  "V": {
    "precision": 0.8453038674033149,
    "recall": 0.7149532710280374,
    "f1-score": 0.7746835443037975,
    "support": 214.0
  },
  "X": {
    "precision": 0.7464788732394366,
    "recall": 0.954954954954955,
    "f1-score": 0.8379446640316206,
    "support": 111.0
  },
  "accuracy": 0.6933962264150944,
  "macro avg": {
    "precision": 0.7026966808541114,
    "recall": 0.7211647180253739,
    "f1-score": 0.7072747180436257,
    "support": 848.0
  },
  "weighted avg": {
    "precision": 0.6964332295768939,
    "recall": 0.6933962264150944,
    "f1-score": 0.6917539944161929,
    "support": 848.0
  }
}