{
  "R": {
    "precision": 0.7,
    "recall": 0.7320261437908496,
    "f1-score": 0.7156549520766774,
    "support": 153.0
  },
  "C": {
    "precision": 0.6666666666666666,
    "recall": 0.5964912280701754,
    "f1-score": 0.6296296296296297,
    "support": 114.0
  },
  "V": {
    "precision": 0.6463414634146342,
    "recall": 0.803030303030303,
    "f1-score": 0.7162162162162163,
    "support": 66.0
  },
  "X": {
    "precision": 0.8974358974358975,
    "recall": 0.7,
    "f1-score": 0.7865168539325842,
    "support": 50.0
  },
  "accuracy": 0.6997389033942559,
  "macro avg": {
    "precision": 0.7276110068792996,
    "recall": 0.707886918722832,
    "f1-score": 0.7120044129637768,
    "support": 383.0
  },
  "weighted avg": {
    "precision": 0.7066066095487225,
    "recall": 0.6997389033942559,
    "f1-score": 0.6993971237921905,
    "support": 383.0
  }
}