{
  "R": {
    "precision": 0.4694835680751174,
    "recall": 0.6535947712418301,
    "f1-score": 0.546448087431694,
    "support": 153.0
  },
  "C": {
    "precision": 0.4,
    "recall": 0.17543859649122806,
    "f1-score": 0.24390243902439024,
    "support": 114.0
  },
  "V": {
    "precision": 0.175,
    "recall": 0.3181818181818182,
    "f1-score": 0.22580645161290322,
    "support": 66.0
  },
  "X": {
    "precision": 0.0,
    "recall": 0.0,
    "f1-score": 0.0,
    "support": 50.0
  },
  "accuracy": 0.3681462140992167,
  "macro avg": {
    "precision": 0.26112089201877936,
    "recall": 0.28680379647871906,
    "f1-score": 0.25403924451724685,
    "support": 383.0
  },
  "weighted avg": {
    "precision": 0.3367649762806605,
    "recall": 0.3681462140992167,
    "f1-score": 0.329803293034677,
    "support": 383.0
  }
}