{
  "R": {
    "precision": 0.5543478260869565,
    "recall": 0.6666666666666666,
    "f1-score": 0.6053412462908012,
    "support": 153.0
  },
  "C": {
    "precision": 0.49107142857142855,
    "recall": 0.4824561403508772,
    "f1-score": 0.48672566371681414,
    "support": 114.0
  },
  "V": {
    "precision": 0.5862068965517241,
    "recall": 0.5151515151515151,
    "f1-score": 0.5483870967741935,
    "support": 66.0
  },
  "X": {
    "precision": 0.7586206896551724,
    "recall": 0.44,
    "f1-score": 0.5569620253164557,
    "support": 50.0
  },
  "accuracy": 0.556135770234987,
  "macro avg": {
    "precision": 0.5975617102163204,
    "recall": 0.5260685805422648,
    "f1-score": 0.5493540080245661,
    "support": 383.0
  },
  "weighted avg": {
    "precision": 0.5676711485734193,
    "recall": 0.556135770234987,
    "f1-score": 0.55390492427971,
    "support": 383.0
  }
}