{
  "R": {
    "precision": 0.6158940397350994,
    "recall": 0.6078431372549019,
    "f1-score": 0.611842105263158,
    "support": 153.0
  },
  "C": {
    "precision": 0.5503875968992248,
    "recall": 0.6228070175438597,
    "f1-score": 0.5843621399176955,
    "support": 114.0
  },
  "V": {
    "precision": 0.59375,
    "recall": 0.5757575757575758,
    "f1-score": 0.5846153846153846,
    "support": 66.0
  },
  "X": {
    "precision": 0.7435897435897436,
    "recall": 0.58,
    "f1-score": 0.6516853932584269,
    "support": 50.0
  },
  "accuracy": 0.6031331592689295,
  "macro avg": {
    "precision": 0.6259053450560169,
    "recall": 0.5966019326390843,
    "f1-score": 0.6081262557636662,
    "support": 383.0
  },
  "weighted avg": {
    "precision": 0.6092505517114073,
    "recall": 0.6031331592689295,
    "f1-score": 0.6041723527504366,
    "support": 383.0
  }
}