{
  "R": {
    "precision": 0.6503067484662577,
    "recall": 0.6928104575163399,
    "f1-score": 0.6708860759493671,
    "support": 153.0
  },
  "C": {
    "precision": 0.631578947368421,
    "recall": 0.631578947368421,
    "f1-score": 0.631578947368421,
    "support": 114.0
  },
  "V": {
    "precision": 0.7183098591549296,
    "recall": 0.7727272727272727,
    "f1-score": 0.7445255474452555,
    "support": 66.0
  },
  "X": {
    "precision": 0.9714285714285714,
    "recall": 0.68,
    "f1-score": 0.8,
    "support": 50.0
  },
  "accuracy": 0.6866840731070496,
  "macro avg": {
    "precision": 0.7429060316045449,
    "recall": 0.6942791694030085,
    "f1-score": 0.711747642690761,
    "support": 383.0
  },
  "weighted avg": {
    "precision": 0.6983728767388808,
    "recall": 0.6866840731070496,
    "f1-score": 0.6887317382549348,
    "support": 383.0
  }
}