{
  "R": {
    "precision": 0.5,
    "recall": 0.8041543026706232,
    "f1-score": 0.6166097838452786,
    "support": 337.0
  },
  "C": {
    "precision": 0.0,
    "recall": 0.0,
    "f1-score": 0.0,
    "support": 186.0
  },
  "V": {
    "precision": 0.4972972972972973,
    "recall": 0.4339622641509434,
    "f1-score": 0.4634760705289673,
    "support": 212.0
  },
  "X": {
    "precision": 0.7647058823529411,
    "recall": 0.8198198198198198,
    "f1-score": 0.7913043478260868,
    "support": 111.0
  },
  "accuracy": 0.5366430260047281,
  "macro avg": {
    "precision": 0.4405007949125596,
    "recall": 0.5144840966603466,
    "f1-score": 0.4678475505500832,
    "support": 846.0
  },
  "weighted avg": {
    "precision": 0.4241245626101697,
    "recall": 0.5366430260047281,
    "f1-score": 0.46559007886134235,
    "support": 846.0
  }
}