{
  "R": {
    "precision": 0.5225225225225225,
    "recall": 0.7581699346405228,
    "f1-score": 0.6186666666666666,
    "support": 153.0
  },
  "C": {
    "precision": 0.5362318840579711,
    "recall": 0.32456140350877194,
    "f1-score": 0.40437158469945356,
    "support": 114.0
  },
  "V": {
    "precision": 0.45161290322580644,
    "recall": 0.42424242424242425,
    "f1-score": 0.4375,
    "support": 66.0
  },
  "X": {
    "precision": 0.7666666666666667,
    "recall": 0.46,
    "f1-score": 0.575,
    "support": 50.0
  },
  "accuracy": 0.5326370757180157,
  "macro avg": {
    "precision": 0.5692584941182417,
    "recall": 0.49174344059792974,
    "f1-score": 0.5088845628415299,
    "support": 383.0
  },
  "weighted avg": {
    "precision": 0.5462563072448857,
    "recall": 0.5326370757180157,
    "f1-score": 0.5179617771690279,
    "support": 383.0
  }
}