{
  "R": {
    "precision": 0.5555555555555556,
    "recall": 0.8169934640522876,
    "f1-score": 0.6613756613756614,
    "support": 153.0
  },
  "C": {
    "precision": 0.6037735849056604,
    "recall": 0.2807017543859649,
    "f1-score": 0.3832335329341317,
    "support": 114.0
  },
  "V": {
    "precision": 0.6323529411764706,
    "recall": 0.6515151515151515,
    "f1-score": 0.6417910447761194,
    "support": 66.0
  },
  "X": {
    "precision": 1.0,
    "recall": 0.74,
    "f1-score": 0.8505747126436781,
    "support": 50.0
  },
  "accuracy": 0.618798955613577,
  "macro avg": {
    "precision": 0.6979205204094217,
    "recall": 0.622302592488351,
    "f1-score": 0.6342437379323976,
    "support": 383.0
  },
  "weighted avg": {
    "precision": 0.64116314046186,
    "recall": 0.618798955613577,
    "f1-score": 0.5999113408156005,
    "support": 383.0
  }
}