{
  "R": {
    "precision": 0.7114093959731543,
    "recall": 0.6928104575163399,
    "f1-score": 0.7019867549668874,
    "support": 153.0
  },
  "C": {
    "precision": 0.5957446808510638,
    "recall": 0.7368421052631579,
    "f1-score": 0.6588235294117647,
    "support": 114.0
  },
  "V": {
    "precision": 0.7407407407407407,
    "recall": 0.6060606060606061,
    "f1-score": 0.6666666666666666,
    "support": 66.0
  },
  "X": {
    "precision": 0.8717948717948718,
    "recall": 0.68,
    "f1-score": 0.7640449438202247,
    "support": 50.0
  },
  "accuracy": 0.6892950391644909,
  "macro avg": {
    "precision": 0.7299224223399577,
    "recall": 0.6789282922100259,
    "f1-score": 0.6978804737163858,
    "support": 383.0
  },
  "weighted avg": {
    "precision": 0.7029743177011654,
    "recall": 0.6892950391644909,
    "f1-score": 0.691154316067588,
    "support": 383.0
  }
}