{
  "R": {
    "precision": 0.6096256684491979,
    "recall": 0.7450980392156863,
    "f1-score": 0.6705882352941176,
    "support": 153.0
  },
  "C": {
    "precision": 0.6704545454545454,
    "recall": 0.5175438596491229,
    "f1-score": 0.5841584158415842,
    "support": 114.0
  },
  "V": {
    "precision": 0.75,
    "recall": 0.5909090909090909,
    "f1-score": 0.6610169491525425,
    "support": 66.0
  },
  "X": {
    "precision": 0.6071428571428571,
    "recall": 0.68,
    "f1-score": 0.6415094339622641,
    "support": 50.0
  },
  "accuracy": 0.6422976501305483,
  "macro avg": {
    "precision": 0.6593057677616502,
    "recall": 0.633387747443475,
    "f1-score": 0.639318258562627,
    "support": 383.0
  },
  "weighted avg": {
    "precision": 0.6515970974195517,
    "recall": 0.6422976501305483,
    "f1-score": 0.6394168400734246,
    "support": 383.0
  }
}