{
  "R": {
    "precision": 0.6084656084656085,
    "recall": 0.7516339869281046,
    "f1-score": 0.6725146198830411,
    "support": 153.0
  },
  "C": {
    "precision": 0.6190476190476191,
    "recall": 0.5701754385964912,
    "f1-score": 0.593607305936073,
    "support": 114.0
  },
  "V": {
    "precision": 0.7735849056603774,
    "recall": 0.6212121212121212,
    "f1-score": 0.689075630252101,
    "support": 66.0
  },
  "X": {
    "precision": 0.8611111111111112,
    "recall": 0.62,
    "f1-score": 0.7209302325581396,
    "support": 50.0
  },
  "accuracy": 0.6579634464751958,
  "macro avg": {
    "precision": 0.715552311071179,
    "recall": 0.6407553866841793,
    "f1-score": 0.6690319471573386,
    "support": 383.0
  },
  "weighted avg": {
    "precision": 0.6730517650021075,
    "recall": 0.6579634464751958,
    "f1-score": 0.6582022792254915,
    "support": 383.0
  }
}