{
  "R": {
    "precision": 0.65,
    "recall": 0.6797385620915033,
    "f1-score": 0.6645367412140575,
    "support": 153.0
  },
  "C": {
    "precision": 0.6260869565217392,
    "recall": 0.631578947368421,
    "f1-score": 0.6288209606986899,
    "support": 114.0
  },
  "V": {
    "precision": 0.625,
    "recall": 0.5303030303030303,
    "f1-score": 0.5737704918032787,
    "support": 66.0
  },
  "X": {
    "precision": 0.5576923076923077,
    "recall": 0.58,
    "f1-score": 0.5686274509803922,
    "support": 50.0
  },
  "accuracy": 0.6266318537859008,
  "macro avg": {
    "precision": 0.6146948160535117,
    "recall": 0.6054051349407387,
    "f1-score": 0.6089389111741046,
    "support": 383.0
  },
  "weighted avg": {
    "precision": 0.6265235729193046,
    "recall": 0.6266318537859008,
    "f1-score": 0.6257439580507506,
    "support": 383.0
  }
}