{
  "R": {
    "precision": 0.5084745762711864,
    "recall": 0.7843137254901961,
    "f1-score": 0.6169665809768639,
    "support": 153.0
  },
  "C": {
    "precision": 0.6125,
    "recall": 0.4298245614035088,
    "f1-score": 0.5051546391752577,
    "support": 114.0
  },
  "V": {
    "precision": 0.6774193548387096,
    "recall": 0.3181818181818182,
    "f1-score": 0.43298969072164945,
    "support": 66.0
  },
  "X": {
    "precision": 0.9166666666666666,
    "recall": 0.66,
    "f1-score": 0.7674418604651163,
    "support": 50.0
  },
  "accuracy": 0.5822454308093995,
  "macro avg": {
    "precision": 0.6787651494441407,
    "recall": 0.5480800262688807,
    "f1-score": 0.5806381928347218,
    "support": 383.0
  },
  "weighted avg": {
    "precision": 0.621839741311174,
    "recall": 0.5822454308093995,
    "f1-score": 0.5716264448206899,
    "support": 383.0
  }
}