{
  "R": {
    "precision": 0.6744791666666666,
    "recall": 0.7685459940652819,
    "f1-score": 0.7184466019417475,
    "support": 337.0
  },
  "C": {
    "precision": 0.6030534351145038,
    "recall": 0.42473118279569894,
    "f1-score": 0.4984227129337539,
    "support": 186.0
  },
  "V": {
    "precision": 0.8076923076923077,
    "recall": 0.6869158878504673,
    "f1-score": 0.7424242424242424,
    "support": 214.0
  },
  "X": {
    "precision": 0.695364238410596,
    "recall": 0.9459459459459459,
    "f1-score": 0.801526717557252,
    "support": 111.0
  },
  "accuracy": 0.6957547169811321,
  "macro avg": {
    "precision": 0.6951472869710185,
    "recall": 0.7065347526643485,
    "f1-score": 0.6902050687142489,
    "support": 848.0
  },
  "weighted avg": {
    "precision": 0.6951639179336018,
    "recall": 0.6957547169811321,
    "f1-score": 0.6871124799383137,
    "support": 848.0
  }
}