{
  "R": {
    "precision": 0.6214689265536724,
    "recall": 0.7189542483660131,
    "f1-score": 0.6666666666666667,
    "support": 153.0
  },
  "C": {
    "precision": 0.6285714285714286,
    "recall": 0.5789473684210527,
    "f1-score": 0.6027397260273972,
    "support": 114.0
  },
  "V": {
    "precision": 0.7313432835820896,
    "recall": 0.7424242424242424,
    "f1-score": 0.736842105263158,
    "support": 66.0
  },
  "X": {
    "precision": 1.0,
    "recall": 0.68,
    "f1-score": 0.8095238095238095,
    "support": 50.0
  },
  "accuracy": 0.6762402088772846,
  "macro avg": {
    "precision": 0.7453459096767976,
    "recall": 0.6800814648028272,
    "f1-score": 0.7039430768702579,
    "support": 383.0
  },
  "weighted avg": {
    "precision": 0.6919335387370043,
    "recall": 0.6762402088772846,
    "f1-score": 0.6783814574169248,
    "support": 383.0
  }
}