{
  "R": {
    "precision": 0.656441717791411,
    "recall": 0.6993464052287581,
    "f1-score": 0.6772151898734177,
    "support": 153.0
  },
  "C": {
    "precision": 0.6635514018691588,
    "recall": 0.6228070175438597,
    "f1-score": 0.6425339366515838,
    "support": 114.0
  },
  "V": {
    "precision": 0.5921052631578947,
    "recall": 0.6818181818181818,
    "f1-score": 0.6338028169014085,
    "support": 66.0
  },
  "X": {
    "precision": 0.8648648648648649,
    "recall": 0.64,
    "f1-score": 0.7356321839080459,
    "support": 50.0
  },
  "accuracy": 0.6657963446475196,
  "macro avg": {
    "precision": 0.6942408119208323,
    "recall": 0.6609929011476999,
    "f1-score": 0.672296031833614,
    "support": 383.0
  },
  "weighted avg": {
    "precision": 0.674680504560925,
    "recall": 0.6657963446475196,
    "f1-score": 0.667037566422477,
    "support": 383.0
  }
}