{
  "R": {
    "precision": 0.8070175438596491,
    "recall": 0.6013071895424836,
    "f1-score": 0.6891385767790261,
    "support": 153.0
  },
  "C": {
    "precision": 0.5534591194968553,
    "recall": 0.7719298245614035,
    "f1-score": 0.6446886446886446,
    "support": 114.0
  },
  "V": {
    "precision": 0.6623376623376623,
    "recall": 0.7727272727272727,
    "f1-score": 0.7132867132867133,
    "support": 66.0
  },
  "X": {
    "precision": 0.9696969696969697,
    "recall": 0.64,
    "f1-score": 0.7710843373493975,
    "support": 50.0
  },
  "accuracy": 0.6866840731070496,
  "macro avg": {
    "precision": 0.7481278238477841,
    "recall": 0.69649107170779,
    "f1-score": 0.7045495680259454,
    "support": 383.0
  },
  "weighted avg": {
    "precision": 0.7278515875517023,
    "recall": 0.6866840731070496,
    "f1-score": 0.6907672263344373,
    "support": 383.0
  }
}