{
  "R": {
    "precision": 0.6189427312775331,
    "recall": 0.8338278931750742,
    "f1-score": 0.7104930467762327,
    "support": 337.0
  },
  "C": {
    "precision": 0.7,
    "recall": 0.45161290322580644,
    "f1-score": 0.5490196078431372,
    "support": 186.0
  },
  "V": {
    "precision": 0.8345864661654135,
    "recall": 0.5235849056603774,
    "f1-score": 0.6434782608695652,
    "support": 212.0
  },
  "X": {
    "precision": 0.7410071942446043,
    "recall": 0.9279279279279279,
    "f1-score": 0.824,
    "support": 111.0
  },
  "accuracy": 0.6843971631205674,
  "macro avg": {
    "precision": 0.7236340979218877,
    "recall": 0.6842384074972965,
    "f1-score": 0.6817477288722337,
    "support": 846.0
  },
  "weighted avg": {
    "precision": 0.7068177657550204,
    "recall": 0.6843971631205674,
    "f1-score": 0.6730912471947539,
    "support": 846.0
  }
}