{
  "R": {
    "precision": 0.6236559139784946,
    "recall": 0.6884272997032641,
    "f1-score": 0.6544428772919605,
    "support": 337.0
  },
  "C": {
    "precision": 0.5813953488372093,
    "recall": 0.4032258064516129,
    "f1-score": 0.4761904761904762,
    "support": 186.0
  },
  "V": {
    "precision": 0.7095238095238096,
    "recall": 0.6962616822429907,
    "f1-score": 0.7028301886792453,
    "support": 214.0
  },
  "X": {
    "precision": 0.7591240875912408,
    "recall": 0.9369369369369369,
    "f1-score": 0.8387096774193549,
    "support": 111.0
  },
  "accuracy": 0.660377358490566,
  "macro avg": {
    "precision": 0.6684247899826886,
    "recall": 0.6812129313337012,
    "f1-score": 0.6680433048952592,
    "support": 848.0
  },
  "weighted avg": {
    "precision": 0.6537882628009394,
    "recall": 0.660377358490566,
    "f1-score": 0.6516758405539222,
    "support": 848.0
  }
}