{
  "R": {
    "precision": 0.6549707602339181,
    "recall": 0.7320261437908496,
    "f1-score": 0.691358024691358,
    "support": 153.0
  },
  "C": {
    "precision": 0.65,
    "recall": 0.5701754385964912,
    "f1-score": 0.6074766355140186,
    "support": 114.0
  },
  "V": {
    "precision": 0.7027027027027027,
    "recall": 0.7878787878787878,
    "f1-score": 0.7428571428571429,
    "support": 66.0
  },
  "X": {
    "precision": 0.9473684210526315,
    "recall": 0.72,
    "f1-score": 0.8181818181818181,
    "support": 50.0
  },
  "accuracy": 0.6919060052219321,
  "macro avg": {
    "precision": 0.738760470997313,
    "recall": 0.702520092566532,
    "f1-score": 0.7149684053110845,
    "support": 383.0
  },
  "weighted avg": {
    "precision": 0.6998885789733668,
    "recall": 0.6919060052219321,
    "f1-score": 0.6918218709243817,
    "support": 383.0
  }
}