{
  "R": {
    "precision": 0.6057142857142858,
    "recall": 0.6928104575163399,
    "f1-score": 0.6463414634146342,
    "support": 153.0
  },
  "C": {
    "precision": 0.5775862068965517,
    "recall": 0.5877192982456141,
    "f1-score": 0.5826086956521739,
    "support": 114.0
  },
  "V": {
    "precision": 0.7291666666666666,
    "recall": 0.5303030303030303,
    "f1-score": 0.6140350877192983,
    "support": 66.0
  },
  "X": {
    "precision": 0.7045454545454546,
    "recall": 0.62,
    "f1-score": 0.6595744680851063,
    "support": 50.0
  },
  "accuracy": 0.6240208877284595,
  "macro avg": {
    "precision": 0.6542531534557396,
    "recall": 0.6077081965162461,
    "f1-score": 0.6256399287178032,
    "support": 383.0
  },
  "weighted avg": {
    "precision": 0.6315179791847659,
    "recall": 0.6240208877284595,
    "f1-score": 0.6235317869465166,
    "support": 383.0
  }
}