{
  "R": {
    "precision": 0.5346534653465347,
    "recall": 0.7058823529411765,
    "f1-score": 0.6084507042253521,
    "support": 153.0
  },
  "C": {
    "precision": 0.5851063829787234,
    "recall": 0.4824561403508772,
    "f1-score": 0.5288461538461537,
    "support": 114.0
  },
  "V": {
    "precision": 0.5555555555555556,
    "recall": 0.45454545454545453,
    "f1-score": 0.5,
    "support": 66.0
  },
  "X": {
    "precision": 0.6060606060606061,
    "recall": 0.4,
    "f1-score": 0.4819277108433735,
    "support": 50.0
  },
  "accuracy": 0.556135770234987,
  "macro avg": {
    "precision": 0.570344002485355,
    "recall": 0.5107209869593771,
    "f1-score": 0.5298061422287199,
    "support": 383.0
  },
  "weighted avg": {
    "precision": 0.5625947906717788,
    "recall": 0.556135770234987,
    "f1-score": 0.5495504042483266,
    "support": 383.0
  }
}