{
  "R": {
    "precision": 0.6923076923076923,
    "recall": 0.6470588235294118,
    "f1-score": 0.6689189189189189,
    "support": 153.0
  },
  "C": {
    "precision": 0.5952380952380952,
    "recall": 0.6578947368421053,
    "f1-score": 0.625,
    "support": 114.0
  },
  "V": {
    "precision": 0.6623376623376623,
    "recall": 0.7727272727272727,
    "f1-score": 0.7132867132867133,
    "support": 66.0
  },
  "X": {
    "precision": 0.918918918918919,
    "recall": 0.68,
    "f1-score": 0.7816091954022989,
    "support": 50.0
  },
  "accuracy": 0.6762402088772846,
  "macro avg": {
    "precision": 0.7172005922005922,
    "recall": 0.6894202082746975,
    "f1-score": 0.6972037069019827,
    "support": 383.0
  },
  "weighted avg": {
    "precision": 0.6878340768680195,
    "recall": 0.6762402088772846,
    "f1-score": 0.6782035964533488,
    "support": 383.0
  }
}