{
  "R": {
    "precision": 0.4956896551724138,
    "recall": 0.7516339869281046,
    "f1-score": 0.5974025974025975,
    "support": 153.0
  },
  "C": {
    "precision": 0.581081081081081,
    "recall": 0.37719298245614036,
    "f1-score": 0.45744680851063835,
    "support": 114.0
  },
  "V": {
    "precision": 0.5652173913043478,
    "recall": 0.3939393939393939,
    "f1-score": 0.4642857142857143,
    "support": 66.0
  },
  "X": {
    "precision": 1.0,
    "recall": 0.62,
    "f1-score": 0.7654320987654321,
    "support": 50.0
  },
  "accuracy": 0.5613577023498695,
  "macro avg": {
    "precision": 0.6604970318894606,
    "recall": 0.5356915908309098,
    "f1-score": 0.5711418047410955,
    "support": 383.0
  },
  "weighted avg": {
    "precision": 0.5989245647799204,
    "recall": 0.5613577023498695,
    "f1-score": 0.5547415030128954,
    "support": 383.0
  }
}