{
  "R": {
    "precision": 0.6058823529411764,
    "recall": 0.673202614379085,
    "f1-score": 0.6377708978328174,
    "support": 153.0
  },
  "C": {
    "precision": 0.625,
    "recall": 0.43859649122807015,
    "f1-score": 0.5154639175257731,
    "support": 114.0
  },
  "V": {
    "precision": 0.5681818181818182,
    "recall": 0.7575757575757576,
    "f1-score": 0.6493506493506495,
    "support": 66.0
  },
  "X": {
    "precision": 0.7555555555555555,
    "recall": 0.68,
    "f1-score": 0.7157894736842104,
    "support": 50.0
  },
  "accuracy": 0.618798955613577,
  "macro avg": {
    "precision": 0.6386549316696376,
    "recall": 0.6373437157957282,
    "f1-score": 0.6295937345983627,
    "support": 383.0
  },
  "weighted avg": {
    "precision": 0.6246156077748767,
    "recall": 0.618798955613577,
    "f1-score": 0.6135468681663514,
    "support": 383.0
  }
}