{
  "R": {
    "precision": 0.7172236503856041,
    "recall": 0.827893175074184,
    "f1-score": 0.768595041322314,
    "support": 337.0
  },
  "C": {
    "precision": 0.6962962962962963,
    "recall": 0.5053763440860215,
    "f1-score": 0.5856697819314642,
    "support": 186.0
  },
  "V": {
    "precision": 0.8152173913043478,
    "recall": 0.7075471698113207,
    "f1-score": 0.7575757575757576,
    "support": 212.0
  },
  "X": {
    "precision": 0.782608695652174,
    "recall": 0.972972972972973,
    "f1-score": 0.8674698795180723,
    "support": 111.0
  },
  "accuracy": 0.7458628841607565,
  "macro avg": {
    "precision": 0.7528365084096055,
    "recall": 0.7534474154861248,
    "f1-score": 0.744827615086902,
    "support": 846.0
  },
  "weighted avg": {
    "precision": 0.745757840975145,
    "recall": 0.7458628841607565,
    "f1-score": 0.7385890373492183,
    "support": 846.0
  }
}