{
  "R": {
    "precision": 0.46619217081850534,
    "recall": 0.8562091503267973,
    "f1-score": 0.6036866359447004,
    "support": 153.0
  },
  "C": {
    "precision": 0.7333333333333333,
    "recall": 0.38596491228070173,
    "f1-score": 0.5057471264367815,
    "support": 114.0
  },
  "V": {
    "precision": 0.7333333333333333,
    "recall": 0.16666666666666666,
    "f1-score": 0.2716049382716049,
    "support": 66.0
  },
  "X": {
    "precision": 0.48148148148148145,
    "recall": 0.26,
    "f1-score": 0.33766233766233766,
    "support": 50.0
  },
  "accuracy": 0.5195822454308094,
  "macro avg": {
    "precision": 0.6035850797416633,
    "recall": 0.41721018231854146,
    "f1-score": 0.4296752595788561,
    "support": 383.0
  },
  "weighted avg": {
    "precision": 0.593737535794531,
    "recall": 0.5195822454308094,
    "f1-score": 0.4825803407894911,
    "support": 383.0
  }
}