{
  "R": {
    "precision": 0.721875,
    "recall": 0.685459940652819,
    "f1-score": 0.7031963470319635,
    "support": 337.0
  },
  "C": {
    "precision": 0.5916230366492147,
    "recall": 0.6075268817204301,
    "f1-score": 0.5994694960212201,
    "support": 186.0
  },
  "V": {
    "precision": 0.7853658536585366,
    "recall": 0.7523364485981309,
    "f1-score": 0.7684964200477327,
    "support": 214.0
  },
  "X": {
    "precision": 0.7803030303030303,
    "recall": 0.9279279279279279,
    "f1-score": 0.8477366255144033,
    "support": 111.0
  },
  "accuracy": 0.7169811320754716,
  "macro avg": {
    "precision": 0.7197917301526955,
    "recall": 0.7433127997248269,
    "f1-score": 0.7297247221538299,
    "support": 848.0
  },
  "weighted avg": {
    "precision": 0.7169760481878741,
    "recall": 0.7169811320754716,
    "f1-score": 0.7158437435519248,
    "support": 848.0
  }
}