{
  "R": {
    "precision": 0.5968586387434555,
    "recall": 0.7450980392156863,
    "f1-score": 0.6627906976744186,
    "support": 153.0
  },
  "C": {
    "precision": 0.6607142857142857,
    "recall": 0.6491228070175439,
    "f1-score": 0.6548672566371682,
    "support": 114.0
  },
  "V": {
    "precision": 0.7111111111111111,
    "recall": 0.48484848484848486,
    "f1-score": 0.5765765765765766,
    "support": 66.0
  },
  "X": {
    "precision": 0.9428571428571428,
    "recall": 0.66,
    "f1-score": 0.7764705882352942,
    "support": 50.0
  },
  "accuracy": 0.660574412532637,
  "macro avg": {
    "precision": 0.7278852946064989,
    "recall": 0.6347673327704287,
    "f1-score": 0.6676762797808644,
    "support": 383.0
  },
  "weighted avg": {
    "precision": 0.6807232135127096,
    "recall": 0.660574412532637,
    "f1-score": 0.6604162597040261,
    "support": 383.0
  }
}