{
  "R": {
    "precision": 0.7549668874172185,
    "recall": 0.7450980392156863,
    "f1-score": 0.75,
    "support": 153.0
  },
  "C": {
    "precision": 0.6194690265486725,
    "recall": 0.6140350877192983,
    "f1-score": 0.6167400881057269,
    "support": 114.0
  },
  "V": {
    "precision": 0.6582278481012658,
    "recall": 0.7878787878787878,
    "f1-score": 0.7172413793103448,
    "support": 66.0
  },
  "X": {
    "precision": 0.9,
    "recall": 0.72,
    "f1-score": 0.7999999999999999,
    "support": 50.0
  },
  "accuracy": 0.7101827676240209,
  "macro avg": {
    "precision": 0.7331659405167892,
    "recall": 0.716752978703443,
    "f1-score": 0.7209953668540179,
    "support": 383.0
  },
  "weighted avg": {
    "precision": 0.7168993231751087,
    "recall": 0.7101827676240209,
    "f1-score": 0.7112174962886049,
    "support": 383.0
  }
}