{
  "R": {
    "precision": 0.5916230366492147,
    "recall": 0.738562091503268,
    "f1-score": 0.6569767441860466,
    "support": 153.0
  },
  "C": {
    "precision": 0.5773195876288659,
    "recall": 0.49122807017543857,
    "f1-score": 0.5308056872037914,
    "support": 114.0
  },
  "V": {
    "precision": 0.6538461538461539,
    "recall": 0.5151515151515151,
    "f1-score": 0.576271186440678,
    "support": 66.0
  },
  "X": {
    "precision": 0.7906976744186046,
    "recall": 0.68,
    "f1-score": 0.7311827956989247,
    "support": 50.0
  },
  "accuracy": 0.618798955613577,
  "macro avg": {
    "precision": 0.6533716131357098,
    "recall": 0.6062354192075554,
    "f1-score": 0.6238091033823602,
    "support": 383.0
  },
  "weighted avg": {
    "precision": 0.6240769907879816,
    "recall": 0.618798955613577,
    "f1-score": 0.6152019015449826,
    "support": 383.0
  }
}