{
  "R": {
    "precision": 0.7123287671232876,
    "recall": 0.6797385620915033,
    "f1-score": 0.6956521739130435,
    "support": 153.0
  },
  "C": {
    "precision": 0.5357142857142857,
    "recall": 0.6578947368421053,
    "f1-score": 0.5905511811023623,
    "support": 114.0
  },
  "V": {
    "precision": 0.625,
    "recall": 0.6060606060606061,
    "f1-score": 0.6153846153846154,
    "support": 66.0
  },
  "X": {
    "precision": 0.9696969696969697,
    "recall": 0.64,
    "f1-score": 0.7710843373493975,
    "support": 50.0
  },
  "accuracy": 0.6553524804177546,
  "macro avg": {
    "precision": 0.7106850056336358,
    "recall": 0.6459234762485537,
    "f1-score": 0.6681680769373547,
    "support": 383.0
  },
  "weighted avg": {
    "precision": 0.6783096042457966,
    "recall": 0.6553524804177546,
    "f1-score": 0.6603843831258993,
    "support": 383.0
  }
}