{
  "R": {
    "precision": 0.4536082474226804,
    "recall": 0.8627450980392157,
    "f1-score": 0.5945945945945946,
    "support": 153.0
  },
  "C": {
    "precision": 0.36363636363636365,
    "recall": 0.14035087719298245,
    "f1-score": 0.20253164556962025,
    "support": 114.0
  },
  "V": {
    "precision": 0.42105263157894735,
    "recall": 0.12121212121212122,
    "f1-score": 0.18823529411764706,
    "support": 66.0
  },
  "X": {
    "precision": 0.9655172413793104,
    "recall": 0.56,
    "f1-score": 0.7088607594936709,
    "support": 50.0
  },
  "accuracy": 0.4804177545691906,
  "macro avg": {
    "precision": 0.5509536210043254,
    "recall": 0.42107702411107983,
    "f1-score": 0.42355557344388317,
    "support": 383.0
  },
  "weighted avg": {
    "precision": 0.488046848729482,
    "recall": 0.4804177545691906,
    "f1-score": 0.4227888980531539,
    "support": 383.0
  }
}