{
  "R": {
    "precision": 0.6829268292682927,
    "recall": 0.7320261437908496,
    "f1-score": 0.7066246056782334,
    "support": 153.0
  },
  "C": {
    "precision": 0.6779661016949152,
    "recall": 0.7017543859649122,
    "f1-score": 0.689655172413793,
    "support": 114.0
  },
  "V": {
    "precision": 0.703125,
    "recall": 0.6818181818181818,
    "f1-score": 0.6923076923076923,
    "support": 66.0
  },
  "X": {
    "precision": 0.8648648648648649,
    "recall": 0.64,
    "f1-score": 0.7356321839080459,
    "support": 50.0
  },
  "accuracy": 0.7023498694516971,
  "macro avg": {
    "precision": 0.7322206989570182,
    "recall": 0.6888996778934859,
    "f1-score": 0.7060549135769412,
    "support": 383.0
  },
  "weighted avg": {
    "precision": 0.7086825945548625,
    "recall": 0.7023498694516971,
    "f1-score": 0.7028933974194571,
    "support": 383.0
  }
}