{
  "R": {
    "precision": 0.5984455958549223,
    "recall": 0.685459940652819,
    "f1-score": 0.6390041493775934,
    "support": 337.0
  },
  "C": {
    "precision": 0.4782608695652174,
    "recall": 0.3548387096774194,
    "f1-score": 0.40740740740740744,
    "support": 186.0
  },
  "V": {
    "precision": 0.806282722513089,
    "recall": 0.7264150943396226,
    "f1-score": 0.7642679900744417,
    "support": 212.0
  },
  "X": {
    "precision": 0.7786259541984732,
    "recall": 0.918918918918919,
    "f1-score": 0.8429752066115701,
    "support": 111.0
  },
  "accuracy": 0.6536643026004728,
  "macro avg": {
    "precision": 0.6654037855329256,
    "recall": 0.671408165897195,
    "f1-score": 0.6634136883677532,
    "support": 846.0
  },
  "weighted avg": {
    "precision": 0.6477448057104547,
    "recall": 0.6536643026004728,
    "f1-score": 0.6462378699145302,
    "support": 846.0
  }
}