{
  "R": {
    "precision": 0.6526946107784432,
    "recall": 0.7124183006535948,
    "f1-score": 0.68125,
    "support": 153.0
  },
  "C": {
    "precision": 0.5847457627118644,
    "recall": 0.6052631578947368,
    "f1-score": 0.5948275862068965,
    "support": 114.0
  },
  "V": {
    "precision": 0.7142857142857143,
    "recall": 0.6818181818181818,
    "f1-score": 0.6976744186046512,
    "support": 66.0
  },
  "X": {
    "precision": 1.0,
    "recall": 0.7,
    "f1-score": 0.8235294117647058,
    "support": 50.0
  },
  "accuracy": 0.6736292428198434,
  "macro avg": {
    "precision": 0.7379315219440055,
    "recall": 0.6748749100916283,
    "f1-score": 0.6993203541440633,
    "support": 383.0
  },
  "weighted avg": {
    "precision": 0.6884233669480718,
    "recall": 0.6736292428198434,
    "f1-score": 0.6769310105580378,
    "support": 383.0
  }
}