{
  "R": {
    "precision": 0.6051282051282051,
    "recall": 0.7712418300653595,
    "f1-score": 0.6781609195402298,
    "support": 153.0
  },
  "C": {
    "precision": 0.6166666666666667,
    "recall": 0.6491228070175439,
    "f1-score": 0.6324786324786326,
    "support": 114.0
  },
  "V": {
    "precision": 0.75,
    "recall": 0.4090909090909091,
    "f1-score": 0.5294117647058824,
    "support": 66.0
  },
  "X": {
    "precision": 0.96875,
    "recall": 0.62,
    "f1-score": 0.7560975609756097,
    "support": 50.0
  },
  "accuracy": 0.6527415143603134,
  "macro avg": {
    "precision": 0.735136217948718,
    "recall": 0.6123638865434532,
    "f1-score": 0.6490372194250885,
    "support": 383.0
  },
  "weighted avg": {
    "precision": 0.6809976902992568,
    "recall": 0.6527415143603134,
    "f1-score": 0.649105063476731,
    "support": 383.0
  }
}