{
  "R": {
    "precision": 0.7142857142857143,
    "recall": 0.6862745098039216,
    "f1-score": 0.7000000000000001,
    "support": 153.0
  },
  "C": {
    "precision": 0.6228070175438597,
    "recall": 0.6228070175438597,
    "f1-score": 0.6228070175438597,
    "support": 114.0
  },
  "V": {
    "precision": 0.7575757575757576,
    "recall": 0.7575757575757576,
    "f1-score": 0.7575757575757576,
    "support": 66.0
  },
  "X": {
    "precision": 0.625,
    "recall": 0.7,
    "f1-score": 0.6603773584905661,
    "support": 50.0
  },
  "accuracy": 0.6814621409921671,
  "macro avg": {
    "precision": 0.679917122351333,
    "recall": 0.6916643212308848,
    "f1-score": 0.6851900334025459,
    "support": 383.0
  },
  "weighted avg": {
    "precision": 0.6828608728086535,
    "recall": 0.6814621409921671,
    "f1-score": 0.681772501108429,
    "support": 383.0
  }
}