{
  "R": {
    "precision": 0.6196319018404908,
    "recall": 0.6601307189542484,
    "f1-score": 0.6392405063291139,
    "support": 153.0
  },
  "C": {
    "precision": 0.6039603960396039,
    "recall": 0.5350877192982456,
    "f1-score": 0.5674418604651162,
    "support": 114.0
  },
  "V": {
    "precision": 0.6296296296296297,
    "recall": 0.7727272727272727,
    "f1-score": 0.6938775510204083,
    "support": 66.0
  },
  "X": {
    "precision": 0.9210526315789473,
    "recall": 0.7,
    "f1-score": 0.7954545454545453,
    "support": 50.0
  },
  "accuracy": 0.6475195822454308,
  "macro avg": {
    "precision": 0.693568639772168,
    "recall": 0.6669864277449417,
    "f1-score": 0.674003615817296,
    "support": 383.0
  },
  "weighted avg": {
    "precision": 0.656040086852775,
    "recall": 0.6475195822454308,
    "f1-score": 0.6476783686721981,
    "support": 383.0
  }
}