{
  "R": {
    "precision": 0.5454545454545454,
    "recall": 0.7843137254901961,
    "f1-score": 0.64343163538874,
    "support": 153.0
  },
  "C": {
    "precision": 0.647887323943662,
    "recall": 0.40350877192982454,
    "f1-score": 0.4972972972972973,
    "support": 114.0
  },
  "V": {
    "precision": 0.660377358490566,
    "recall": 0.5303030303030303,
    "f1-score": 0.588235294117647,
    "support": 66.0
  },
  "X": {
    "precision": 0.8974358974358975,
    "recall": 0.7,
    "f1-score": 0.7865168539325842,
    "support": 50.0
  },
  "accuracy": 0.6161879895561357,
  "macro avg": {
    "precision": 0.6877887813311677,
    "recall": 0.6045313819307627,
    "f1-score": 0.6288702701840672,
    "support": 383.0
  },
  "weighted avg": {
    "precision": 0.6416981747161753,
    "recall": 0.6161879895561357,
    "f1-score": 0.6091026219706607,
    "support": 383.0
  }
}