{
  "R": {
    "precision": 0.5344827586206896,
    "recall": 0.6078431372549019,
    "f1-score": 0.5688073394495412,
    "support": 153.0
  },
  "C": {
    "precision": 0.4953271028037383,
    "recall": 0.4649122807017544,
    "f1-score": 0.4796380090497737,
    "support": 114.0
  },
  "V": {
    "precision": 0.38666666666666666,
    "recall": 0.4393939393939394,
    "f1-score": 0.41134751773049644,
    "support": 66.0
  },
  "X": {
    "precision": 0.7777777777777778,
    "recall": 0.42,
    "f1-score": 0.5454545454545454,
    "support": 50.0
  },
  "accuracy": 0.5117493472584856,
  "macro avg": {
    "precision": 0.5485635764672181,
    "recall": 0.4830373393376489,
    "f1-score": 0.5013118529210892,
    "support": 383.0
  },
  "weighted avg": {
    "precision": 0.5291175996801059,
    "recall": 0.5117493472584856,
    "f1-score": 0.5120833404971125,
    "support": 383.0
  }
}