{
  "R": {
    "precision": 0.5704845814977973,
    "recall": 0.7685459940652819,
    "f1-score": 0.6548672566371682,
    "support": 337.0
  },
  "C": {
    "precision": 0.5333333333333333,
    "recall": 0.17204301075268819,
    "f1-score": 0.2601626016260163,
    "support": 186.0
  },
  "V": {
    "precision": 0.7292817679558011,
    "recall": 0.616822429906542,
    "f1-score": 0.6683544303797468,
    "support": 214.0
  },
  "X": {
    "precision": 0.6862745098039216,
    "recall": 0.9459459459459459,
    "f1-score": 0.7954545454545455,
    "support": 111.0
  },
  "accuracy": 0.6226415094339622,
  "macro avg": {
    "precision": 0.6298435481477134,
    "recall": 0.6258393451676145,
    "f1-score": 0.5947097085243692,
    "support": 848.0
  },
  "weighted avg": {
    "precision": 0.6175661236975641,
    "recall": 0.6226415094339622,
    "f1-score": 0.5900988349479777,
    "support": 848.0
  }
}