{
  "R": {
    "precision": 0.5176991150442478,
    "recall": 0.7647058823529411,
    "f1-score": 0.6174142480211082,
    "support": 153.0
  },
  "C": {
    "precision": 0.6388888888888888,
    "recall": 0.40350877192982454,
    "f1-score": 0.49462365591397844,
    "support": 114.0
  },
  "V": {
    "precision": 0.5681818181818182,
    "recall": 0.3787878787878788,
    "f1-score": 0.4545454545454546,
    "support": 66.0
  },
  "X": {
    "precision": 0.7317073170731707,
    "recall": 0.6,
    "f1-score": 0.6593406593406594,
    "support": 50.0
  },
  "accuracy": 0.5691906005221932,
  "macro avg": {
    "precision": 0.6141192847970314,
    "recall": 0.5367506332676611,
    "f1-score": 0.5564810044553001,
    "support": 383.0
  },
  "weighted avg": {
    "precision": 0.5904090438348871,
    "recall": 0.5691906005221932,
    "f1-score": 0.5582728712492325,
    "support": 383.0
  }
}