{
  "R": {
    "precision": 0.75,
    "recall": 0.7450980392156863,
    "f1-score": 0.7475409836065574,
    "support": 153.0
  },
  "C": {
    "precision": 0.5985915492957746,
    "recall": 0.7456140350877193,
    "f1-score": 0.6640625,
    "support": 114.0
  },
  "V": {
    "precision": 0.7931034482758621,
    "recall": 0.696969696969697,
    "f1-score": 0.7419354838709677,
    "support": 66.0
  },
  "X": {
    "precision": 1.0,
    "recall": 0.62,
    "f1-score": 0.7654320987654321,
    "support": 50.0
  },
  "accuracy": 0.720626631853786,
  "macro avg": {
    "precision": 0.7854237493929092,
    "recall": 0.7019204428182757,
    "f1-score": 0.7297427665607392,
    "support": 383.0
  },
  "weighted avg": {
    "precision": 0.7449980788666454,
    "recall": 0.720626631853786,
    "f1-score": 0.7240632959936261,
    "support": 383.0
  }
}