{
  "R": {
    "precision": 0.5555555555555556,
    "recall": 0.6209150326797386,
    "f1-score": 0.5864197530864198,
    "support": 153.0
  },
  "C": {
    "precision": 0.5811965811965812,
    "recall": 0.5964912280701754,
    "f1-score": 0.5887445887445888,
    "support": 114.0
  },
  "V": {
    "precision": 0.6724137931034483,
    "recall": 0.5909090909090909,
    "f1-score": 0.6290322580645162,
    "support": 66.0
  },
  "X": {
    "precision": 0.7837837837837838,
    "recall": 0.58,
    "f1-score": 0.6666666666666666,
    "support": 50.0
  },
  "accuracy": 0.6031331592689295,
  "macro avg": {
    "precision": 0.6482374284098422,
    "recall": 0.5970788379147512,
    "f1-score": 0.6177158166405479,
    "support": 383.0
  },
  "weighted avg": {
    "precision": 0.6131198689045093,
    "recall": 0.6031331592689295,
    "f1-score": 0.604930986174143,
    "support": 383.0
  }
}