{
  "R": {
    "precision": 0.4854771784232365,
    "recall": 0.7647058823529411,
    "f1-score": 0.5939086294416243,
    "support": 153.0
  },
  "C": {
    "precision": 0.5733333333333334,
    "recall": 0.37719298245614036,
    "f1-score": 0.45502645502645506,
    "support": 114.0
  },
  "V": {
    "precision": 0.6333333333333333,
    "recall": 0.2878787878787879,
    "f1-score": 0.39583333333333337,
    "support": 66.0
  },
  "X": {
    "precision": 0.8648648648648649,
    "recall": 0.64,
    "f1-score": 0.7356321839080459,
    "support": 50.0
  },
  "accuracy": 0.5509138381201044,
  "macro avg": {
    "precision": 0.639252177488692,
    "recall": 0.5174444131719673,
    "f1-score": 0.5451001504273647,
    "support": 383.0
  },
  "weighted avg": {
    "precision": 0.5866351215195781,
    "recall": 0.5509138381201044,
    "f1-score": 0.536939021861584,
    "support": 383.0
  }
}