{
  "R": {
    "precision": 0.75,
    "recall": 0.7477744807121661,
    "f1-score": 0.7488855869242198,
    "support": 337.0
  },
  "C": {
    "precision": 0.5921787709497207,
    "recall": 0.5698924731182796,
    "f1-score": 0.5808219178082192,
    "support": 186.0
  },
  "V": {
    "precision": 0.7897435897435897,
    "recall": 0.719626168224299,
    "f1-score": 0.7530562347188262,
    "support": 214.0
  },
  "X": {
    "precision": 0.7608695652173914,
    "recall": 0.9459459459459459,
    "f1-score": 0.8433734939759038,
    "support": 111.0
  },
  "accuracy": 0.7275943396226415,
  "macro avg": {
    "precision": 0.7231979814776754,
    "recall": 0.7458097670001728,
    "f1-score": 0.7315343083567922,
    "support": 848.0
  },
  "weighted avg": {
    "precision": 0.72683596856239,
    "recall": 0.7275943396226415,
    "f1-score": 0.7254431740176238,
    "support": 848.0
  }
}