{
  "R": {
    "precision": 0.7389937106918238,
    "recall": 0.6973293768545994,
    "f1-score": 0.7175572519083969,
    "support": 337.0
  },
  "C": {
    "precision": 0.6019417475728155,
    "recall": 0.6666666666666666,
    "f1-score": 0.6326530612244897,
    "support": 186.0
  },
  "V": {
    "precision": 0.8216216216216217,
    "recall": 0.7102803738317757,
    "f1-score": 0.7619047619047619,
    "support": 214.0
  },
  "X": {
    "precision": 0.7482014388489209,
    "recall": 0.9369369369369369,
    "f1-score": 0.8320000000000001,
    "support": 111.0
  },
  "accuracy": 0.7252358490566038,
  "macro avg": {
    "precision": 0.7276896296837954,
    "recall": 0.7528033385724946,
    "f1-score": 0.736028768759412,
    "support": 848.0
  },
  "weighted avg": {
    "precision": 0.7309898965695113,
    "recall": 0.7252358490566038,
    "f1-score": 0.7251059933119149,
    "support": 848.0
  }
}