{
  "R": {
    "precision": 0.49568221070811747,
    "recall": 0.8516320474777448,
    "f1-score": 0.6266375545851528,
    "support": 337.0
  },
  "C": {
    "precision": 0.0,
    "recall": 0.0,
    "f1-score": 0.0,
    "support": 186.0
  },
  "V": {
    "precision": 0.6554054054054054,
    "recall": 0.45754716981132076,
    "f1-score": 0.5388888888888889,
    "support": 212.0
  },
  "X": {
    "precision": 0.7647058823529411,
    "recall": 0.8198198198198198,
    "f1-score": 0.7913043478260868,
    "support": 111.0
  },
  "accuracy": 0.5614657210401891,
  "macro avg": {
    "precision": 0.478948374616616,
    "recall": 0.5322497592772213,
    "f1-score": 0.48920769782503215,
    "support": 846.0
  },
  "weighted avg": {
    "precision": 0.46202506370656976,
    "recall": 0.5614657210401891,
    "f1-score": 0.4884823675512253,
    "support": 846.0
  }
}