{
  "R": {
    "precision": 0.41543026706231456,
    "recall": 0.9150326797385621,
    "f1-score": 0.5714285714285714,
    "support": 153.0
  },
  "C": {
    "precision": 0.42857142857142855,
    "recall": 0.02631578947368421,
    "f1-score": 0.04958677685950413,
    "support": 114.0
  },
  "V": {
    "precision": 0.1875,
    "recall": 0.045454545454545456,
    "f1-score": 0.07317073170731707,
    "support": 66.0
  },
  "X": {
    "precision": 0.0,
    "recall": 0.0,
    "f1-score": 0.0,
    "support": 50.0
  },
  "accuracy": 0.381201044386423,
  "macro avg": {
    "precision": 0.25787542390843576,
    "recall": 0.24670075366669791,
    "f1-score": 0.17354651999884813,
    "support": 383.0
  },
  "weighted avg": {
    "precision": 0.325830218584013,
    "recall": 0.381201044386423,
    "f1-score": 0.2556415986507515,
    "support": 383.0
  }
}