{
  "R": {
    "precision": 0.4134275618374558,
    "recall": 0.7647058823529411,
    "f1-score": 0.536697247706422,
    "support": 153.0
  },
  "C": {
    "precision": 0.46,
    "recall": 0.40350877192982454,
    "f1-score": 0.42990654205607476,
    "support": 114.0
  },
  "V": {
    "precision": 0.0,
    "recall": 0.0,
    "f1-score": 0.0,
    "support": 66.0
  },
  "X": {
    "precision": 0.0,
    "recall": 0.0,
    "f1-score": 0.0,
    "support": 50.0
  },
  "accuracy": 0.4255874673629243,
  "macro avg": {
    "precision": 0.21835689045936396,
    "recall": 0.2920536635706914,
    "f1-score": 0.2416509474406242,
    "support": 383.0
  },
  "weighted avg": {
    "precision": 0.302074195720968,
    "recall": 0.4255874673629243,
    "f1-score": 0.3423603777897522,
    "support": 383.0
  }
}