{
  "R": {
    "precision": 0.7414330218068536,
    "recall": 0.7062314540059347,
    "f1-score": 0.7234042553191489,
    "support": 337.0
  },
  "C": {
    "precision": 0.6149732620320856,
    "recall": 0.6182795698924731,
    "f1-score": 0.6166219839142091,
    "support": 186.0
  },
  "V": {
    "precision": 0.7219730941704036,
    "recall": 0.7594339622641509,
    "f1-score": 0.7402298850574712,
    "support": 212.0
  },
  "X": {
    "precision": 0.8956521739130435,
    "recall": 0.9279279279279279,
    "f1-score": 0.911504424778761,
    "support": 111.0
  },
  "accuracy": 0.7293144208037825,
  "macro avg": {
    "precision": 0.7435078879805966,
    "recall": 0.7529682285226217,
    "f1-score": 0.7479401372673975,
    "support": 846.0
  },
  "weighted avg": {
    "precision": 0.7289877569212185,
    "recall": 0.7293144208037825,
    "f1-score": 0.7288234631598374,
    "support": 846.0
  }
}