{
  "R": {
    "precision": 0.5850622406639004,
    "recall": 0.8367952522255193,
    "f1-score": 0.6886446886446888,
    "support": 337.0
  },
  "C": {
    "precision": 0.6046511627906976,
    "recall": 0.13978494623655913,
    "f1-score": 0.22707423580786026,
    "support": 186.0
  },
  "V": {
    "precision": 0.7512953367875648,
    "recall": 0.6839622641509434,
    "f1-score": 0.7160493827160493,
    "support": 212.0
  },
  "X": {
    "precision": 0.7734375,
    "recall": 0.8918918918918919,
    "f1-score": 0.8284518828451882,
    "support": 111.0
  },
  "accuracy": 0.6524822695035462,
  "macro avg": {
    "precision": 0.6786115600605407,
    "recall": 0.6381085886262284,
    "f1-score": 0.6150550475034466,
    "support": 846.0
  },
  "weighted avg": {
    "precision": 0.6557414483236027,
    "recall": 0.6524822695035462,
    "f1-score": 0.6123755272637593,
    "support": 846.0
  }
}