{
  "R": {
    "precision": 0.527363184079602,
    "recall": 0.6928104575163399,
    "f1-score": 0.5988700564971752,
    "support": 153.0
  },
  "C": {
    "precision": 0.6049382716049383,
    "recall": 0.4298245614035088,
    "f1-score": 0.5025641025641027,
    "support": 114.0
  },
  "V": {
    "precision": 0.5517241379310345,
    "recall": 0.48484848484848486,
    "f1-score": 0.5161290322580646,
    "support": 66.0
  },
  "X": {
    "precision": 0.7209302325581395,
    "recall": 0.62,
    "f1-score": 0.6666666666666666,
    "support": 50.0
  },
  "accuracy": 0.5691906005221932,
  "macro avg": {
    "precision": 0.6012389565434286,
    "recall": 0.5568708759420834,
    "f1-score": 0.5710574644965022,
    "support": 383.0
  },
  "weighted avg": {
    "precision": 0.5799212398394186,
    "recall": 0.5691906005221932,
    "f1-score": 0.5647970647486713,
    "support": 383.0
  }
}