{
  "R": {
    "precision": 0.5707070707070707,
    "recall": 0.738562091503268,
    "f1-score": 0.6438746438746439,
    "support": 153.0
  },
  "C": {
    "precision": 0.6708860759493671,
    "recall": 0.4649122807017544,
    "f1-score": 0.5492227979274612,
    "support": 114.0
  },
  "V": {
    "precision": 0.6956521739130435,
    "recall": 0.48484848484848486,
    "f1-score": 0.5714285714285715,
    "support": 66.0
  },
  "X": {
    "precision": 0.5,
    "recall": 0.6,
    "f1-score": 0.5454545454545454,
    "support": 50.0
  },
  "accuracy": 0.5953002610966057,
  "macro avg": {
    "precision": 0.6093113301423703,
    "recall": 0.5720807142633768,
    "f1-score": 0.5774951396713055,
    "support": 383.0
  },
  "weighted avg": {
    "precision": 0.6128256865657195,
    "recall": 0.5953002610966057,
    "f1-score": 0.5903687531685747,
    "support": 383.0
  }
}