{
  "R": {
    "precision": 0.5,
    "recall": 0.7908496732026143,
    "f1-score": 0.6126582278481013,
    "support": 153.0
  },
  "C": {
    "precision": 0.5897435897435898,
    "recall": 0.40350877192982454,
    "f1-score": 0.47916666666666663,
    "support": 114.0
  },
  "V": {
    "precision": 0.7419354838709677,
    "recall": 0.3484848484848485,
    "f1-score": 0.4742268041237114,
    "support": 66.0
  },
  "X": {
    "precision": 1.0,
    "recall": 0.64,
    "f1-score": 0.7804878048780487,
    "support": 50.0
  },
  "accuracy": 0.5796344647519582,
  "macro avg": {
    "precision": 0.7079197684036393,
    "recall": 0.5457108234043219,
    "f1-score": 0.586634875879132,
    "support": 383.0
  },
  "weighted avg": {
    "precision": 0.6336775748466138,
    "recall": 0.5796344647519582,
    "f1-score": 0.5709792902789214,
    "support": 383.0
  }
}