{
  "R": {
    "precision": 0.6494252873563219,
    "recall": 0.738562091503268,
    "f1-score": 0.6911314984709481,
    "support": 153.0
  },
  "C": {
    "precision": 0.5871559633027523,
    "recall": 0.5614035087719298,
    "f1-score": 0.5739910313901345,
    "support": 114.0
  },
  "V": {
    "precision": 0.6865671641791045,
    "recall": 0.696969696969697,
    "f1-score": 0.6917293233082707,
    "support": 66.0
  },
  "X": {
    "precision": 0.9696969696969697,
    "recall": 0.64,
    "f1-score": 0.7710843373493975,
    "support": 50.0
  },
  "accuracy": 0.6657963446475196,
  "macro avg": {
    "precision": 0.723211346133787,
    "recall": 0.6592338243112237,
    "f1-score": 0.6819840476296877,
    "support": 383.0
  },
  "weighted avg": {
    "precision": 0.6791021673699749,
    "recall": 0.6657963446475196,
    "f1-score": 0.6668053500009037,
    "support": 383.0
  }
}