{
  "R": {
    "precision": 0.6628571428571428,
    "recall": 0.7581699346405228,
    "f1-score": 0.7073170731707317,
    "support": 153.0
  },
  "C": {
    "precision": 0.6407766990291263,
    "recall": 0.5789473684210527,
    "f1-score": 0.608294930875576,
    "support": 114.0
  },
  "V": {
    "precision": 0.7352941176470589,
    "recall": 0.7575757575757576,
    "f1-score": 0.746268656716418,
    "support": 66.0
  },
  "X": {
    "precision": 0.9459459459459459,
    "recall": 0.7,
    "f1-score": 0.8045977011494254,
    "support": 50.0
  },
  "accuracy": 0.6971279373368147,
  "macro avg": {
    "precision": 0.7462184763698185,
    "recall": 0.6986732651593333,
    "f1-score": 0.7166195904780377,
    "support": 383.0
  },
  "weighted avg": {
    "precision": 0.7057242705181892,
    "recall": 0.6971279373368147,
    "f1-score": 0.6972552238007635,
    "support": 383.0
  }
}