{
  "R": {
    "precision": 0.5010060362173038,
    "recall": 0.7388724035608308,
    "f1-score": 0.5971223021582733,
    "support": 337.0
  },
  "C": {
    "precision": 0.5217391304347826,
    "recall": 0.06451612903225806,
    "f1-score": 0.11483253588516745,
    "support": 186.0
  },
  "V": {
    "precision": 0.5431034482758621,
    "recall": 0.5915492957746479,
    "f1-score": 0.5662921348314606,
    "support": 213.0
  },
  "X": {
    "precision": 0.6344086021505376,
    "recall": 0.5412844036697247,
    "f1-score": 0.5841584158415841,
    "support": 109.0
  },
  "accuracy": 0.527810650887574,
  "macro avg": {
    "precision": 0.5500643042696215,
    "recall": 0.4840555580093654,
    "f1-score": 0.4656013471791214,
    "support": 845.0
  },
  "weighted avg": {
    "precision": 0.5333894492109682,
    "recall": 0.527810650887574,
    "f1-score": 0.48151782195007464,
    "support": 845.0
  }
}