{
  "R": {
    "precision": 0.49278846153846156,
    "recall": 0.6083086053412463,
    "f1-score": 0.5444887118193892,
    "support": 337.0
  },
  "C": {
    "precision": 0.4666666666666667,
    "recall": 0.15053763440860216,
    "f1-score": 0.22764227642276424,
    "support": 186.0
  },
  "V": {
    "precision": 0.5042372881355932,
    "recall": 0.5613207547169812,
    "f1-score": 0.53125,
    "support": 212.0
  },
  "X": {
    "precision": 0.7014925373134329,
    "recall": 0.8468468468468469,
    "f1-score": 0.7673469387755102,
    "support": 111.0
  },
  "accuracy": 0.5271867612293144,
  "macro avg": {
    "precision": 0.5412962384135386,
    "recall": 0.5417534603284191,
    "f1-score": 0.5176819817544159,
    "support": 846.0
  },
  "weighted avg": {
    "precision": 0.5172975038593361,
    "recall": 0.5271867612293144,
    "f1-score": 0.5007502003567967,
    "support": 846.0
  }
}