{
  "R": {
    "precision": 0.4542124542124542,
    "recall": 0.8104575163398693,
    "f1-score": 0.5821596244131456,
    "support": 153.0
  },
  "C": {
    "precision": 0.47435897435897434,
    "recall": 0.32456140350877194,
    "f1-score": 0.3854166666666667,
    "support": 114.0
  },
  "V": {
    "precision": 0.0,
    "recall": 0.0,
    "f1-score": 0.0,
    "support": 66.0
  },
  "X": {
    "precision": 0.9375,
    "recall": 0.6,
    "f1-score": 0.7317073170731707,
    "support": 50.0
  },
  "accuracy": 0.49869451697127937,
  "macro avg": {
    "precision": 0.46651785714285715,
    "recall": 0.43375472996216036,
    "f1-score": 0.42482090203824574,
    "support": 383.0
  },
  "weighted avg": {
    "precision": 0.445029839612085,
    "recall": 0.49869451697127937,
    "f1-score": 0.4428023195531849,
    "support": 383.0
  }
}