{
  "R": {
    "precision": 0.6123595505617978,
    "recall": 0.7124183006535948,
    "f1-score": 0.6586102719033234,
    "support": 153.0
  },
  "C": {
    "precision": 0.6320754716981132,
    "recall": 0.5877192982456141,
    "f1-score": 0.6090909090909091,
    "support": 114.0
  },
  "V": {
    "precision": 0.5614035087719298,
    "recall": 0.48484848484848486,
    "f1-score": 0.5203252032520325,
    "support": 66.0
  },
  "X": {
    "precision": 0.6904761904761905,
    "recall": 0.58,
    "f1-score": 0.6304347826086957,
    "support": 50.0
  },
  "accuracy": 0.618798955613577,
  "macro avg": {
    "precision": 0.6240786803770078,
    "recall": 0.5912465209369234,
    "f1-score": 0.6046152917137402,
    "support": 383.0
  },
  "weighted avg": {
    "precision": 0.6196450551234904,
    "recall": 0.618798955613577,
    "f1-score": 0.616362761834572,
    "support": 383.0
  }
}