{
  "R": {
    "precision": 0.4979919678714859,
    "recall": 0.8104575163398693,
    "f1-score": 0.6169154228855721,
    "support": 153.0
  },
  "C": {
    "precision": 0.6428571428571429,
    "recall": 0.39473684210526316,
    "f1-score": 0.4891304347826087,
    "support": 114.0
  },
  "V": {
    "precision": 0.6333333333333333,
    "recall": 0.2878787878787879,
    "f1-score": 0.39583333333333337,
    "support": 66.0
  },
  "X": {
    "precision": 0.8823529411764706,
    "recall": 0.6,
    "f1-score": 0.7142857142857143,
    "support": 50.0
  },
  "accuracy": 0.5691906005221932,
  "macro avg": {
    "precision": 0.6641338463096081,
    "recall": 0.52326828658098,
    "f1-score": 0.5540412263218072,
    "support": 383.0
  },
  "weighted avg": {
    "precision": 0.6146113118247395,
    "recall": 0.5691906005221932,
    "f1-score": 0.553494033892939,
    "support": 383.0
  }
}