{
  "R": {
    "precision": 0.5152671755725191,
    "recall": 0.8011869436201781,
    "f1-score": 0.627177700348432,
    "support": 337.0
  },
  "C": {
    "precision": 0.6470588235294118,
    "recall": 0.11827956989247312,
    "f1-score": 0.2,
    "support": 186.0
  },
  "V": {
    "precision": 0.7189542483660131,
    "recall": 0.5164319248826291,
    "f1-score": 0.6010928961748634,
    "support": 213.0
  },
  "X": {
    "precision": 0.6268656716417911,
    "recall": 0.7706422018348624,
    "f1-score": 0.6913580246913581,
    "support": 109.0
  },
  "accuracy": 0.5751479289940828,
  "macro avg": {
    "precision": 0.6270364797774338,
    "recall": 0.5516351600575358,
    "f1-score": 0.5299071553036634,
    "support": 845.0
  },
  "weighted avg": {
    "precision": 0.6100160857459473,
    "recall": 0.5751479289940828,
    "f1-score": 0.5348517119455923,
    "support": 845.0
  }
}