{
  "R": {
    "precision": 0.5682730923694779,
    "recall": 0.8397626112759644,
    "f1-score": 0.6778443113772455,
    "support": 337.0
  },
  "C": {
    "precision": 0.631578947368421,
    "recall": 0.06451612903225806,
    "f1-score": 0.11707317073170732,
    "support": 186.0
  },
  "V": {
    "precision": 0.7487437185929648,
    "recall": 0.6962616822429907,
    "f1-score": 0.7215496368038741,
    "support": 214.0
  },
  "X": {
    "precision": 0.7575757575757576,
    "recall": 0.9009009009009009,
    "f1-score": 0.823045267489712,
    "support": 111.0
  },
  "accuracy": 0.6415094339622641,
  "macro avg": {
    "precision": 0.6765428789766553,
    "recall": 0.6253603308630286,
    "f1-score": 0.5848780966006347,
    "support": 848.0
  },
  "weighted avg": {
    "precision": 0.6524808740670329,
    "recall": 0.6415094339622641,
    "f1-score": 0.5848806481811514,
    "support": 848.0
  }
}