{
  "R": {
    "precision": 0.5862068965517241,
    "recall": 0.7777777777777778,
    "f1-score": 0.6685393258426966,
    "support": 153.0
  },
  "C": {
    "precision": 0.6785714285714286,
    "recall": 0.3333333333333333,
    "f1-score": 0.4470588235294118,
    "support": 114.0
  },
  "V": {
    "precision": 0.5142857142857142,
    "recall": 0.5454545454545454,
    "f1-score": 0.5294117647058822,
    "support": 66.0
  },
  "X": {
    "precision": 0.5185185185185185,
    "recall": 0.56,
    "f1-score": 0.5384615384615384,
    "support": 50.0
  },
  "accuracy": 0.577023498694517,
  "macro avg": {
    "precision": 0.5743956394818464,
    "recall": 0.5541414141414142,
    "f1-score": 0.5458678631348822,
    "support": 383.0
  },
  "weighted avg": {
    "precision": 0.592468880152323,
    "recall": 0.577023498694517,
    "f1-score": 0.5616592066056153,
    "support": 383.0
  }
}