{
  "R": {
    "precision": 0.6470588235294118,
    "recall": 0.5751633986928104,
    "f1-score": 0.6089965397923874,
    "support": 153.0
  },
  "C": {
    "precision": 0.5855855855855856,
    "recall": 0.5701754385964912,
    "f1-score": 0.5777777777777777,
    "support": 114.0
  },
  "V": {
    "precision": 0.47674418604651164,
    "recall": 0.6212121212121212,
    "f1-score": 0.5394736842105262,
    "support": 66.0
  },
  "X": {
    "precision": 0.6,
    "recall": 0.6,
    "f1-score": 0.6,
    "support": 50.0
  },
  "accuracy": 0.5848563968668408,
  "macro avg": {
    "precision": 0.5773471487903773,
    "recall": 0.5916377396253557,
    "f1-score": 0.5815620004451728,
    "support": 383.0
  },
  "weighted avg": {
    "precision": 0.593268598004769,
    "recall": 0.5848563968668408,
    "f1-score": 0.5865493483362837,
    "support": 383.0
  }
}