{
  "R": {
    "precision": 0.3867069486404834,
    "recall": 0.8366013071895425,
    "f1-score": 0.5289256198347108,
    "support": 153.0
  },
  "C": {
    "precision": 0.40384615384615385,
    "recall": 0.18421052631578946,
    "f1-score": 0.25301204819277107,
    "support": 114.0
  },
  "V": {
    "precision": 0.0,
    "recall": 0.0,
    "f1-score": 0.0,
    "support": 66.0
  },
  "X": {
    "precision": 0.0,
    "recall": 0.0,
    "f1-score": 0.0,
    "support": 50.0
  },
  "accuracy": 0.38903394255874674,
  "macro avg": {
    "precision": 0.1976382756216593,
    "recall": 0.255202958376333,
    "f1-score": 0.19548441700687047,
    "support": 383.0
  },
  "weighted avg": {
    "precision": 0.27468570412651566,
    "recall": 0.38903394255874674,
    "f1-score": 0.2866031157406962,
    "support": 383.0
  }
}