{
  "R": {
    "precision": 0.5061224489795918,
    "recall": 0.8104575163398693,
    "f1-score": 0.6231155778894472,
    "support": 153.0
  },
  "C": {
    "precision": 0.6307692307692307,
    "recall": 0.35964912280701755,
    "f1-score": 0.4581005586592179,
    "support": 114.0
  },
  "V": {
    "precision": 0.6875,
    "recall": 0.3333333333333333,
    "f1-score": 0.4489795918367347,
    "support": 66.0
  },
  "X": {
    "precision": 0.8048780487804879,
    "recall": 0.66,
    "f1-score": 0.7252747252747254,
    "support": 50.0
  },
  "accuracy": 0.5744125326370757,
  "macro avg": {
    "precision": 0.6573174321323276,
    "recall": 0.5408599931200551,
    "f1-score": 0.5638676134150313,
    "support": 383.0
  },
  "weighted avg": {
    "precision": 0.6134812779127787,
    "recall": 0.5744125326370757,
    "f1-score": 0.5573277713556057,
    "support": 383.0
  }
}