{
  "R": {
    "precision": 0.5116279069767442,
    "recall": 0.7189542483660131,
    "f1-score": 0.5978260869565217,
    "support": 153.0
  },
  "C": {
    "precision": 0.3333333333333333,
    "recall": 0.49122807017543857,
    "f1-score": 0.3971631205673759,
    "support": 114.0
  },
  "V": {
    "precision": 0.0,
    "recall": 0.0,
    "f1-score": 0.0,
    "support": 66.0
  },
  "X": {
    "precision": 0.0,
    "recall": 0.0,
    "f1-score": 0.0,
    "support": 50.0
  },
  "accuracy": 0.43342036553524804,
  "macro avg": {
    "precision": 0.21124031007751937,
    "recall": 0.3025455796353629,
    "f1-score": 0.2487473018809744,
    "support": 383.0
  },
  "weighted avg": {
    "precision": 0.3036007043536341,
    "recall": 0.43342036553524804,
    "f1-score": 0.3570339087442002,
    "support": 383.0
  }
}