{
  "R": {
    "precision": 0.672514619883041,
    "recall": 0.7516339869281046,
    "f1-score": 0.7098765432098765,
    "support": 153.0
  },
  "C": {
    "precision": 0.6106194690265486,
    "recall": 0.6052631578947368,
    "f1-score": 0.6079295154185022,
    "support": 114.0
  },
  "V": {
    "precision": 0.7017543859649122,
    "recall": 0.6060606060606061,
    "f1-score": 0.6504065040650407,
    "support": 66.0
  },
  "X": {
    "precision": 0.7619047619047619,
    "recall": 0.64,
    "f1-score": 0.6956521739130435,
    "support": 50.0
  },
  "accuracy": 0.6684073107049608,
  "macro avg": {
    "precision": 0.6866983091948159,
    "recall": 0.6507394377208618,
    "f1-score": 0.6659661841516157,
    "support": 383.0
  },
  "weighted avg": {
    "precision": 0.6707999579113684,
    "recall": 0.6684073107049608,
    "f1-score": 0.6674269290672721,
    "support": 383.0
  }
}