{
  "R": {
    "precision": 0.5757575757575758,
    "recall": 0.7450980392156863,
    "f1-score": 0.6495726495726497,
    "support": 153.0
  },
  "C": {
    "precision": 0.66,
    "recall": 0.5789473684210527,
    "f1-score": 0.616822429906542,
    "support": 114.0
  },
  "V": {
    "precision": 0.7272727272727273,
    "recall": 0.48484848484848486,
    "f1-score": 0.5818181818181818,
    "support": 66.0
  },
  "X": {
    "precision": 0.7073170731707317,
    "recall": 0.58,
    "f1-score": 0.6373626373626374,
    "support": 50.0
  },
  "accuracy": 0.6292428198433421,
  "macro avg": {
    "precision": 0.6675868440502587,
    "recall": 0.597223473121306,
    "f1-score": 0.6213939746650028,
    "support": 383.0
  },
  "weighted avg": {
    "precision": 0.6441168740194405,
    "recall": 0.6292428198433421,
    "f1-score": 0.6265548414153866,
    "support": 383.0
  }
}