{
  "R": {
    "precision": 0.49173553719008267,
    "recall": 0.7777777777777778,
    "f1-score": 0.6025316455696202,
    "support": 153.0
  },
  "C": {
    "precision": 0.5760869565217391,
    "recall": 0.4649122807017544,
    "f1-score": 0.5145631067961165,
    "support": 114.0
  },
  "V": {
    "precision": 1.0,
    "recall": 0.30303030303030304,
    "f1-score": 0.4651162790697675,
    "support": 66.0
  },
  "X": {
    "precision": 1.0,
    "recall": 0.58,
    "f1-score": 0.7341772151898733,
    "support": 50.0
  },
  "accuracy": 0.577023498694517,
  "macro avg": {
    "precision": 0.7669556234279554,
    "recall": 0.5314300903774588,
    "f1-score": 0.5790970616563443,
    "support": 383.0
  },
  "weighted avg": {
    "precision": 0.6707818543957204,
    "recall": 0.577023498694517,
    "f1-score": 0.5698539716057637,
    "support": 383.0
  }
}