{
  "R": {
    "precision": 0.7066666666666667,
    "recall": 0.6928104575163399,
    "f1-score": 0.6996699669966996,
    "support": 153.0
  },
  "C": {
    "precision": 0.5934959349593496,
    "recall": 0.6403508771929824,
    "f1-score": 0.6160337552742616,
    "support": 114.0
  },
  "V": {
    "precision": 0.7123287671232876,
    "recall": 0.7878787878787878,
    "f1-score": 0.7482014388489209,
    "support": 66.0
  },
  "X": {
    "precision": 0.9459459459459459,
    "recall": 0.7,
    "f1-score": 0.8045977011494254,
    "support": 50.0
  },
  "accuracy": 0.6945169712793734,
  "macro avg": {
    "precision": 0.7396093286738125,
    "recall": 0.7052600306470276,
    "f1-score": 0.7171257155673268,
    "support": 383.0
  },
  "weighted avg": {
    "precision": 0.705194601861097,
    "recall": 0.6945169712793734,
    "f1-score": 0.6968369009745715,
    "support": 383.0
  }
}