{
  "R": {
    "precision": 0.6781002638522428,
    "recall": 0.7626112759643917,
    "f1-score": 0.7178770949720671,
    "support": 337.0
  },
  "C": {
    "precision": 0.6370370370370371,
    "recall": 0.46236559139784944,
    "f1-score": 0.5358255451713395,
    "support": 186.0
  },
  "V": {
    "precision": 0.8090452261306532,
    "recall": 0.7594339622641509,
    "f1-score": 0.7834549878345498,
    "support": 212.0
  },
  "X": {
    "precision": 0.7669172932330827,
    "recall": 0.918918918918919,
    "f1-score": 0.8360655737704918,
    "support": 111.0
  },
  "accuracy": 0.7163120567375887,
  "macro avg": {
    "precision": 0.7227749550632538,
    "recall": 0.7258324371363277,
    "f1-score": 0.7183058004371121,
    "support": 846.0
  },
  "weighted avg": {
    "precision": 0.713539107914498,
    "recall": 0.7163120567375887,
    "f1-score": 0.7097918067575709,
    "support": 846.0
  }
}