{
  "R": {
    "precision": 0.6688741721854304,
    "recall": 0.6601307189542484,
    "f1-score": 0.6644736842105262,
    "support": 153.0
  },
  "C": {
    "precision": 0.6166666666666667,
    "recall": 0.6491228070175439,
    "f1-score": 0.6324786324786326,
    "support": 114.0
  },
  "V": {
    "precision": 0.7285714285714285,
    "recall": 0.7727272727272727,
    "f1-score": 0.75,
    "support": 66.0
  },
  "X": {
    "precision": 0.8095238095238095,
    "recall": 0.68,
    "f1-score": 0.7391304347826089,
    "support": 50.0
  },
  "accuracy": 0.6788511749347258,
  "macro avg": {
    "precision": 0.7059090192368338,
    "recall": 0.6904951996747662,
    "f1-score": 0.6965206878679419,
    "support": 383.0
  },
  "weighted avg": {
    "precision": 0.6819834284759154,
    "recall": 0.6788511749347258,
    "f1-score": 0.6794348812686816,
    "support": 383.0
  }
}