{
  "R": {
    "precision": 0.5689981096408318,
    "recall": 0.8931750741839762,
    "f1-score": 0.6951501154734411,
    "support": 337.0
  },
  "C": {
    "precision": 0.6818181818181818,
    "recall": 0.08064516129032258,
    "f1-score": 0.14423076923076922,
    "support": 186.0
  },
  "V": {
    "precision": 0.6684491978609626,
    "recall": 0.589622641509434,
    "f1-score": 0.6265664160401003,
    "support": 212.0
  },
  "X": {
    "precision": 0.9074074074074074,
    "recall": 0.8828828828828829,
    "f1-score": 0.8949771689497718,
    "support": 111.0
  },
  "accuracy": 0.6371158392434988,
  "macro avg": {
    "precision": 0.7066682241818458,
    "recall": 0.6115814399666539,
    "f1-score": 0.5902311174235206,
    "support": 846.0
  },
  "weighted avg": {
    "precision": 0.6631252918863929,
    "recall": 0.6371158392434988,
    "f1-score": 0.5830579881151285,
    "support": 846.0
  }
}