{
  "R": {
    "precision": 0.4794520547945205,
    "recall": 0.6862745098039216,
    "f1-score": 0.5645161290322581,
    "support": 153.0
  },
  "C": {
    "precision": 0.504424778761062,
    "recall": 0.5,
    "f1-score": 0.5022026431718061,
    "support": 114.0
  },
  "V": {
    "precision": 0.6363636363636364,
    "recall": 0.21212121212121213,
    "f1-score": 0.3181818181818182,
    "support": 66.0
  },
  "X": {
    "precision": 1.0,
    "recall": 0.58,
    "f1-score": 0.7341772151898733,
    "support": 50.0
  },
  "accuracy": 0.5352480417754569,
  "macro avg": {
    "precision": 0.6550601174798047,
    "recall": 0.49459893048128345,
    "f1-score": 0.5297694513939388,
    "support": 383.0
  },
  "weighted avg": {
    "precision": 0.5818814338441846,
    "recall": 0.5352480417754569,
    "f1-score": 0.5256682240809792,
    "support": 383.0
  }
}