{
  "R": {
    "precision": 0.7286821705426356,
    "recall": 0.6143790849673203,
    "f1-score": 0.6666666666666666,
    "support": 153.0
  },
  "C": {
    "precision": 0.5985915492957746,
    "recall": 0.7456140350877193,
    "f1-score": 0.6640625,
    "support": 114.0
  },
  "V": {
    "precision": 0.6538461538461539,
    "recall": 0.7727272727272727,
    "f1-score": 0.7083333333333333,
    "support": 66.0
  },
  "X": {
    "precision": 1.0,
    "recall": 0.68,
    "f1-score": 0.8095238095238095,
    "support": 50.0
  },
  "accuracy": 0.6892950391644909,
  "macro avg": {
    "precision": 0.745279968421141,
    "recall": 0.7031800981955781,
    "f1-score": 0.7121465773809523,
    "support": 383.0
  },
  "weighted avg": {
    "precision": 0.7124847385550593,
    "recall": 0.6892950391644909,
    "f1-score": 0.6917214503294791,
    "support": 383.0
  }
}