{
  "R": {
    "precision": 0.645320197044335,
    "recall": 0.7774480712166172,
    "f1-score": 0.7052489905787348,
    "support": 337.0
  },
  "C": {
    "precision": 0.6363636363636364,
    "recall": 0.3763440860215054,
    "f1-score": 0.4729729729729729,
    "support": 186.0
  },
  "V": {
    "precision": 0.7966101694915254,
    "recall": 0.6650943396226415,
    "f1-score": 0.724935732647815,
    "support": 212.0
  },
  "X": {
    "precision": 0.6666666666666666,
    "recall": 0.918918918918919,
    "f1-score": 0.7727272727272727,
    "support": 111.0
  },
  "accuracy": 0.6796690307328606,
  "macro avg": {
    "precision": 0.6862401673915408,
    "recall": 0.6844513539449207,
    "f1-score": 0.6689712422316989,
    "support": 846.0
  },
  "weighted avg": {
    "precision": 0.684063710047022,
    "recall": 0.6796690307328606,
    "f1-score": 0.6679680678393269,
    "support": 846.0
  }
}