{
  "R": {
    "precision": 0.40105540897097625,
    "recall": 0.9934640522875817,
    "f1-score": 0.5714285714285714,
    "support": 153.0
  },
  "C": {
    "precision": 0.0,
    "recall": 0.0,
    "f1-score": 0.0,
    "support": 114.0
  },
  "V": {
    "precision": 0.0,
    "recall": 0.0,
    "f1-score": 0.0,
    "support": 66.0
  },
  "X": {
    "precision": 0.0,
    "recall": 0.0,
    "f1-score": 0.0,
    "support": 50.0
  },
  "accuracy": 0.3968668407310705,
  "macro avg": {
    "precision": 0.10026385224274406,
    "recall": 0.24836601307189543,
    "f1-score": 0.14285714285714285,
    "support": 383.0
  },
  "weighted avg": {
    "precision": 0.1602127351763952,
    "recall": 0.3968668407310705,
    "f1-score": 0.22827303245057814,
    "support": 383.0
  }
}