{
  "R": {
    "precision": 0.70625,
    "recall": 0.738562091503268,
    "f1-score": 0.7220447284345048,
    "support": 153.0
  },
  "C": {
    "precision": 0.6228070175438597,
    "recall": 0.6228070175438597,
    "f1-score": 0.6228070175438597,
    "support": 114.0
  },
  "V": {
    "precision": 0.704225352112676,
    "recall": 0.7575757575757576,
    "f1-score": 0.7299270072992701,
    "support": 66.0
  },
  "X": {
    "precision": 0.9473684210526315,
    "recall": 0.72,
    "f1-score": 0.8181818181818181,
    "support": 50.0
  },
  "accuracy": 0.7049608355091384,
  "macro avg": {
    "precision": 0.7451626976772918,
    "recall": 0.7097362166557213,
    "f1-score": 0.7232401428648632,
    "support": 383.0
  },
  "weighted avg": {
    "precision": 0.7125418911020057,
    "recall": 0.7049608355091384,
    "f1-score": 0.706415448671859,
    "support": 383.0
  }
}