{
  "R": {
    "precision": 0.5107296137339056,
    "recall": 0.7777777777777778,
    "f1-score": 0.6165803108808291,
    "support": 153.0
  },
  "C": {
    "precision": 0.647887323943662,
    "recall": 0.40350877192982454,
    "f1-score": 0.4972972972972973,
    "support": 114.0
  },
  "V": {
    "precision": 0.696969696969697,
    "recall": 0.3484848484848485,
    "f1-score": 0.4646464646464647,
    "support": 66.0
  },
  "X": {
    "precision": 0.8043478260869565,
    "recall": 0.74,
    "f1-score": 0.7708333333333333,
    "support": 50.0
  },
  "accuracy": 0.587467362924282,
  "macro avg": {
    "precision": 0.6649836151835553,
    "recall": 0.5674428495481127,
    "f1-score": 0.5873393515394811,
    "support": 383.0
  },
  "weighted avg": {
    "precision": 0.6219795747655688,
    "recall": 0.587467362924282,
    "f1-score": 0.5750313649869244,
    "support": 383.0
  }
}