{
  "R": {
    "precision": 0.6993865030674846,
    "recall": 0.7450980392156863,
    "f1-score": 0.7215189873417721,
    "support": 153.0
  },
  "C": {
    "precision": 0.7058823529411765,
    "recall": 0.631578947368421,
    "f1-score": 0.6666666666666667,
    "support": 114.0
  },
  "V": {
    "precision": 0.6753246753246753,
    "recall": 0.7878787878787878,
    "f1-score": 0.7272727272727273,
    "support": 66.0
  },
  "X": {
    "precision": 0.8292682926829268,
    "recall": 0.68,
    "f1-score": 0.7472527472527474,
    "support": 50.0
  },
  "accuracy": 0.7101827676240209,
  "macro avg": {
    "precision": 0.7274654560040659,
    "recall": 0.7111389436157238,
    "f1-score": 0.7156777821334783,
    "support": 383.0
  },
  "weighted avg": {
    "precision": 0.714129416214606,
    "recall": 0.7101827676240209,
    "f1-score": 0.7095431917126072,
    "support": 383.0
  }
}