{
  "R": {
    "precision": 0.5186915887850467,
    "recall": 0.7254901960784313,
    "f1-score": 0.6049046321525886,
    "support": 153.0
  },
  "C": {
    "precision": 0.62,
    "recall": 0.543859649122807,
    "f1-score": 0.5794392523364487,
    "support": 114.0
  },
  "V": {
    "precision": 0.75,
    "recall": 0.22727272727272727,
    "f1-score": 0.34883720930232553,
    "support": 66.0
  },
  "X": {
    "precision": 0.6122448979591837,
    "recall": 0.6,
    "f1-score": 0.6060606060606062,
    "support": 50.0
  },
  "accuracy": 0.5691906005221932,
  "macro avg": {
    "precision": 0.6252341216860575,
    "recall": 0.5241556431184914,
    "f1-score": 0.5348104249629922,
    "support": 383.0
  },
  "weighted avg": {
    "precision": 0.6009192114414396,
    "recall": 0.5691906005221932,
    "f1-score": 0.5533492678921279,
    "support": 383.0
  }
}