{
  "R": {
    "precision": 0.4410994764397906,
    "recall": 1.0,
    "f1-score": 0.6121707538601271,
    "support": 337.0
  },
  "C": {
    "precision": 0.0,
    "recall": 0.0,
    "f1-score": 0.0,
    "support": 186.0
  },
  "V": {
    "precision": 0.0,
    "recall": 0.0,
    "f1-score": 0.0,
    "support": 212.0
  },
  "X": {
    "precision": 1.0,
    "recall": 0.7387387387387387,
    "f1-score": 0.8497409326424871,
    "support": 111.0
  },
  "accuracy": 0.49527186761229314,
  "macro avg": {
    "precision": 0.36027486910994766,
    "recall": 0.4346846846846847,
    "f1-score": 0.3654779216256535,
    "support": 846.0
  },
  "weighted avg": {
    "precision": 0.30691551248251703,
    "recall": 0.49527186761229314,
    "f1-score": 0.35534608460304834,
    "support": 846.0
  }
}