{
  "R": {
    "precision": 0.4606741573033708,
    "recall": 0.803921568627451,
    "f1-score": 0.5857142857142857,
    "support": 153.0
  },
  "C": {
    "precision": 0.6296296296296297,
    "recall": 0.4473684210526316,
    "f1-score": 0.5230769230769231,
    "support": 114.0
  },
  "V": {
    "precision": 1.0,
    "recall": 0.015151515151515152,
    "f1-score": 0.02985074626865672,
    "support": 66.0
  },
  "X": {
    "precision": 0.9117647058823529,
    "recall": 0.62,
    "f1-score": 0.7380952380952381,
    "support": 50.0
  },
  "accuracy": 0.5378590078328982,
  "macro avg": {
    "precision": 0.7505171232038383,
    "recall": 0.4716103762078995,
    "f1-score": 0.46918429828877595,
    "support": 383.0
  },
  "weighted avg": {
    "precision": 0.6627915382227446,
    "recall": 0.5378590078328982,
    "f1-score": 0.49117484622336344,
    "support": 383.0
  }
}