{
  "R": {
    "precision": 0.45195729537366547,
    "recall": 0.8300653594771242,
    "f1-score": 0.5852534562211982,
    "support": 153.0
  },
  "C": {
    "precision": 0.5932203389830508,
    "recall": 0.30701754385964913,
    "f1-score": 0.40462427745664736,
    "support": 114.0
  },
  "V": {
    "precision": 0.0,
    "recall": 0.0,
    "f1-score": 0.0,
    "support": 66.0
  },
  "X": {
    "precision": 0.7674418604651163,
    "recall": 0.66,
    "f1-score": 0.7096774193548386,
    "support": 50.0
  },
  "accuracy": 0.5091383812010444,
  "macro avg": {
    "precision": 0.45315487370545815,
    "recall": 0.44927072583419336,
    "f1-score": 0.424888788258171,
    "support": 383.0
  },
  "weighted avg": {
    "precision": 0.4573072528968523,
    "recall": 0.5091383812010444,
    "f1-score": 0.4468794187980236,
    "support": 383.0
  }
}