{
  "R": {
    "precision": 0.6085714285714285,
    "recall": 0.6320474777448071,
    "f1-score": 0.6200873362445415,
    "support": 337.0
  },
  "C": {
    "precision": 0.5132743362831859,
    "recall": 0.3118279569892473,
    "f1-score": 0.38795986622073575,
    "support": 186.0
  },
  "V": {
    "precision": 0.7324561403508771,
    "recall": 0.784037558685446,
    "f1-score": 0.7573696145124716,
    "support": 213.0
  },
  "X": {
    "precision": 0.6168831168831169,
    "recall": 0.8715596330275229,
    "f1-score": 0.7224334600760456,
    "support": 109.0
  },
  "accuracy": 0.6307692307692307,
  "macro avg": {
    "precision": 0.6177962555221521,
    "recall": 0.6498681566117558,
    "f1-score": 0.6219625692634487,
    "support": 845.0
  },
  "weighted avg": {
    "precision": 0.6198946930322373,
    "recall": 0.6307692307692307,
    "f1-score": 0.6167987484862874,
    "support": 845.0
  }
}