{
  "R": {
    "precision": 0.6404494382022472,
    "recall": 0.7450980392156863,
    "f1-score": 0.6888217522658611,
    "support": 153.0
  },
  "C": {
    "precision": 0.5737704918032787,
    "recall": 0.6140350877192983,
    "f1-score": 0.5932203389830507,
    "support": 114.0
  },
  "V": {
    "precision": 0.8113207547169812,
    "recall": 0.6515151515151515,
    "f1-score": 0.7226890756302522,
    "support": 66.0
  },
  "X": {
    "precision": 1.0,
    "recall": 0.6,
    "f1-score": 0.7499999999999999,
    "support": 50.0
  },
  "accuracy": 0.6710182767624021,
  "macro avg": {
    "precision": 0.7563851711806268,
    "recall": 0.652662069612534,
    "f1-score": 0.688682791719791,
    "support": 383.0
  },
  "weighted avg": {
    "precision": 0.6969863444434422,
    "recall": 0.6710182767624021,
    "f1-score": 0.6741888400322225,
    "support": 383.0
  }
}