{
  "R": {
    "precision": 0.5512572533849129,
    "recall": 0.8456973293768546,
    "f1-score": 0.667447306791569,
    "support": 337.0
  },
  "C": {
    "precision": 0.5238095238095238,
    "recall": 0.05913978494623656,
    "f1-score": 0.10628019323671498,
    "support": 186.0
  },
  "V": {
    "precision": 0.7362637362637363,
    "recall": 0.6320754716981132,
    "f1-score": 0.6802030456852791,
    "support": 212.0
  },
  "X": {
    "precision": 0.7857142857142857,
    "recall": 0.8918918918918919,
    "f1-score": 0.8354430379746834,
    "support": 111.0
  },
  "accuracy": 0.6252955082742316,
  "macro avg": {
    "precision": 0.6492611997931147,
    "recall": 0.607201119478274,
    "f1-score": 0.5723433959220616,
    "support": 846.0
  },
  "weighted avg": {
    "precision": 0.6223457016802422,
    "recall": 0.6252955082742316,
    "f1-score": 0.5693086066563319,
    "support": 846.0
  }
}