{
  "R": {
    "precision": 0.5803108808290155,
    "recall": 0.7320261437908496,
    "f1-score": 0.6473988439306357,
    "support": 153.0
  },
  "C": {
    "precision": 0.5952380952380952,
    "recall": 0.43859649122807015,
    "f1-score": 0.505050505050505,
    "support": 114.0
  },
  "V": {
    "precision": 0.6621621621621622,
    "recall": 0.7424242424242424,
    "f1-score": 0.7000000000000001,
    "support": 66.0
  },
  "X": {
    "precision": 1.0,
    "recall": 0.64,
    "f1-score": 0.7804878048780487,
    "support": 50.0
  },
  "accuracy": 0.6344647519582245,
  "macro avg": {
    "precision": 0.7094277845573183,
    "recall": 0.6382617193607906,
    "f1-score": 0.6582342884647974,
    "support": 383.0
  },
  "weighted avg": {
    "precision": 0.6536485909312924,
    "recall": 0.6344647519582245,
    "f1-score": 0.6314678092455542,
    "support": 383.0
  }
}