{
  "R": {
    "precision": 0.4576923076923077,
    "recall": 0.7777777777777778,
    "f1-score": 0.576271186440678,
    "support": 153.0
  },
  "C": {
    "precision": 0.5869565217391305,
    "recall": 0.47368421052631576,
    "f1-score": 0.5242718446601942,
    "support": 114.0
  },
  "V": {
    "precision": 0.0,
    "recall": 0.0,
    "f1-score": 0.0,
    "support": 66.0
  },
  "X": {
    "precision": 0.967741935483871,
    "recall": 0.6,
    "f1-score": 0.7407407407407407,
    "support": 50.0
  },
  "accuracy": 0.5300261096605744,
  "macro avg": {
    "precision": 0.5030976912288273,
    "recall": 0.4628654970760234,
    "f1-score": 0.4603209429604032,
    "support": 383.0
  },
  "weighted avg": {
    "precision": 0.4838826718782702,
    "recall": 0.5300261096605744,
    "f1-score": 0.48295957925254024,
    "support": 383.0
  }
}