{
  "R": {
    "precision": 0.46835443037974683,
    "recall": 0.48366013071895425,
    "f1-score": 0.4758842443729904,
    "support": 153.0
  },
  "C": {
    "precision": 0.41818181818181815,
    "recall": 0.6052631578947368,
    "f1-score": 0.49462365591397855,
    "support": 114.0
  },
  "V": {
    "precision": 0.5,
    "recall": 0.22727272727272727,
    "f1-score": 0.3125,
    "support": 66.0
  },
  "X": {
    "precision": 1.0,
    "recall": 0.6,
    "f1-score": 0.7499999999999999,
    "support": 50.0
  },
  "accuracy": 0.4908616187989556,
  "macro avg": {
    "precision": 0.5966340621403913,
    "recall": 0.47904900397160455,
    "f1-score": 0.5082519750717422,
    "support": 383.0
  },
  "weighted avg": {
    "precision": 0.5282792561901528,
    "recall": 0.4908616187989556,
    "f1-score": 0.4890923920711778,
    "support": 383.0
  }
}