{
  "R": {
    "precision": 0.3983451536643026,
    "recall": 1.0,
    "f1-score": 0.569737954353339,
    "support": 337.0
  },
  "C": {
    "precision": 0.0,
    "recall": 0.0,
    "f1-score": 0.0,
    "support": 186.0
  },
  "V": {
    "precision": 0.0,
    "recall": 0.0,
    "f1-score": 0.0,
    "support": 212.0
  },
  "X": {
    "precision": 0.0,
    "recall": 0.0,
    "f1-score": 0.0,
    "support": 111.0
  },
  "accuracy": 0.3983451536643026,
  "macro avg": {
    "precision": 0.09958628841607566,
    "recall": 0.25,
    "f1-score": 0.14243448858833474,
    "support": 846.0
  },
  "weighted avg": {
    "precision": 0.15867886144783686,
    "recall": 0.3983451536643026,
    "f1-score": 0.22695235297526625,
    "support": 846.0
  }
}