{
  "R": {
    "precision": 0.6894736842105263,
    "recall": 0.7774480712166172,
    "f1-score": 0.7308228730822872,
    "support": 337.0
  },
  "C": {
    "precision": 0.648854961832061,
    "recall": 0.45698924731182794,
    "f1-score": 0.5362776025236593,
    "support": 186.0
  },
  "V": {
    "precision": 0.7990196078431373,
    "recall": 0.7688679245283019,
    "f1-score": 0.7836538461538461,
    "support": 212.0
  },
  "X": {
    "precision": 0.8015267175572519,
    "recall": 0.9459459459459459,
    "f1-score": 0.8677685950413223,
    "support": 111.0
  },
  "accuracy": 0.7269503546099291,
  "macro avg": {
    "precision": 0.7347187428607441,
    "recall": 0.7373127972506733,
    "f1-score": 0.7296307292002787,
    "support": 846.0
  },
  "weighted avg": {
    "precision": 0.7226965449069869,
    "recall": 0.7269503546099291,
    "f1-score": 0.719257531598503,
    "support": 846.0
  }
}