{
  "R": {
    "precision": 0.59375,
    "recall": 0.7450980392156863,
    "f1-score": 0.6608695652173913,
    "support": 153.0
  },
  "C": {
    "precision": 0.7083333333333334,
    "recall": 0.5964912280701754,
    "f1-score": 0.6476190476190476,
    "support": 114.0
  },
  "V": {
    "precision": 0.5147058823529411,
    "recall": 0.5303030303030303,
    "f1-score": 0.5223880597014925,
    "support": 66.0
  },
  "X": {
    "precision": 0.8888888888888888,
    "recall": 0.48,
    "f1-score": 0.6233766233766234,
    "support": 50.0
  },
  "accuracy": 0.6292428198433421,
  "macro avg": {
    "precision": 0.6764195261437909,
    "recall": 0.587973074397223,
    "f1-score": 0.6135633239786387,
    "support": 383.0
  },
  "weighted avg": {
    "precision": 0.652764445639004,
    "recall": 0.6292428198433421,
    "f1-score": 0.6281672533053837,
    "support": 383.0
  }
}