{
  "R": {
    "precision": 0.591792656587473,
    "recall": 0.8130563798219584,
    "f1-score": 0.685,
    "support": 337.0
  },
  "C": {
    "precision": 0.6666666666666666,
    "recall": 0.25806451612903225,
    "f1-score": 0.37209302325581395,
    "support": 186.0
  },
  "V": {
    "precision": 0.7336956521739131,
    "recall": 0.6367924528301887,
    "f1-score": 0.6818181818181819,
    "support": 212.0
  },
  "X": {
    "precision": 0.7795275590551181,
    "recall": 0.8918918918918919,
    "f1-score": 0.8319327731092437,
    "support": 111.0
  },
  "accuracy": 0.6572104018912529,
  "macro avg": {
    "precision": 0.6929206336207927,
    "recall": 0.6499513101682679,
    "f1-score": 0.6427109945458099,
    "support": 846.0
  },
  "weighted avg": {
    "precision": 0.6684458186595342,
    "recall": 0.6572104018912529,
    "f1-score": 0.6346859275250142,
    "support": 846.0
  }
}