{
  "R": {
    "precision": 0.5598086124401914,
    "recall": 0.7647058823529411,
    "f1-score": 0.6464088397790055,
    "support": 153.0
  },
  "C": {
    "precision": 0.5737704918032787,
    "recall": 0.30701754385964913,
    "f1-score": 0.39999999999999997,
    "support": 114.0
  },
  "V": {
    "precision": 0.6571428571428571,
    "recall": 0.696969696969697,
    "f1-score": 0.676470588235294,
    "support": 66.0
  },
  "X": {
    "precision": 0.8604651162790697,
    "recall": 0.74,
    "f1-score": 0.7956989247311828,
    "support": 50.0
  },
  "accuracy": 0.6135770234986945,
  "macro avg": {
    "precision": 0.6627967694163492,
    "recall": 0.6271732807955719,
    "f1-score": 0.6296445881863706,
    "support": 383.0
  },
  "weighted avg": {
    "precision": 0.6199875669825199,
    "recall": 0.6135770234986945,
    "f1-score": 0.5977351371965441,
    "support": 383.0
  }
}