{
  "R": {
    "precision": 0.6029411764705882,
    "recall": 0.6083086053412463,
    "f1-score": 0.6056129985228952,
    "support": 337.0
  },
  "C": {
    "precision": 0.4716981132075472,
    "recall": 0.4032258064516129,
    "f1-score": 0.43478260869565216,
    "support": 186.0
  },
  "V": {
    "precision": 0.600896860986547,
    "recall": 0.6291079812206573,
    "f1-score": 0.6146788990825688,
    "support": 213.0
  },
  "X": {
    "precision": 0.6829268292682927,
    "recall": 0.7706422018348624,
    "f1-score": 0.7241379310344829,
    "support": 109.0
  },
  "accuracy": 0.5893491124260355,
  "macro avg": {
    "precision": 0.5896157449832438,
    "recall": 0.6028211487120947,
    "f1-score": 0.5948031093338997,
    "support": 845.0
  },
  "weighted avg": {
    "precision": 0.5838545340917993,
    "recall": 0.5893491124260355,
    "f1-score": 0.585584361783376,
    "support": 845.0
  }
}