{
  "R": {
    "precision": 0.41796875,
    "recall": 0.6993464052287581,
    "f1-score": 0.5232273838630807,
    "support": 153.0
  },
  "C": {
    "precision": 0.4409448818897638,
    "recall": 0.49122807017543857,
    "f1-score": 0.4647302904564315,
    "support": 114.0
  },
  "V": {
    "precision": 0.0,
    "recall": 0.0,
    "f1-score": 0.0,
    "support": 66.0
  },
  "X": {
    "precision": 0.0,
    "recall": 0.0,
    "f1-score": 0.0,
    "support": 50.0
  },
  "accuracy": 0.4255874673629243,
  "macro avg": {
    "precision": 0.21472840797244094,
    "recall": 0.2976436188510492,
    "f1-score": 0.24698941857987805,
    "support": 383.0
  },
  "weighted avg": {
    "precision": 0.29821654121522995,
    "recall": 0.4255874673629243,
    "f1-score": 0.34734475938142173,
    "support": 383.0
  }
}