{
  "R": {
    "precision": 0.4144736842105263,
    "recall": 0.8235294117647058,
    "f1-score": 0.5514223194748359,
    "support": 153.0
  },
  "C": {
    "precision": 0.4810126582278481,
    "recall": 0.3333333333333333,
    "f1-score": 0.3937823834196891,
    "support": 114.0
  },
  "V": {
    "precision": 0.0,
    "recall": 0.0,
    "f1-score": 0.0,
    "support": 66.0
  },
  "X": {
    "precision": 0.0,
    "recall": 0.0,
    "f1-score": 0.0,
    "support": 50.0
  },
  "accuracy": 0.4281984334203655,
  "macro avg": {
    "precision": 0.2238715856095936,
    "recall": 0.2892156862745098,
    "f1-score": 0.23630117572363124,
    "support": 383.0
  },
  "weighted avg": {
    "precision": 0.3087465188568805,
    "recall": 0.4281984334203655,
    "f1-score": 0.3374903566305338,
    "support": 383.0
  }
}