{
  "R": {
    "precision": 0.6376811594202898,
    "recall": 0.5751633986928104,
    "f1-score": 0.6048109965635738,
    "support": 153.0
  },
  "C": {
    "precision": 0.5655737704918032,
    "recall": 0.6052631578947368,
    "f1-score": 0.5847457627118644,
    "support": 114.0
  },
  "V": {
    "precision": 0.5376344086021505,
    "recall": 0.7575757575757576,
    "f1-score": 0.6289308176100629,
    "support": 66.0
  },
  "X": {
    "precision": 1.0,
    "recall": 0.6,
    "f1-score": 0.7499999999999999,
    "support": 50.0
  },
  "accuracy": 0.618798955613577,
  "macro avg": {
    "precision": 0.6852223346285609,
    "recall": 0.6345005785408262,
    "f1-score": 0.6421218942213752,
    "support": 383.0
  },
  "weighted avg": {
    "precision": 0.6462780631726158,
    "recall": 0.618798955613577,
    "f1-score": 0.6219491733306619,
    "support": 383.0
  }
}