{
  "R": {
    "precision": 0.701058201058201,
    "recall": 0.7863501483679525,
    "f1-score": 0.7412587412587411,
    "support": 337.0
  },
  "C": {
    "precision": 0.6052631578947368,
    "recall": 0.3709677419354839,
    "f1-score": 0.46,
    "support": 186.0
  },
  "V": {
    "precision": 0.7737556561085973,
    "recall": 0.7990654205607477,
    "f1-score": 0.7862068965517242,
    "support": 214.0
  },
  "X": {
    "precision": 0.7777777777777778,
    "recall": 0.9459459459459459,
    "f1-score": 0.8536585365853658,
    "support": 111.0
  },
  "accuracy": 0.7193396226415094,
  "macro avg": {
    "precision": 0.7144636982098282,
    "recall": 0.7255823142025325,
    "f1-score": 0.7102810435989578,
    "support": 848.0
  },
  "weighted avg": {
    "precision": 0.7084346755490661,
    "recall": 0.7193396226415094,
    "f1-score": 0.7056233127679722,
    "support": 848.0
  }
}