{
  "R": {
    "precision": 0.6885245901639344,
    "recall": 0.7477744807121661,
    "f1-score": 0.716927453769559,
    "support": 337.0
  },
  "C": {
    "precision": 0.6045197740112994,
    "recall": 0.5752688172043011,
    "f1-score": 0.5895316804407713,
    "support": 186.0
  },
  "V": {
    "precision": 0.8786127167630058,
    "recall": 0.7102803738317757,
    "f1-score": 0.7855297157622738,
    "support": 214.0
  },
  "X": {
    "precision": 0.7803030303030303,
    "recall": 0.9279279279279279,
    "f1-score": 0.8477366255144033,
    "support": 111.0
  },
  "accuracy": 0.7240566037735849,
  "macro avg": {
    "precision": 0.7379900278103175,
    "recall": 0.7403128999190427,
    "f1-score": 0.7349313688717518,
    "support": 848.0
  },
  "weighted avg": {
    "precision": 0.7300828096724848,
    "recall": 0.7240566037735849,
    "f1-score": 0.7234193031692809,
    "support": 848.0
  }
}