{
  "R": {
    "precision": 0.5087719298245614,
    "recall": 0.5686274509803921,
    "f1-score": 0.5370370370370371,
    "support": 153.0
  },
  "C": {
    "precision": 0.5,
    "recall": 0.4473684210526316,
    "f1-score": 0.4722222222222222,
    "support": 114.0
  },
  "V": {
    "precision": 0.4594594594594595,
    "recall": 0.5151515151515151,
    "f1-score": 0.48571428571428577,
    "support": 66.0
  },
  "X": {
    "precision": 0.8611111111111112,
    "recall": 0.62,
    "f1-score": 0.7209302325581396,
    "support": 50.0
  },
  "accuracy": 0.5300261096605744,
  "macro avg": {
    "precision": 0.582335625098783,
    "recall": 0.5377868467961348,
    "f1-score": 0.5539759443829212,
    "support": 383.0
  },
  "weighted avg": {
    "precision": 0.5436605356215086,
    "recall": 0.5300261096605744,
    "f1-score": 0.5329077140601823,
    "support": 383.0
  }
}