{
  "R": {
    "precision": 0.6338797814207651,
    "recall": 0.7581699346405228,
    "f1-score": 0.6904761904761905,
    "support": 153.0
  },
  "C": {
    "precision": 0.6422018348623854,
    "recall": 0.6140350877192983,
    "f1-score": 0.6278026905829597,
    "support": 114.0
  },
  "V": {
    "precision": 0.723404255319149,
    "recall": 0.5151515151515151,
    "f1-score": 0.6017699115044248,
    "support": 66.0
  },
  "X": {
    "precision": 0.6818181818181818,
    "recall": 0.6,
    "f1-score": 0.6382978723404256,
    "support": 50.0
  },
  "accuracy": 0.6527415143603134,
  "macro avg": {
    "precision": 0.6703260133551202,
    "recall": 0.6218391343778341,
    "f1-score": 0.6395866662260001,
    "support": 383.0
  },
  "weighted avg": {
    "precision": 0.6580423124638692,
    "recall": 0.6527415143603134,
    "f1-score": 0.6497234246622138,
    "support": 383.0
  }
}