{
  "R": {
    "precision": 0.6666666666666666,
    "recall": 0.8071216617210683,
    "f1-score": 0.7302013422818792,
    "support": 337.0
  },
  "C": {
    "precision": 0.6515151515151515,
    "recall": 0.46236559139784944,
    "f1-score": 0.5408805031446541,
    "support": 186.0
  },
  "V": {
    "precision": 0.7808988764044944,
    "recall": 0.6556603773584906,
    "f1-score": 0.7128205128205128,
    "support": 212.0
  },
  "X": {
    "precision": 0.78125,
    "recall": 0.9009009009009009,
    "f1-score": 0.8368200836820082,
    "support": 111.0
  },
  "accuracy": 0.7056737588652482,
  "macro avg": {
    "precision": 0.7200826736465782,
    "recall": 0.7065121328445773,
    "f1-score": 0.7051806104822637,
    "support": 846.0
  },
  "weighted avg": {
    "precision": 0.7069950314967347,
    "recall": 0.7056737588652482,
    "f1-score": 0.6982111157689724,
    "support": 846.0
  }
}