{
  "R": {
    "precision": 0.4418604651162791,
    "recall": 0.869281045751634,
    "f1-score": 0.5859030837004406,
    "support": 153.0
  },
  "C": {
    "precision": 0.0,
    "recall": 0.0,
    "f1-score": 0.0,
    "support": 114.0
  },
  "V": {
    "precision": 0.34615384615384615,
    "recall": 0.2727272727272727,
    "f1-score": 0.3050847457627119,
    "support": 66.0
  },
  "X": {
    "precision": 1.0,
    "recall": 0.6,
    "f1-score": 0.7499999999999999,
    "support": 50.0
  },
  "accuracy": 0.4725848563968668,
  "macro avg": {
    "precision": 0.4470035778175313,
    "recall": 0.43550207961972665,
    "f1-score": 0.4102469573657881,
    "support": 383.0
  },
  "weighted avg": {
    "precision": 0.3667122846186542,
    "recall": 0.4725848563968668,
    "f1-score": 0.38453985646607414,
    "support": 383.0
  }
}