{
  "R": {
    "precision": 0.6542669584245077,
    "recall": 0.887240356083086,
    "f1-score": 0.7531486146095718,
    "support": 337.0
  },
  "C": {
    "precision": 0.8089887640449438,
    "recall": 0.3870967741935484,
    "f1-score": 0.5236363636363637,
    "support": 186.0
  },
  "V": {
    "precision": 0.7817258883248731,
    "recall": 0.7264150943396226,
    "f1-score": 0.7530562347188265,
    "support": 212.0
  },
  "X": {
    "precision": 0.9805825242718447,
    "recall": 0.9099099099099099,
    "f1-score": 0.9439252336448598,
    "support": 111.0
  },
  "accuracy": 0.7399527186761229,
  "macro avg": {
    "precision": 0.8063910337665423,
    "recall": 0.7276655336315417,
    "f1-score": 0.7434416116524054,
    "support": 846.0
  },
  "weighted avg": {
    "precision": 0.7630383257925136,
    "recall": 0.7399527186761229,
    "f1-score": 0.7276962995919148,
    "support": 846.0
  }
}