{
  "R": {
    "precision": 0.4476584022038568,
    "recall": 0.9643916913946587,
    "f1-score": 0.6114769520225777,
    "support": 337.0
  },
  "C": {
    "precision": 0.0,
    "recall": 0.0,
    "f1-score": 0.0,
    "support": 186.0
  },
  "V": {
    "precision": 0.0,
    "recall": 0.0,
    "f1-score": 0.0,
    "support": 212.0
  },
  "X": {
    "precision": 0.7666666666666667,
    "recall": 0.8288288288288288,
    "f1-score": 0.7965367965367967,
    "support": 111.0
  },
  "accuracy": 0.4929078014184397,
  "macro avg": {
    "precision": 0.3035812672176309,
    "recall": 0.4483051300558719,
    "f1-score": 0.3520034371398436,
    "support": 846.0
  },
  "weighted avg": {
    "precision": 0.27891357156347485,
    "recall": 0.4929078014184397,
    "f1-score": 0.34808902747895165,
    "support": 846.0
  }
}