{
  "R": {
    "precision": 0.4924406047516199,
    "recall": 0.6765578635014837,
    "f1-score": 0.57,
    "support": 337.0
  },
  "C": {
    "precision": 0.4430379746835443,
    "recall": 0.1881720430107527,
    "f1-score": 0.2641509433962264,
    "support": 186.0
  },
  "V": {
    "precision": 0.6187845303867403,
    "recall": 0.5283018867924528,
    "f1-score": 0.569974554707379,
    "support": 212.0
  },
  "X": {
    "precision": 0.7723577235772358,
    "recall": 0.8558558558558559,
    "f1-score": 0.811965811965812,
    "support": 111.0
  },
  "accuracy": 0.5555555555555556,
  "macro avg": {
    "precision": 0.581655208349785,
    "recall": 0.5622219122901363,
    "f1-score": 0.5540228275173544,
    "support": 846.0
  },
  "weighted avg": {
    "precision": 0.5499664005336847,
    "recall": 0.5555555555555556,
    "f1-score": 0.5344975014159191,
    "support": 846.0
  }
}