{
  "R": {
    "precision": 0.5,
    "recall": 0.7516339869281046,
    "f1-score": 0.6005221932114883,
    "support": 153.0
  },
  "C": {
    "precision": 0.5533980582524272,
    "recall": 0.5,
    "f1-score": 0.5253456221198156,
    "support": 114.0
  },
  "V": {
    "precision": 0.9523809523809523,
    "recall": 0.30303030303030304,
    "f1-score": 0.45977011494252873,
    "support": 66.0
  },
  "X": {
    "precision": 1.0,
    "recall": 0.58,
    "f1-score": 0.7341772151898733,
    "support": 50.0
  },
  "accuracy": 0.577023498694517,
  "macro avg": {
    "precision": 0.7514447526583449,
    "recall": 0.5336660724896019,
    "f1-score": 0.5799537863659264,
    "support": 383.0
  },
  "weighted avg": {
    "precision": 0.6591240770180667,
    "recall": 0.577023498694517,
    "f1-score": 0.5713393859757631,
    "support": 383.0
  }
}