{
  "R": {
    "precision": 0.7142857142857143,
    "recall": 0.6862745098039216,
    "f1-score": 0.7000000000000001,
    "support": 153.0
  },
  "C": {
    "precision": 0.6,
    "recall": 0.6842105263157895,
    "f1-score": 0.639344262295082,
    "support": 114.0
  },
  "V": {
    "precision": 0.7272727272727273,
    "recall": 0.7272727272727273,
    "f1-score": 0.7272727272727273,
    "support": 66.0
  },
  "X": {
    "precision": 0.875,
    "recall": 0.7,
    "f1-score": 0.7777777777777777,
    "support": 50.0
  },
  "accuracy": 0.6945169712793734,
  "macro avg": {
    "precision": 0.7291396103896104,
    "recall": 0.6994394408481097,
    "f1-score": 0.7110986918363968,
    "support": 383.0
  },
  "weighted avg": {
    "precision": 0.7034875046624395,
    "recall": 0.6945169712793734,
    "f1-score": 0.6967993075470712,
    "support": 383.0
  }
}