{
  "R": {
    "precision": 0.5577889447236181,
    "recall": 0.7254901960784313,
    "f1-score": 0.6306818181818182,
    "support": 153.0
  },
  "C": {
    "precision": 0.5894736842105263,
    "recall": 0.49122807017543857,
    "f1-score": 0.5358851674641149,
    "support": 114.0
  },
  "V": {
    "precision": 0.6551724137931034,
    "recall": 0.5757575757575758,
    "f1-score": 0.6129032258064515,
    "support": 66.0
  },
  "X": {
    "precision": 1.0,
    "recall": 0.62,
    "f1-score": 0.7654320987654321,
    "support": 50.0
  },
  "accuracy": 0.6161879895561357,
  "macro avg": {
    "precision": 0.7006087606818119,
    "recall": 0.6031189605028614,
    "f1-score": 0.6362255775544542,
    "support": 383.0
  },
  "weighted avg": {
    "precision": 0.6417312998774369,
    "recall": 0.6161879895561357,
    "f1-score": 0.61699332927996,
    "support": 383.0
  }
}