{
  "R": {
    "precision": 0.4838709677419355,
    "recall": 0.9347181008902077,
    "f1-score": 0.6376518218623481,
    "support": 337.0
  },
  "C": {
    "precision": 0.0,
    "recall": 0.0,
    "f1-score": 0.0,
    "support": 186.0
  },
  "V": {
    "precision": 0.8555555555555555,
    "recall": 0.3615023474178404,
    "f1-score": 0.5082508250825082,
    "support": 213.0
  },
  "X": {
    "precision": 0.7596153846153846,
    "recall": 0.7247706422018348,
    "f1-score": 0.7417840375586855,
    "support": 109.0
  },
  "accuracy": 0.557396449704142,
  "macro avg": {
    "precision": 0.5247604769782189,
    "recall": 0.5052477726274707,
    "f1-score": 0.47192167112588546,
    "support": 845.0
  },
  "weighted avg": {
    "precision": 0.506622398089281,
    "recall": 0.557396449704142,
    "f1-score": 0.4781071595314584,
    "support": 845.0
  }
}