{
  "R": {
    "precision": 0.5459183673469388,
    "recall": 0.6993464052287581,
    "f1-score": 0.6131805157593123,
    "support": 153.0
  },
  "C": {
    "precision": 0.5196078431372549,
    "recall": 0.4649122807017544,
    "f1-score": 0.49074074074074076,
    "support": 114.0
  },
  "V": {
    "precision": 0.7843137254901961,
    "recall": 0.6060606060606061,
    "f1-score": 0.6837606837606838,
    "support": 66.0
  },
  "X": {
    "precision": 0.8823529411764706,
    "recall": 0.6,
    "f1-score": 0.7142857142857143,
    "support": 50.0
  },
  "accuracy": 0.6005221932114883,
  "macro avg": {
    "precision": 0.6830482192877151,
    "recall": 0.5925798229977797,
    "f1-score": 0.6254919136366128,
    "support": 383.0
  },
  "weighted avg": {
    "precision": 0.6230891834540605,
    "recall": 0.6005221932114883,
    "f1-score": 0.6020980527365799,
    "support": 383.0
  }
}