{
  "R": {
    "precision": 0.625,
    "recall": 0.7843137254901961,
    "f1-score": 0.6956521739130435,
    "support": 153.0
  },
  "C": {
    "precision": 0.6542056074766355,
    "recall": 0.6140350877192983,
    "f1-score": 0.6334841628959277,
    "support": 114.0
  },
  "V": {
    "precision": 0.6458333333333334,
    "recall": 0.4696969696969697,
    "f1-score": 0.5438596491228069,
    "support": 66.0
  },
  "X": {
    "precision": 0.9444444444444444,
    "recall": 0.68,
    "f1-score": 0.7906976744186047,
    "support": 50.0
  },
  "accuracy": 0.6657963446475196,
  "macro avg": {
    "precision": 0.7173708463136033,
    "recall": 0.637011445726616,
    "f1-score": 0.6659234150875957,
    "support": 383.0
  },
  "weighted avg": {
    "precision": 0.6789860612912759,
    "recall": 0.6657963446475196,
    "f1-score": 0.6633984275244567,
    "support": 383.0
  }
}