{
  "R": {
    "precision": 0.4794007490636704,
    "recall": 0.8366013071895425,
    "f1-score": 0.6095238095238096,
    "support": 153.0
  },
  "C": {
    "precision": 0.5647058823529412,
    "recall": 0.42105263157894735,
    "f1-score": 0.4824120603015075,
    "support": 114.0
  },
  "V": {
    "precision": 0.0,
    "recall": 0.0,
    "f1-score": 0.0,
    "support": 66.0
  },
  "X": {
    "precision": 0.967741935483871,
    "recall": 0.6,
    "f1-score": 0.7407407407407407,
    "support": 50.0
  },
  "accuracy": 0.5378590078328982,
  "macro avg": {
    "precision": 0.5029621417251207,
    "recall": 0.4644134846921225,
    "f1-score": 0.4581691526415144,
    "support": 383.0
  },
  "weighted avg": {
    "precision": 0.48593180670801667,
    "recall": 0.5378590078328982,
    "f1-score": 0.4837836939126678,
    "support": 383.0
  }
}