{
  "R": {
    "precision": 0.6701030927835051,
    "recall": 0.771513353115727,
    "f1-score": 0.7172413793103448,
    "support": 337.0
  },
  "C": {
    "precision": 0.6118421052631579,
    "recall": 0.5,
    "f1-score": 0.5502958579881656,
    "support": 186.0
  },
  "V": {
    "precision": 0.7687861271676301,
    "recall": 0.6273584905660378,
    "f1-score": 0.6909090909090909,
    "support": 212.0
  },
  "X": {
    "precision": 0.7669172932330827,
    "recall": 0.918918918918919,
    "f1-score": 0.8360655737704918,
    "support": 111.0
  },
  "accuracy": 0.6950354609929078,
  "macro avg": {
    "precision": 0.7044121546118439,
    "recall": 0.7044476906501709,
    "f1-score": 0.6986279754945233,
    "support": 846.0
  },
  "weighted avg": {
    "precision": 0.6947255938007072,
    "recall": 0.6950354609929078,
    "f1-score": 0.6895288184097363,
    "support": 846.0
  }
}