{
  "R": {
    "precision": 0.5662393162393162,
    "recall": 0.7863501483679525,
    "f1-score": 0.6583850931677018,
    "support": 337.0
  },
  "C": {
    "precision": 0.5263157894736842,
    "recall": 0.16129032258064516,
    "f1-score": 0.2469135802469136,
    "support": 186.0
  },
  "V": {
    "precision": 0.7010309278350515,
    "recall": 0.6415094339622641,
    "f1-score": 0.6699507389162561,
    "support": 212.0
  },
  "X": {
    "precision": 0.7874015748031497,
    "recall": 0.9009009009009009,
    "f1-score": 0.8403361344537815,
    "support": 111.0
  },
  "accuracy": 0.6276595744680851,
  "macro avg": {
    "precision": 0.6452469020878004,
    "recall": 0.6225127014529407,
    "f1-score": 0.6038963866961633,
    "support": 846.0
  },
  "weighted avg": {
    "precision": 0.6202571133793563,
    "recall": 0.6276595744680851,
    "f1-score": 0.594690980966971,
    "support": 846.0
  }
}