{
  "R": {
    "precision": 0.6580645161290323,
    "recall": 0.6666666666666666,
    "f1-score": 0.6623376623376623,
    "support": 153.0
  },
  "C": {
    "precision": 0.49606299212598426,
    "recall": 0.5526315789473685,
    "f1-score": 0.5228215767634855,
    "support": 114.0
  },
  "V": {
    "precision": 0.7101449275362319,
    "recall": 0.7424242424242424,
    "f1-score": 0.725925925925926,
    "support": 66.0
  },
  "X": {
    "precision": 1.0,
    "recall": 0.64,
    "f1-score": 0.7804878048780487,
    "support": 50.0
  },
  "accuracy": 0.6422976501305483,
  "macro avg": {
    "precision": 0.7160681089478121,
    "recall": 0.6504306220095694,
    "f1-score": 0.6728932424762806,
    "support": 383.0
  },
  "weighted avg": {
    "precision": 0.6634585307767505,
    "recall": 0.6422976501305483,
    "f1-score": 0.6471927505057786,
    "support": 383.0
  }
}