{
  "R": {
    "precision": 0.5119047619047619,
    "recall": 0.8431372549019608,
    "f1-score": 0.637037037037037,
    "support": 153.0
  },
  "C": {
    "precision": 0.7674418604651163,
    "recall": 0.2894736842105263,
    "f1-score": 0.42038216560509556,
    "support": 114.0
  },
  "V": {
    "precision": 0.423728813559322,
    "recall": 0.3787878787878788,
    "f1-score": 0.39999999999999997,
    "support": 66.0
  },
  "X": {
    "precision": 0.7931034482758621,
    "recall": 0.46,
    "f1-score": 0.5822784810126583,
    "support": 50.0
  },
  "accuracy": 0.5483028720626631,
  "macro avg": {
    "precision": 0.6240447210512656,
    "recall": 0.49284970447509147,
    "f1-score": 0.5099244209136977,
    "support": 383.0
  },
  "weighted avg": {
    "precision": 0.6094806129847524,
    "recall": 0.5483028720626631,
    "f1-score": 0.5245539362827166,
    "support": 383.0
  }
}