{
  "R": {
    "precision": 0.4610169491525424,
    "recall": 0.8888888888888888,
    "f1-score": 0.6071428571428571,
    "support": 153.0
  },
  "C": {
    "precision": 0.5294117647058824,
    "recall": 0.23684210526315788,
    "f1-score": 0.3272727272727273,
    "support": 114.0
  },
  "V": {
    "precision": 0.0,
    "recall": 0.0,
    "f1-score": 0.0,
    "support": 66.0
  },
  "X": {
    "precision": 1.0,
    "recall": 0.74,
    "f1-score": 0.8505747126436781,
    "support": 50.0
  },
  "accuracy": 0.5221932114882507,
  "macro avg": {
    "precision": 0.49760717846460617,
    "recall": 0.4664327485380117,
    "f1-score": 0.44624757426481565,
    "support": 383.0
  },
  "weighted avg": {
    "precision": 0.4722938234903644,
    "recall": 0.5221932114882507,
    "f1-score": 0.4509939521778902,
    "support": 383.0
  }
}