{
  "R": {
    "precision": 0.5431235431235432,
    "recall": 0.6913946587537092,
    "f1-score": 0.6083550913838122,
    "support": 337.0
  },
  "C": {
    "precision": 0.4411764705882353,
    "recall": 0.24193548387096775,
    "f1-score": 0.3125,
    "support": 186.0
  },
  "V": {
    "precision": 0.6827956989247311,
    "recall": 0.596244131455399,
    "f1-score": 0.6365914786967418,
    "support": 213.0
  },
  "X": {
    "precision": 0.703125,
    "recall": 0.8256880733944955,
    "f1-score": 0.7594936708860761,
    "support": 109.0
  },
  "accuracy": 0.5857988165680473,
  "macro avg": {
    "precision": 0.5925551781591274,
    "recall": 0.5888155868686429,
    "f1-score": 0.5792350602416575,
    "support": 845.0
  },
  "weighted avg": {
    "precision": 0.5765296644177674,
    "recall": 0.5857988165680473,
    "f1-score": 0.5698455158406308,
    "support": 845.0
  }
}