{
  "R": {
    "precision": 0.5970149253731343,
    "recall": 0.712166172106825,
    "f1-score": 0.6495263870094722,
    "support": 337.0
  },
  "C": {
    "precision": 0.5268817204301075,
    "recall": 0.26344086021505375,
    "f1-score": 0.35125448028673834,
    "support": 186.0
  },
  "V": {
    "precision": 0.6973684210526315,
    "recall": 0.7464788732394366,
    "f1-score": 0.7210884353741497,
    "support": 213.0
  },
  "X": {
    "precision": 0.7622950819672131,
    "recall": 0.8532110091743119,
    "f1-score": 0.8051948051948052,
    "support": 109.0
  },
  "accuracy": 0.6402366863905326,
  "macro avg": {
    "precision": 0.6458900372057715,
    "recall": 0.6438242286839069,
    "f1-score": 0.6317660269662914,
    "support": 845.0
  },
  "weighted avg": {
    "precision": 0.6281936893128792,
    "recall": 0.6402366863905326,
    "f1-score": 0.6219902914277552,
    "support": 845.0
  }
}