{
  "R": {
    "precision": 0.47549019607843135,
    "recall": 0.6339869281045751,
    "f1-score": 0.5434173669467786,
    "support": 153.0
  },
  "C": {
    "precision": 0.4909090909090909,
    "recall": 0.47368421052631576,
    "f1-score": 0.4821428571428571,
    "support": 114.0
  },
  "V": {
    "precision": 0.38235294117647056,
    "recall": 0.19696969696969696,
    "f1-score": 0.25999999999999995,
    "support": 66.0
  },
  "X": {
    "precision": 0.9428571428571428,
    "recall": 0.66,
    "f1-score": 0.7764705882352942,
    "support": 50.0
  },
  "accuracy": 0.5143603133159269,
  "macro avg": {
    "precision": 0.572902342755284,
    "recall": 0.491160208900147,
    "f1-score": 0.5155077030812325,
    "support": 383.0
  },
  "weighted avg": {
    "precision": 0.525043831916816,
    "recall": 0.5143603133159269,
    "f1-score": 0.506764157360072,
    "support": 383.0
  }
}