{
  "R": {
    "precision": 0.5339805825242718,
    "recall": 0.6528189910979229,
    "f1-score": 0.5874499332443257,
    "support": 337.0
  },
  "C": {
    "precision": 0.5,
    "recall": 0.2903225806451613,
    "f1-score": 0.3673469387755102,
    "support": 186.0
  },
  "V": {
    "precision": 0.7175141242937854,
    "recall": 0.596244131455399,
    "f1-score": 0.6512820512820513,
    "support": 213.0
  },
  "X": {
    "precision": 0.6148648648648649,
    "recall": 0.8348623853211009,
    "f1-score": 0.7081712062256809,
    "support": 109.0
  },
  "accuracy": 0.5822485207100592,
  "macro avg": {
    "precision": 0.5915898929207305,
    "recall": 0.5935620221298961,
    "f1-score": 0.5785625323818919,
    "support": 845.0
  },
  "weighted avg": {
    "precision": 0.583197911308315,
    "recall": 0.5822485207100592,
    "f1-score": 0.5706637828606613,
    "support": 845.0
  }
}