{
  "R": {
    "precision": 0.5170731707317073,
    "recall": 0.6928104575163399,
    "f1-score": 0.5921787709497207,
    "support": 153.0
  },
  "C": {
    "precision": 0.5443037974683544,
    "recall": 0.37719298245614036,
    "f1-score": 0.44559585492227977,
    "support": 114.0
  },
  "V": {
    "precision": 0.5087719298245614,
    "recall": 0.4393939393939394,
    "f1-score": 0.47154471544715443,
    "support": 66.0
  },
  "X": {
    "precision": 0.6190476190476191,
    "recall": 0.52,
    "f1-score": 0.5652173913043478,
    "support": 50.0
  },
  "accuracy": 0.5326370757180157,
  "macro avg": {
    "precision": 0.5472991292680606,
    "recall": 0.5073493448416049,
    "f1-score": 0.5186341831558756,
    "support": 383.0
  },
  "weighted avg": {
    "precision": 0.5370604604546884,
    "recall": 0.5326370757180157,
    "f1-score": 0.5242404704991559,
    "support": 383.0
  }
}