{
  "R": {
    "precision": 0.6208791208791209,
    "recall": 0.738562091503268,
    "f1-score": 0.6746268656716418,
    "support": 153.0
  },
  "C": {
    "precision": 0.6218487394957983,
    "recall": 0.6491228070175439,
    "f1-score": 0.6351931330472103,
    "support": 114.0
  },
  "V": {
    "precision": 0.8571428571428571,
    "recall": 0.5454545454545454,
    "f1-score": 0.6666666666666665,
    "support": 66.0
  },
  "X": {
    "precision": 0.825,
    "recall": 0.66,
    "f1-score": 0.7333333333333334,
    "support": 50.0
  },
  "accuracy": 0.6684073107049608,
  "macro avg": {
    "precision": 0.731217679379444,
    "recall": 0.6482848609938393,
    "f1-score": 0.677454999679713,
    "support": 383.0
  },
  "weighted avg": {
    "precision": 0.6885292176722065,
    "recall": 0.6684073107049608,
    "f1-score": 0.6691817083075976,
    "support": 383.0
  }
}