{
  "R": {
    "precision": 0.375,
    "recall": 0.37254901960784315,
    "f1-score": 0.3737704918032787,
    "support": 153.0
  },
  "C": {
    "precision": 0.341991341991342,
    "recall": 0.6929824561403509,
    "f1-score": 0.4579710144927537,
    "support": 114.0
  },
  "V": {
    "precision": 0.0,
    "recall": 0.0,
    "f1-score": 0.0,
    "support": 66.0
  },
  "X": {
    "precision": 0.0,
    "recall": 0.0,
    "f1-score": 0.0,
    "support": 50.0
  },
  "accuracy": 0.35509138381201044,
  "macro avg": {
    "precision": 0.17924783549783552,
    "recall": 0.26638286893704854,
    "f1-score": 0.2079353765740081,
    "support": 383.0
  },
  "weighted avg": {
    "precision": 0.25159794513580414,
    "recall": 0.35509138381201044,
    "f1-score": 0.28562814855894403,
    "support": 383.0
  }
}