{
  "R": {
    "precision": 0.6549707602339181,
    "recall": 0.7320261437908496,
    "f1-score": 0.691358024691358,
    "support": 153.0
  },
  "C": {
    "precision": 0.6206896551724138,
    "recall": 0.631578947368421,
    "f1-score": 0.6260869565217391,
    "support": 114.0
  },
  "V": {
    "precision": 0.7903225806451613,
    "recall": 0.7424242424242424,
    "f1-score": 0.7656250000000001,
    "support": 66.0
  },
  "X": {
    "precision": 1.0,
    "recall": 0.68,
    "f1-score": 0.8095238095238095,
    "support": 50.0
  },
  "accuracy": 0.6971279373368147,
  "macro avg": {
    "precision": 0.7664957490128732,
    "recall": 0.6965073333958783,
    "f1-score": 0.7231484476842267,
    "support": 383.0
  },
  "weighted avg": {
    "precision": 0.7131343011175596,
    "recall": 0.6971279373368147,
    "f1-score": 0.7001543898105652,
    "support": 383.0
  }
}