{
  "R": {
    "precision": 0.4410994764397906,
    "recall": 1.0,
    "f1-score": 0.6121707538601271,
    "support": 337.0
  },
  "C": {
    "precision": 0.0,
    "recall": 0.0,
    "f1-score": 0.0,
    "support": 186.0
  },
  "V": {
    "precision": 0.0,
    "recall": 0.0,
    "f1-score": 0.0,
    "support": 214.0
  },
  "X": {
    "precision": 0.9880952380952381,
    "recall": 0.7477477477477478,
    "f1-score": 0.8512820512820515,
    "support": 111.0
  },
  "accuracy": 0.49528301886792453,
  "macro avg": {
    "precision": 0.3572986786337572,
    "recall": 0.4369369369369369,
    "f1-score": 0.3658632012855446,
    "support": 848.0
  },
  "weighted avg": {
    "precision": 0.30463336673205293,
    "recall": 0.49528301886792453,
    "f1-score": 0.35470973082921053,
    "support": 848.0
  }
}