{
  "R": {
    "precision": 0.6607142857142857,
    "recall": 0.7254901960784313,
    "f1-score": 0.6915887850467289,
    "support": 153.0
  },
  "C": {
    "precision": 0.6065573770491803,
    "recall": 0.6491228070175439,
    "f1-score": 0.6271186440677966,
    "support": 114.0
  },
  "V": {
    "precision": 0.8297872340425532,
    "recall": 0.5909090909090909,
    "f1-score": 0.6902654867256637,
    "support": 66.0
  },
  "X": {
    "precision": 0.7391304347826086,
    "recall": 0.68,
    "f1-score": 0.7083333333333334,
    "support": 50.0
  },
  "accuracy": 0.6736292428198434,
  "macro avg": {
    "precision": 0.7090473328971569,
    "recall": 0.6613805235012665,
    "f1-score": 0.6793265622933807,
    "support": 383.0
  },
  "weighted avg": {
    "precision": 0.683966856093554,
    "recall": 0.6736292428198434,
    "f1-score": 0.6743571757870466,
    "support": 383.0
  }
}