{
  "R": {
    "precision": 0.5339805825242718,
    "recall": 0.7189542483660131,
    "f1-score": 0.6128133704735377,
    "support": 153.0
  },
  "C": {
    "precision": 0.5641025641025641,
    "recall": 0.38596491228070173,
    "f1-score": 0.4583333333333333,
    "support": 114.0
  },
  "V": {
    "precision": 0.8636363636363636,
    "recall": 0.5757575757575758,
    "f1-score": 0.6909090909090909,
    "support": 66.0
  },
  "X": {
    "precision": 0.6363636363636364,
    "recall": 0.7,
    "f1-score": 0.6666666666666666,
    "support": 50.0
  },
  "accuracy": 0.5926892950391645,
  "macro avg": {
    "precision": 0.649520786656709,
    "recall": 0.5951691841010727,
    "f1-score": 0.6071806153456571,
    "support": 383.0
  },
  "weighted avg": {
    "precision": 0.6131198518331272,
    "recall": 0.5926892950391645,
    "f1-score": 0.5873205718427795,
    "support": 383.0
  }
}