{
  "R": {
    "precision": 0.4621212121212121,
    "recall": 0.7973856209150327,
    "f1-score": 0.5851318944844124,
    "support": 153.0
  },
  "C": {
    "precision": 0.6091954022988506,
    "recall": 0.4649122807017544,
    "f1-score": 0.527363184079602,
    "support": 114.0
  },
  "V": {
    "precision": 0.0,
    "recall": 0.0,
    "f1-score": 0.0,
    "support": 66.0
  },
  "X": {
    "precision": 0.96875,
    "recall": 0.62,
    "f1-score": 0.7560975609756097,
    "support": 50.0
  },
  "accuracy": 0.5378590078328982,
  "macro avg": {
    "precision": 0.5100166536050157,
    "recall": 0.47057447540419683,
    "f1-score": 0.467148159884906,
    "support": 383.0
  },
  "weighted avg": {
    "precision": 0.4924029277196199,
    "recall": 0.5378590078328982,
    "f1-score": 0.489424179869374,
    "support": 383.0
  }
}