{
  "R": {
    "precision": 0.49800796812749004,
    "recall": 0.7418397626112759,
    "f1-score": 0.5959475566150177,
    "support": 337.0
  },
  "C": {
    "precision": 0.4,
    "recall": 0.10752688172043011,
    "f1-score": 0.1694915254237288,
    "support": 186.0
  },
  "V": {
    "precision": 0.7077922077922078,
    "recall": 0.5117370892018779,
    "f1-score": 0.5940054495912807,
    "support": 213.0
  },
  "X": {
    "precision": 0.60431654676259,
    "recall": 0.7706422018348624,
    "f1-score": 0.6774193548387096,
    "support": 109.0
  },
  "accuracy": 0.5479289940828402,
  "macro avg": {
    "precision": 0.5525291806705719,
    "recall": 0.5329364838421116,
    "f1-score": 0.5092159716171842,
    "support": 845.0
  },
  "weighted avg": {
    "precision": 0.5430283184802683,
    "recall": 0.5479289940828402,
    "f1-score": 0.5120965926017003,
    "support": 845.0
  }
}