{
  "R": {
    "precision": 0.5186915887850467,
    "recall": 0.7254901960784313,
    "f1-score": 0.6049046321525886,
    "support": 153.0
  },
  "C": {
    "precision": 0.5360824742268041,
    "recall": 0.45614035087719296,
    "f1-score": 0.4928909952606635,
    "support": 114.0
  },
  "V": {
    "precision": 0.7948717948717948,
    "recall": 0.4696969696969697,
    "f1-score": 0.5904761904761905,
    "support": 66.0
  },
  "X": {
    "precision": 0.9696969696969697,
    "recall": 0.64,
    "f1-score": 0.7710843373493975,
    "support": 50.0
  },
  "accuracy": 0.5900783289817232,
  "macro avg": {
    "precision": 0.7048357068951538,
    "recall": 0.5728318791631485,
    "f1-score": 0.61483903880971,
    "support": 383.0
  },
  "weighted avg": {
    "precision": 0.6303383866641116,
    "recall": 0.5900783289817232,
    "f1-score": 0.590771873676136,
    "support": 383.0
  }
}