{
  "R": {
    "precision": 0.4417808219178082,
    "recall": 0.8431372549019608,
    "f1-score": 0.5797752808988764,
    "support": 153.0
  },
  "C": {
    "precision": 0.5245901639344263,
    "recall": 0.2807017543859649,
    "f1-score": 0.36571428571428566,
    "support": 114.0
  },
  "V": {
    "precision": 0.0,
    "recall": 0.0,
    "f1-score": 0.0,
    "support": 66.0
  },
  "X": {
    "precision": 1.0,
    "recall": 0.6,
    "f1-score": 0.7499999999999999,
    "support": 50.0
  },
  "accuracy": 0.49869451697127937,
  "macro avg": {
    "precision": 0.4915927464630586,
    "recall": 0.43095975232198147,
    "f1-score": 0.4238723916532905,
    "support": 383.0
  },
  "weighted avg": {
    "precision": 0.4631742674724524,
    "recall": 0.49869451697127937,
    "f1-score": 0.43837348968395995,
    "support": 383.0
  }
}