{
  "R": {
    "precision": 0.5101214574898786,
    "recall": 0.8235294117647058,
    "f1-score": 0.6300000000000001,
    "support": 153.0
  },
  "C": {
    "precision": 0.6818181818181818,
    "recall": 0.39473684210526316,
    "f1-score": 0.5,
    "support": 114.0
  },
  "V": {
    "precision": 0.71875,
    "recall": 0.3484848484848485,
    "f1-score": 0.4693877551020408,
    "support": 66.0
  },
  "X": {
    "precision": 0.7894736842105263,
    "recall": 0.6,
    "f1-score": 0.6818181818181819,
    "support": 50.0
  },
  "accuracy": 0.5848563968668408,
  "macro avg": {
    "precision": 0.6750408308796467,
    "recall": 0.5416877755887044,
    "f1-score": 0.5703014842300558,
    "support": 383.0
  },
  "weighted avg": {
    "precision": 0.6336476238479124,
    "recall": 0.5848563968668408,
    "f1-score": 0.5703929528136914,
    "support": 383.0
  }
}