{
  "R": {
    "precision": 0.5405405405405406,
    "recall": 0.7843137254901961,
    "f1-score": 0.6399999999999999,
    "support": 153.0
  },
  "C": {
    "precision": 0.6506024096385542,
    "recall": 0.47368421052631576,
    "f1-score": 0.548223350253807,
    "support": 114.0
  },
  "V": {
    "precision": 0.5918367346938775,
    "recall": 0.4393939393939394,
    "f1-score": 0.5043478260869565,
    "support": 66.0
  },
  "X": {
    "precision": 1.0,
    "recall": 0.58,
    "f1-score": 0.7341772151898733,
    "support": 50.0
  },
  "accuracy": 0.6057441253263708,
  "macro avg": {
    "precision": 0.695744921218243,
    "recall": 0.5693479688526129,
    "f1-score": 0.6066870978826592,
    "support": 383.0
  },
  "weighted avg": {
    "precision": 0.6421216759563807,
    "recall": 0.6057441253263708,
    "f1-score": 0.6016012512014799,
    "support": 383.0
  }
}