{
  "R": {
    "precision": 0.4449760765550239,
    "recall": 0.6078431372549019,
    "f1-score": 0.5138121546961326,
    "support": 153.0
  },
  "C": {
    "precision": 0.4755244755244755,
    "recall": 0.5964912280701754,
    "f1-score": 0.5291828793774319,
    "support": 114.0
  },
  "V": {
    "precision": 0.0,
    "recall": 0.0,
    "f1-score": 0.0,
    "support": 66.0
  },
  "X": {
    "precision": 1.0,
    "recall": 0.62,
    "f1-score": 0.7654320987654321,
    "support": 50.0
  },
  "accuracy": 0.5013054830287206,
  "macro avg": {
    "precision": 0.4801251380198749,
    "recall": 0.4560835913312693,
    "f1-score": 0.4521067832097492,
    "support": 383.0
  },
  "weighted avg": {
    "precision": 0.44984629222639394,
    "recall": 0.5013054830287206,
    "f1-score": 0.4626937672475382,
    "support": 383.0
  }
}