{
  "R": {
    "precision": 0.56353591160221,
    "recall": 0.6666666666666666,
    "f1-score": 0.6107784431137725,
    "support": 153.0
  },
  "C": {
    "precision": 0.5294117647058824,
    "recall": 0.5526315789473685,
    "f1-score": 0.5407725321888412,
    "support": 114.0
  },
  "V": {
    "precision": 0.6545454545454545,
    "recall": 0.5454545454545454,
    "f1-score": 0.5950413223140496,
    "support": 66.0
  },
  "X": {
    "precision": 0.8928571428571429,
    "recall": 0.5,
    "f1-score": 0.6410256410256411,
    "support": 50.0
  },
  "accuracy": 0.5900783289817232,
  "macro avg": {
    "precision": 0.6600875684276725,
    "recall": 0.5661881977671451,
    "f1-score": 0.5969044846605761,
    "support": 383.0
  },
  "weighted avg": {
    "precision": 0.6120542892805897,
    "recall": 0.5900783289817232,
    "f1-score": 0.5911780151173484,
    "support": 383.0
  }
}