{
  "R": {
    "precision": 0.51,
    "recall": 0.6666666666666666,
    "f1-score": 0.5779036827195466,
    "support": 153.0
  },
  "C": {
    "precision": 0.5555555555555556,
    "recall": 0.3508771929824561,
    "f1-score": 0.4301075268817204,
    "support": 114.0
  },
  "V": {
    "precision": 0.5686274509803921,
    "recall": 0.4393939393939394,
    "f1-score": 0.4957264957264957,
    "support": 66.0
  },
  "X": {
    "precision": 0.45,
    "recall": 0.54,
    "f1-score": 0.49090909090909096,
    "support": 50.0
  },
  "accuracy": 0.5169712793733682,
  "macro avg": {
    "precision": 0.5210457516339869,
    "recall": 0.4992344497607656,
    "f1-score": 0.4986616990592134,
    "support": 383.0
  },
  "weighted avg": {
    "precision": 0.5258296216658987,
    "recall": 0.5169712793733682,
    "f1-score": 0.5083940594882768,
    "support": 383.0
  }
}