{
  "R": {
    "precision": 0.40369393139841686,
    "recall": 1.0,
    "f1-score": 0.575187969924812,
    "support": 153.0
  },
  "C": {
    "precision": 0.0,
    "recall": 0.0,
    "f1-score": 0.0,
    "support": 114.0
  },
  "V": {
    "precision": 0.0,
    "recall": 0.0,
    "f1-score": 0.0,
    "support": 66.0
  },
  "X": {
    "precision": 0.0,
    "recall": 0.0,
    "f1-score": 0.0,
    "support": 50.0
  },
  "accuracy": 0.39947780678851175,
  "macro avg": {
    "precision": 0.10092348284960422,
    "recall": 0.25,
    "f1-score": 0.143796992481203,
    "support": 383.0
  },
  "weighted avg": {
    "precision": 0.1612667663288715,
    "recall": 0.39947780678851175,
    "f1-score": 0.22977482871670038,
    "support": 383.0
  }
}