{
  "R": {
    "precision": 0.44765342960288806,
    "recall": 0.8104575163398693,
    "f1-score": 0.5767441860465116,
    "support": 153.0
  },
  "C": {
    "precision": 0.48,
    "recall": 0.3157894736842105,
    "f1-score": 0.38095238095238093,
    "support": 114.0
  },
  "V": {
    "precision": 0.0,
    "recall": 0.0,
    "f1-score": 0.0,
    "support": 66.0
  },
  "X": {
    "precision": 0.967741935483871,
    "recall": 0.6,
    "f1-score": 0.7407407407407407,
    "support": 50.0
  },
  "accuracy": 0.4960835509138381,
  "macro avg": {
    "precision": 0.47384884127168975,
    "recall": 0.43156174750601994,
    "f1-score": 0.42460932693490827,
    "support": 383.0
  },
  "weighted avg": {
    "precision": 0.44803674021784706,
    "recall": 0.4960835509138381,
    "f1-score": 0.44048947501494706,
    "support": 383.0
  }
}