{
  "R": {
    "precision": 0.4583333333333333,
    "recall": 0.7908496732026143,
    "f1-score": 0.580335731414868,
    "support": 153.0
  },
  "C": {
    "precision": 0.3977272727272727,
    "recall": 0.30701754385964913,
    "f1-score": 0.3465346534653465,
    "support": 114.0
  },
  "V": {
    "precision": 0.0,
    "recall": 0.0,
    "f1-score": 0.0,
    "support": 66.0
  },
  "X": {
    "precision": 1.0,
    "recall": 0.62,
    "f1-score": 0.7654320987654321,
    "support": 50.0
  },
  "accuracy": 0.48825065274151436,
  "macro avg": {
    "precision": 0.4640151515151515,
    "recall": 0.4294668042655658,
    "f1-score": 0.42307562091141165,
    "support": 383.0
  },
  "weighted avg": {
    "precision": 0.43202587230002376,
    "recall": 0.48825065274151436,
    "f1-score": 0.4349031914877178,
    "support": 383.0
  }
}