{
  "R": {
    "precision": 0.519650655021834,
    "recall": 0.7777777777777778,
    "f1-score": 0.6230366492146597,
    "support": 153.0
  },
  "C": {
    "precision": 0.6923076923076923,
    "recall": 0.3157894736842105,
    "f1-score": 0.43373493975903615,
    "support": 114.0
  },
  "V": {
    "precision": 0.4142857142857143,
    "recall": 0.4393939393939394,
    "f1-score": 0.42647058823529416,
    "support": 66.0
  },
  "X": {
    "precision": 0.75,
    "recall": 0.48,
    "f1-score": 0.5853658536585366,
    "support": 50.0
  },
  "accuracy": 0.5430809399477807,
  "macro avg": {
    "precision": 0.5940610154038102,
    "recall": 0.5032402977139819,
    "f1-score": 0.5171520077168816,
    "support": 383.0
  },
  "weighted avg": {
    "precision": 0.5829568780268268,
    "recall": 0.5430809399477807,
    "f1-score": 0.5279001095791888,
    "support": 383.0
  }
}