{
  "R": {
    "precision": 0.7094594594594594,
    "recall": 0.6862745098039216,
    "f1-score": 0.6976744186046512,
    "support": 153.0
  },
  "C": {
    "precision": 0.6086956521739131,
    "recall": 0.6140350877192983,
    "f1-score": 0.611353711790393,
    "support": 114.0
  },
  "V": {
    "precision": 0.6025641025641025,
    "recall": 0.7121212121212122,
    "f1-score": 0.6527777777777778,
    "support": 66.0
  },
  "X": {
    "precision": 0.7380952380952381,
    "recall": 0.62,
    "f1-score": 0.6739130434782609,
    "support": 50.0
  },
  "accuracy": 0.660574412532637,
  "macro avg": {
    "precision": 0.6647036130731783,
    "recall": 0.6581077024111079,
    "f1-score": 0.6589297379127707,
    "support": 383.0
  },
  "weighted avg": {
    "precision": 0.6647848415642716,
    "recall": 0.660574412532637,
    "f1-score": 0.6611422838064304,
    "support": 383.0
  }
}