{
  "R": {
    "precision": 0.3988165680473373,
    "recall": 1.0,
    "f1-score": 0.5702199661590525,
    "support": 337.0
  },
  "C": {
    "precision": 0.0,
    "recall": 0.0,
    "f1-score": 0.0,
    "support": 186.0
  },
  "V": {
    "precision": 0.0,
    "recall": 0.0,
    "f1-score": 0.0,
    "support": 213.0
  },
  "X": {
    "precision": 0.0,
    "recall": 0.0,
    "f1-score": 0.0,
    "support": 109.0
  },
  "accuracy": 0.3988165680473373,
  "macro avg": {
    "precision": 0.09970414201183432,
    "recall": 0.25,
    "f1-score": 0.14255499153976312,
    "support": 845.0
  },
  "weighted avg": {
    "precision": 0.1590546549490564,
    "recall": 0.3988165680473373,
    "f1-score": 0.2274131699356221,
    "support": 845.0
  }
}