{
  "R": {
    "precision": 0.4005235602094241,
    "recall": 1.0,
    "f1-score": 0.5719626168224299,
    "support": 153.0
  },
  "C": {
    "precision": 0.0,
    "recall": 0.0,
    "f1-score": 0.0,
    "support": 114.0
  },
  "V": {
    "precision": 0.0,
    "recall": 0.0,
    "f1-score": 0.0,
    "support": 66.0
  },
  "X": {
    "precision": 0.0,
    "recall": 0.0,
    "f1-score": 0.0,
    "support": 50.0
  },
  "accuracy": 0.39947780678851175,
  "macro avg": {
    "precision": 0.10013089005235602,
    "recall": 0.25,
    "f1-score": 0.14299065420560747,
    "support": 383.0
  },
  "weighted avg": {
    "precision": 0.16000027339958717,
    "recall": 0.39947780678851175,
    "f1-score": 0.22848637173324224,
    "support": 383.0
  }
}