{
  "R": {
    "precision": 0.6505376344086021,
    "recall": 0.7908496732026143,
    "f1-score": 0.7138643067846607,
    "support": 153.0
  },
  "C": {
    "precision": 0.6355140186915887,
    "recall": 0.5964912280701754,
    "f1-score": 0.6153846153846153,
    "support": 114.0
  },
  "V": {
    "precision": 0.7,
    "recall": 0.5303030303030303,
    "f1-score": 0.603448275862069,
    "support": 66.0
  },
  "X": {
    "precision": 0.8,
    "recall": 0.64,
    "f1-score": 0.7111111111111111,
    "support": 50.0
  },
  "accuracy": 0.6684073107049608,
  "macro avg": {
    "precision": 0.6965129132750477,
    "recall": 0.639410982893955,
    "f1-score": 0.660952077285614,
    "support": 383.0
  },
  "weighted avg": {
    "precision": 0.6741014522071991,
    "recall": 0.6684073107049608,
    "f1-score": 0.6651650831706302,
    "support": 383.0
  }
}