{
  "R": {
    "precision": 0.5612244897959183,
    "recall": 0.7189542483660131,
    "f1-score": 0.6303724928366762,
    "support": 153.0
  },
  "C": {
    "precision": 0.6373626373626373,
    "recall": 0.5087719298245614,
    "f1-score": 0.5658536585365854,
    "support": 114.0
  },
  "V": {
    "precision": 0.6274509803921569,
    "recall": 0.48484848484848486,
    "f1-score": 0.5470085470085471,
    "support": 66.0
  },
  "X": {
    "precision": 0.7555555555555555,
    "recall": 0.68,
    "f1-score": 0.7157894736842104,
    "support": 50.0
  },
  "accuracy": 0.6109660574412533,
  "macro avg": {
    "precision": 0.645398415776567,
    "recall": 0.5981436657597649,
    "f1-score": 0.6147560430165048,
    "support": 383.0
  },
  "weighted avg": {
    "precision": 0.6206690080464132,
    "recall": 0.6109660574412533,
    "f1-score": 0.6079539066944043,
    "support": 383.0
  }
}