{
  "R": {
    "precision": 0.5221238938053098,
    "recall": 0.7712418300653595,
    "f1-score": 0.6226912928759895,
    "support": 153.0
  },
  "C": {
    "precision": 0.6612903225806451,
    "recall": 0.35964912280701755,
    "f1-score": 0.46590909090909094,
    "support": 114.0
  },
  "V": {
    "precision": 0.782608695652174,
    "recall": 0.5454545454545454,
    "f1-score": 0.6428571428571429,
    "support": 66.0
  },
  "X": {
    "precision": 0.6938775510204082,
    "recall": 0.68,
    "f1-score": 0.686868686868687,
    "support": 50.0
  },
  "accuracy": 0.597911227154047,
  "macro avg": {
    "precision": 0.6649751157646342,
    "recall": 0.5890863745817306,
    "f1-score": 0.6045815533777276,
    "support": 383.0
  },
  "weighted avg": {
    "precision": 0.6308566683824278,
    "recall": 0.597911227154047,
    "f1-score": 0.5878783549495261,
    "support": 383.0
  }
}