{
  "R": {
    "precision": 0.5262096774193549,
    "recall": 0.7744807121661721,
    "f1-score": 0.6266506602641058,
    "support": 337.0
  },
  "C": {
    "precision": 0.8,
    "recall": 0.08602150537634409,
    "f1-score": 0.15533980582524273,
    "support": 186.0
  },
  "V": {
    "precision": 0.6226415094339622,
    "recall": 0.6197183098591549,
    "f1-score": 0.6211764705882353,
    "support": 213.0
  },
  "X": {
    "precision": 0.6923076923076923,
    "recall": 0.7431192660550459,
    "f1-score": 0.7168141592920354,
    "support": 109.0
  },
  "accuracy": 0.5798816568047337,
  "macro avg": {
    "precision": 0.6602897197902524,
    "recall": 0.5558349483641792,
    "f1-score": 0.5299952739924048,
    "support": 845.0
  },
  "weighted avg": {
    "precision": 0.6322092795991657,
    "recall": 0.5798816568047337,
    "f1-score": 0.5331571692196743,
    "support": 845.0
  }
}