{
  "R": {
    "precision": 0.6568364611260054,
    "recall": 0.7270029673590505,
    "f1-score": 0.6901408450704225,
    "support": 337.0
  },
  "C": {
    "precision": 0.6343283582089553,
    "recall": 0.45698924731182794,
    "f1-score": 0.5312500000000001,
    "support": 186.0
  },
  "V": {
    "precision": 0.7311320754716981,
    "recall": 0.7242990654205608,
    "f1-score": 0.727699530516432,
    "support": 214.0
  },
  "X": {
    "precision": 0.813953488372093,
    "recall": 0.9459459459459459,
    "f1-score": 0.875,
    "support": 111.0
  },
  "accuracy": 0.6957547169811321,
  "macro avg": {
    "precision": 0.709062595794688,
    "recall": 0.7135593065093463,
    "f1-score": 0.7060225938967136,
    "support": 848.0
  },
  "weighted avg": {
    "precision": 0.6912146973898292,
    "recall": 0.6957547169811321,
    "f1-score": 0.6889654060368501,
    "support": 848.0
  }
}