{
  "R": {
    "precision": 0.548728813559322,
    "recall": 0.7685459940652819,
    "f1-score": 0.6402966625463535,
    "support": 337.0
  },
  "C": {
    "precision": 0.5,
    "recall": 0.24731182795698925,
    "f1-score": 0.33093525179856115,
    "support": 186.0
  },
  "V": {
    "precision": 0.725,
    "recall": 0.5471698113207547,
    "f1-score": 0.6236559139784946,
    "support": 212.0
  },
  "X": {
    "precision": 0.7786885245901639,
    "recall": 0.8558558558558559,
    "f1-score": 0.8154506437768241,
    "support": 111.0
  },
  "accuracy": 0.6099290780141844,
  "macro avg": {
    "precision": 0.6381043345373715,
    "recall": 0.6047208722997205,
    "f1-score": 0.6025846180250584,
    "support": 846.0
  },
  "weighted avg": {
    "precision": 0.6123593810862881,
    "recall": 0.6099290780141844,
    "f1-score": 0.5910922072521534,
    "support": 846.0
  }
}