{
  "R": {
    "precision": 0.6426858513189448,
    "recall": 0.7952522255192879,
    "f1-score": 0.7108753315649868,
    "support": 337.0
  },
  "C": {
    "precision": 0.6111111111111112,
    "recall": 0.4731182795698925,
    "f1-score": 0.5333333333333333,
    "support": 186.0
  },
  "V": {
    "precision": 0.8342541436464088,
    "recall": 0.7122641509433962,
    "f1-score": 0.7684478371501272,
    "support": 212.0
  },
  "X": {
    "precision": 0.8942307692307693,
    "recall": 0.8378378378378378,
    "f1-score": 0.8651162790697674,
    "support": 111.0
  },
  "accuracy": 0.7092198581560284,
  "macro avg": {
    "precision": 0.7455704688268086,
    "recall": 0.7046181234676036,
    "f1-score": 0.7194431952795537,
    "support": 846.0
  },
  "weighted avg": {
    "precision": 0.7167533007078075,
    "recall": 0.7092198581560284,
    "f1-score": 0.7065057153545765,
    "support": 846.0
  }
}