{
  "R": {
    "precision": 0.6411764705882353,
    "recall": 0.7124183006535948,
    "f1-score": 0.6749226006191951,
    "support": 153.0
  },
  "C": {
    "precision": 0.5655737704918032,
    "recall": 0.6052631578947368,
    "f1-score": 0.5847457627118644,
    "support": 114.0
  },
  "V": {
    "precision": 0.803921568627451,
    "recall": 0.6212121212121212,
    "f1-score": 0.7008547008547008,
    "support": 66.0
  },
  "X": {
    "precision": 0.825,
    "recall": 0.66,
    "f1-score": 0.7333333333333334,
    "support": 50.0
  },
  "accuracy": 0.6579634464751958,
  "macro avg": {
    "precision": 0.7089179524268725,
    "recall": 0.6497233949401132,
    "f1-score": 0.6734640993797734,
    "support": 383.0
  },
  "weighted avg": {
    "precision": 0.6707160140090793,
    "recall": 0.6579634464751958,
    "f1-score": 0.6601755920808519,
    "support": 383.0
  }
}