{
  "R": {
    "precision": 0.5223214285714286,
    "recall": 0.7647058823529411,
    "f1-score": 0.6206896551724138,
    "support": 153.0
  },
  "C": {
    "precision": 0.6057692307692307,
    "recall": 0.5526315789473685,
    "f1-score": 0.5779816513761468,
    "support": 114.0
  },
  "V": {
    "precision": 1.0,
    "recall": 0.30303030303030304,
    "f1-score": 0.4651162790697675,
    "support": 66.0
  },
  "X": {
    "precision": 1.0,
    "recall": 0.7,
    "f1-score": 0.8235294117647058,
    "support": 50.0
  },
  "accuracy": 0.6135770234986945,
  "macro avg": {
    "precision": 0.7820226648351648,
    "recall": 0.5800919410826532,
    "f1-score": 0.6218292493457585,
    "support": 383.0
  },
  "weighted avg": {
    "precision": 0.6918351720081485,
    "recall": 0.6135770234986945,
    "f1-score": 0.6076490091516972,
    "support": 383.0
  }
}