{
  "R": {
    "precision": 0.4621212121212121,
    "recall": 0.7973856209150327,
    "f1-score": 0.5851318944844124,
    "support": 153.0
  },
  "C": {
    "precision": 0.5714285714285714,
    "recall": 0.3508771929824561,
    "f1-score": 0.43478260869565216,
    "support": 114.0
  },
  "V": {
    "precision": 0.6122448979591837,
    "recall": 0.45454545454545453,
    "f1-score": 0.5217391304347826,
    "support": 66.0
  },
  "X": {
    "precision": 0.0,
    "recall": 0.0,
    "f1-score": 0.0,
    "support": 50.0
  },
  "accuracy": 0.5013054830287206,
  "macro avg": {
    "precision": 0.4114486703772418,
    "recall": 0.40070206711073586,
    "f1-score": 0.38541340840371174,
    "support": 383.0
  },
  "weighted avg": {
    "precision": 0.46019729990263375,
    "recall": 0.5013054830287206,
    "f1-score": 0.4530683547157052,
    "support": 383.0
  }
}