{
  "R": {
    "precision": 0.68,
    "recall": 0.6666666666666666,
    "f1-score": 0.6732673267326733,
    "support": 153.0
  },
  "C": {
    "precision": 0.5859375,
    "recall": 0.6578947368421053,
    "f1-score": 0.6198347107438017,
    "support": 114.0
  },
  "V": {
    "precision": 0.7428571428571429,
    "recall": 0.7878787878787878,
    "f1-score": 0.7647058823529412,
    "support": 66.0
  },
  "X": {
    "precision": 1.0,
    "recall": 0.7,
    "f1-score": 0.8235294117647058,
    "support": 50.0
  },
  "accuracy": 0.6892950391644909,
  "macro avg": {
    "precision": 0.7521986607142858,
    "recall": 0.7031100478468899,
    "f1-score": 0.7203343328985305,
    "support": 383.0
  },
  "weighted avg": {
    "precision": 0.7046095207012308,
    "recall": 0.6892950391644909,
    "f1-score": 0.692736597489352,
    "support": 383.0
  }
}