{
  "R": {
    "precision": 0.5314009661835749,
    "recall": 0.7189542483660131,
    "f1-score": 0.6111111111111112,
    "support": 153.0
  },
  "C": {
    "precision": 0.6607142857142857,
    "recall": 0.32456140350877194,
    "f1-score": 0.43529411764705883,
    "support": 114.0
  },
  "V": {
    "precision": 0.37333333333333335,
    "recall": 0.42424242424242425,
    "f1-score": 0.3971631205673759,
    "support": 66.0
  },
  "X": {
    "precision": 0.6444444444444445,
    "recall": 0.58,
    "f1-score": 0.6105263157894737,
    "support": 50.0
  },
  "accuracy": 0.5326370757180157,
  "macro avg": {
    "precision": 0.5524732574189096,
    "recall": 0.5119395190293023,
    "f1-score": 0.5135236662787549,
    "support": 383.0
  },
  "weighted avg": {
    "precision": 0.5574099180672004,
    "recall": 0.5326370757180157,
    "f1-score": 0.5218344938869065,
    "support": 383.0
  }
}