{
  "R": {
    "precision": 0.5136363636363637,
    "recall": 0.738562091503268,
    "f1-score": 0.6058981233243967,
    "support": 153.0
  },
  "C": {
    "precision": 0.5348837209302325,
    "recall": 0.40350877192982454,
    "f1-score": 0.4599999999999999,
    "support": 114.0
  },
  "V": {
    "precision": 0.5952380952380952,
    "recall": 0.3787878787878788,
    "f1-score": 0.46296296296296297,
    "support": 66.0
  },
  "X": {
    "precision": 0.8571428571428571,
    "recall": 0.6,
    "f1-score": 0.7058823529411764,
    "support": 50.0
  },
  "accuracy": 0.5587467362924282,
  "macro avg": {
    "precision": 0.6252252592368872,
    "recall": 0.5302146855552429,
    "f1-score": 0.558685859807134,
    "support": 383.0
  },
  "weighted avg": {
    "precision": 0.5788667492565726,
    "recall": 0.5587467362924282,
    "f1-score": 0.5508931751207495,
    "support": 383.0
  }
}