{
  "R": {
    "precision": 0.46184738955823296,
    "recall": 0.7516339869281046,
    "f1-score": 0.5721393034825871,
    "support": 153.0
  },
  "C": {
    "precision": 0.45348837209302323,
    "recall": 0.34210526315789475,
    "f1-score": 0.39,
    "support": 114.0
  },
  "V": {
    "precision": 0.0,
    "recall": 0.0,
    "f1-score": 0.0,
    "support": 66.0
  },
  "X": {
    "precision": 0.7291666666666666,
    "recall": 0.7,
    "f1-score": 0.7142857142857142,
    "support": 50.0
  },
  "accuracy": 0.4934725848563969,
  "macro avg": {
    "precision": 0.4111256070794807,
    "recall": 0.4484348125214998,
    "f1-score": 0.41910625444207533,
    "support": 383.0
  },
  "weighted avg": {
    "precision": 0.4146701262515604,
    "recall": 0.4934725848563969,
    "f1-score": 0.4378892928123278,
    "support": 383.0
  }
}