{
  "R": {
    "precision": 0.616504854368932,
    "recall": 0.8300653594771242,
    "f1-score": 0.7075208913649024,
    "support": 153.0
  },
  "C": {
    "precision": 0.6666666666666666,
    "recall": 0.5263157894736842,
    "f1-score": 0.5882352941176471,
    "support": 114.0
  },
  "V": {
    "precision": 0.7407407407407407,
    "recall": 0.6060606060606061,
    "f1-score": 0.6666666666666666,
    "support": 66.0
  },
  "X": {
    "precision": 0.9393939393939394,
    "recall": 0.62,
    "f1-score": 0.7469879518072288,
    "support": 50.0
  },
  "accuracy": 0.6736292428198434,
  "macro avg": {
    "precision": 0.7408265502925697,
    "recall": 0.6456104387528536,
    "f1-score": 0.6773527009891113,
    "support": 383.0
  },
  "weighted avg": {
    "precision": 0.6949969414543928,
    "recall": 0.6736292428198434,
    "f1-score": 0.670127721928468,
    "support": 383.0
  }
}