{
  "R": {
    "precision": 0.39354066985645936,
    "recall": 0.9762611275964391,
    "f1-score": 0.5609548167092925,
    "support": 337.0
  },
  "C": {
    "precision": 0.3333333333333333,
    "recall": 0.021505376344086023,
    "f1-score": 0.04040404040404041,
    "support": 186.0
  },
  "V": {
    "precision": 0.0,
    "recall": 0.0,
    "f1-score": 0.0,
    "support": 214.0
  },
  "X": {
    "precision": 0.0,
    "recall": 0.0,
    "f1-score": 0.0,
    "support": 111.0
  },
  "accuracy": 0.392688679245283,
  "macro avg": {
    "precision": 0.18171850079744817,
    "recall": 0.24944162598513128,
    "f1-score": 0.15033971427833323,
    "support": 848.0
  },
  "weighted avg": {
    "precision": 0.22950849733682407,
    "recall": 0.392688679245283,
    "f1-score": 0.231788826351631,
    "support": 848.0
  }
}