{
  "R": {
    "precision": 0.6292682926829268,
    "recall": 0.8431372549019608,
    "f1-score": 0.7206703910614525,
    "support": 153.0
  },
  "C": {
    "precision": 0.7228915662650602,
    "recall": 0.5263157894736842,
    "f1-score": 0.6091370558375634,
    "support": 114.0
  },
  "V": {
    "precision": 0.6491228070175439,
    "recall": 0.5606060606060606,
    "f1-score": 0.6016260162601625,
    "support": 66.0
  },
  "X": {
    "precision": 0.9210526315789473,
    "recall": 0.7,
    "f1-score": 0.7954545454545453,
    "support": 50.0
  },
  "accuracy": 0.6814621409921671,
  "macro avg": {
    "precision": 0.7305838243861196,
    "recall": 0.6575147762454263,
    "f1-score": 0.6817220021534309,
    "support": 383.0
  },
  "weighted avg": {
    "precision": 0.6986486270934985,
    "recall": 0.6814621409921671,
    "f1-score": 0.676721249461573,
    "support": 383.0
  }
}