{
  "R": {
    "precision": 0.7019498607242339,
    "recall": 0.7477744807121661,
    "f1-score": 0.7241379310344828,
    "support": 337.0
  },
  "C": {
    "precision": 0.6298701298701299,
    "recall": 0.521505376344086,
    "f1-score": 0.5705882352941176,
    "support": 186.0
  },
  "V": {
    "precision": 0.7925531914893617,
    "recall": 0.6962616822429907,
    "f1-score": 0.7412935323383085,
    "support": 214.0
  },
  "X": {
    "precision": 0.7210884353741497,
    "recall": 0.954954954954955,
    "f1-score": 0.8217054263565892,
    "support": 111.0
  },
  "accuracy": 0.7122641509433962,
  "macro avg": {
    "precision": 0.7113654043644687,
    "recall": 0.7301241235635495,
    "f1-score": 0.7144312812558745,
    "support": 848.0
  },
  "weighted avg": {
    "precision": 0.7115096067513738,
    "recall": 0.7122641509433962,
    "f1-score": 0.7075589773222948,
    "support": 848.0
  }
}