{
  "R": {
    "precision": 0.5734265734265734,
    "recall": 0.7299703264094956,
    "f1-score": 0.6422976501305483,
    "support": 337.0
  },
  "C": {
    "precision": 0.4835164835164835,
    "recall": 0.23655913978494625,
    "f1-score": 0.31768953068592054,
    "support": 186.0
  },
  "V": {
    "precision": 0.6865671641791045,
    "recall": 0.647887323943662,
    "f1-score": 0.6666666666666667,
    "support": 213.0
  },
  "X": {
    "precision": 0.7258064516129032,
    "recall": 0.8256880733944955,
    "f1-score": 0.7725321888412017,
    "support": 109.0
  },
  "accuracy": 0.6130177514792899,
  "macro avg": {
    "precision": 0.6173291681837662,
    "recall": 0.6100262158831498,
    "f1-score": 0.5997965090810843,
    "support": 845.0
  },
  "weighted avg": {
    "precision": 0.6018112785500318,
    "recall": 0.6130177514792899,
    "f1-score": 0.593787656077239,
    "support": 845.0
  }
}