{
  "R": {
    "precision": 0.5590909090909091,
    "recall": 0.803921568627451,
    "f1-score": 0.6595174262734584,
    "support": 153.0
  },
  "C": {
    "precision": 0.6666666666666666,
    "recall": 0.42105263157894735,
    "f1-score": 0.5161290322580646,
    "support": 114.0
  },
  "V": {
    "precision": 0.6530612244897959,
    "recall": 0.48484848484848486,
    "f1-score": 0.5565217391304348,
    "support": 66.0
  },
  "X": {
    "precision": 0.8095238095238095,
    "recall": 0.68,
    "f1-score": 0.7391304347826089,
    "support": 50.0
  },
  "accuracy": 0.618798955613577,
  "macro avg": {
    "precision": 0.6720856524427952,
    "recall": 0.5974556712637208,
    "f1-score": 0.6178246581111416,
    "support": 383.0
  },
  "weighted avg": {
    "precision": 0.6399977555703033,
    "recall": 0.618798955613577,
    "f1-score": 0.6094825911723176,
    "support": 383.0
  }
}