{
  "R": {
    "precision": 0.6666666666666666,
    "recall": 0.7359050445103857,
    "f1-score": 0.6995768688293371,
    "support": 337.0
  },
  "C": {
    "precision": 0.6139240506329114,
    "recall": 0.521505376344086,
    "f1-score": 0.5639534883720929,
    "support": 186.0
  },
  "V": {
    "precision": 0.8100558659217877,
    "recall": 0.6839622641509434,
    "f1-score": 0.7416879795396419,
    "support": 212.0
  },
  "X": {
    "precision": 0.7737226277372263,
    "recall": 0.954954954954955,
    "f1-score": 0.8548387096774194,
    "support": 111.0
  },
  "accuracy": 0.7044917257683215,
  "macro avg": {
    "precision": 0.7160923027396481,
    "recall": 0.7240819099900926,
    "f1-score": 0.7150142616046229,
    "support": 846.0
  },
  "weighted avg": {
    "precision": 0.7050491670669495,
    "recall": 0.7044917257683215,
    "f1-score": 0.7006828629660681,
    "support": 846.0
  }
}